2026-10-06 01:33:37+0000 | INFO     | bot | BOT_START | pairs=TRX/USD,AVAX/USD,DOT/USD,BNB/USD,SUI/USD,BTC/USD | timeframe=1h | EMA=35/60 | TP=8.00% | SL=2.00% | allocation=10.00% | dry_run=False
2026-10-06 01:33:37+0000 | INFO     | roostoo.api | API_REQUEST_START | method=GET | label=server_time | path=/v3/serverTime
2026-10-06 01:33:37+0000 | INFO     | roostoo.api | API_REQUEST_OK | method=GET | label=server_time | elapsed_ms=221
2026-10-06 01:33:37+0000 | INFO     | roostoo.api | SERVER_TIME_SYNC | offset_ms=136
2026-10-06 01:33:37+0000 | INFO     | roostoo.api | API_REQUEST_START | method=GET | label=exchange_info | path=/v3/exchangeInfo
2026-10-06 01:33:37+0000 | INFO     | roostoo.api | API_REQUEST_OK | method=GET | label=exchange_info | elapsed_ms=188
2026-10-06 01:33:37+0000 | INFO     | bot | PAIR_RULES | pair=TRX/USD | MiniOrder=1 | AmountPrecision=1 | PricePrecision=4
2026-10-06 01:33:37+0000 | INFO     | bot | PAIR_RULES | pair=AVAX/USD | MiniOrder=1 | AmountPrecision=2 | PricePrecision=3
2026-10-06 01:33:37+0000 | INFO     | bot | PAIR_RULES | pair=DOT/USD | MiniOrder=1 | AmountPrecision=2 | PricePrecision=3
2026-10-06 01:33:37+0000 | INFO     | bot | PAIR_RULES | pair=BNB/USD | MiniOrder=1 | AmountPrecision=3 | PricePrecision=2
2026-10-06 01:33:37+0000 | INFO     | bot | PAIR_RULES | pair=SUI/USD | MiniOrder=1 | AmountPrecision=1 | PricePrecision=4
2026-10-06 01:33:37+0000 | INFO     | bot | PAIR_RULES | pair=BTC/USD | MiniOrder=1 | AmountPrecision=5 | PricePrecision=2
2026-10-06 01:33:37+0000 | INFO     | roostoo.api | API_REQUEST_START | method=GET | label=pending_count | path=/v3/pending_count
2026-10-06 01:33:37+0000 | INFO     | roostoo.api | API_REQUEST_START | method=GET | label=balance | path=/v3/balance
2026-10-06 01:33:37+0000 | INFO     | roostoo.api | API_REQUEST_OK | method=GET | label=balance | elapsed_ms=178
2026-10-06 01:33:37+0000 | INFO     | binance.warmup | BINANCE_WARMUP_START | symbol=TRXUSDT | interval=1h | start=29 Sep, 2026 01:33:37 UTC
2026-10-06 01:33:38+0000 | INFO     | binance.warmup | BINANCE_WARMUP_OK | symbol=TRXUSDT | completed_candles=167 | first=1790647200000 | last=1791244800000
2026-10-06 01:33:38+0000 | INFO     | bot | EMA_WARMED | pair=TRX/USD | source=Binance-history-plus-Roostoo-replay | binance_candles=167 | roostoo_replay=0 | fast=0.33612264 | slow=0.33595874
2026-10-06 01:33:38+0000 | INFO     | binance.warmup | BINANCE_WARMUP_START | symbol=AVAXUSDT | interval=1h | start=29 Sep, 2026 01:33:38 UTC
2026-10-06 01:33:38+0000 | INFO     | binance.warmup | BINANCE_WARMUP_OK | symbol=AVAXUSDT | completed_candles=167 | first=1790647200000 | last=1791244800000
2026-10-06 01:33:38+0000 | INFO     | bot | EMA_WARMED | pair=AVAX/USD | source=Binance-history-plus-Roostoo-replay | binance_candles=167 | roostoo_replay=0 | fast=11.00126070 | slow=11.00375813
2026-10-06 01:33:38+0000 | INFO     | binance.warmup | BINANCE_WARMUP_START | symbol=DOTUSDT | interval=1h | start=29 Sep, 2026 01:33:38 UTC
2026-10-06 01:33:38+0000 | INFO     | binance.warmup | BINANCE_WARMUP_OK | symbol=DOTUSDT | completed_candles=167 | first=1790647200000 | last=1791244800000
2026-10-06 01:33:38+0000 | INFO     | bot | EMA_WARMED | pair=DOT/USD | source=Binance-history-plus-Roostoo-replay | binance_candles=167 | roostoo_replay=0 | fast=1.21084162 | slow=1.20534356
2026-10-06 01:33:39+0000 | INFO     | binance.warmup | BINANCE_WARMUP_START | symbol=BNBUSDT | interval=1h | start=29 Sep, 2026 01:33:39 UTC
2026-10-06 01:33:39+0000 | INFO     | binance.warmup | BINANCE_WARMUP_OK | symbol=BNBUSDT | completed_candles=167 | first=1790647200000 | last=1791244800000
2026-10-06 01:33:39+0000 | INFO     | bot | EMA_WARMED | pair=BNB/USD | source=Binance-history-plus-Roostoo-replay | binance_candles=167 | roostoo_replay=0 | fast=788.36527340 | slow=786.39675282
2026-10-06 01:33:39+0000 | INFO     | binance.warmup | BINANCE_WARMUP_START | symbol=SUIUSDT | interval=1h | start=29 Sep, 2026 01:33:39 UTC
2026-10-06 01:33:39+0000 | INFO     | binance.warmup | BINANCE_WARMUP_OK | symbol=SUIUSDT | completed_candles=167 | first=1790647200000 | last=1791244800000
2026-10-06 01:33:39+0000 | INFO     | bot | EMA_WARMED | pair=SUI/USD | source=Binance-history-plus-Roostoo-replay | binance_candles=167 | roostoo_replay=0 | fast=1.20982045 | slow=1.20281084
2026-10-06 01:33:39+0000 | INFO     | binance.warmup | BINANCE_WARMUP_START | symbol=BTCUSDT | interval=1h | start=29 Sep, 2026 01:33:39 UTC
2026-10-06 01:33:40+0000 | INFO     | binance.warmup | BINANCE_WARMUP_OK | symbol=BTCUSDT | completed_candles=167 | first=1790647200000 | last=1791244800000
2026-10-06 01:33:40+0000 | INFO     | bot | EMA_WARMED | pair=BTC/USD | source=Binance-history-plus-Roostoo-replay | binance_candles=167 | roostoo_replay=0 | fast=85740.06854414 | slow=85555.21403681
2026-10-06 01:33:40+0000 | INFO     | bot | BOT_READY | all startup checks passed
2026-10-06 01:33:40+0000 | INFO     | roostoo.api | API_REQUEST_START | method=GET | label=ticker:TRX/USD | path=/v3/ticker
2026-10-06 01:33:40+0000 | INFO     | roostoo.api | API_REQUEST_OK | method=GET | label=ticker:TRX/USD | elapsed_ms=173
2026-10-06 01:33:40+0000 | INFO     | bot | WARMUP_LIVE_DATA | pair=TRX/USD | completed_candles=0
2026-10-06 01:33:40+0000 | INFO     | roostoo.api | API_REQUEST_START | method=GET | label=ticker:AVAX/USD | path=/v3/ticker
2026-10-06 01:33:40+0000 | INFO     | roostoo.api | API_REQUEST_OK | method=GET | label=ticker:AVAX/USD | elapsed_ms=287
2026-10-06 01:33:40+0000 | INFO     | bot | WARMUP_LIVE_DATA | pair=AVAX/USD | completed_candles=0
2026-10-06 01:33:40+0000 | INFO     | roostoo.api | API_REQUEST_START | method=GET | label=ticker:DOT/USD | path=/v3/ticker
2026-10-06 01:33:40+0000 | INFO     | roostoo.api | API_REQUEST_OK | method=GET | label=ticker:DOT/USD | elapsed_ms=172
2026-10-06 01:33:40+0000 | INFO     | bot | WARMUP_LIVE_DATA | pair=DOT/USD | completed_candles=0
2026-10-06 01:33:40+0000 | INFO     | roostoo.api | API_REQUEST_START | method=GET | label=ticker:BNB/USD | path=/v3/ticker
2026-10-06 01:33:40+0000 | INFO     | roostoo.api | API_REQUEST_OK | method=GET | label=ticker:BNB/USD | elapsed_ms=172
2026-10-06 01:33:40+0000 | INFO     | bot | WARMUP_LIVE_DATA | pair=BNB/USD | completed_candles=0
2026-10-06 01:33:40+0000 | INFO     | roostoo.api | API_REQUEST_START | method=GET | label=ticker:SUI/USD | path=/v3/ticker
2026-10-06 01:33:41+0000 | INFO     | roostoo.api | API_REQUEST_OK | method=GET | label=ticker:SUI/USD | elapsed_ms=172
2026-10-06 01:33:41+0000 | INFO     | bot | WARMUP_LIVE_DATA | pair=SUI/USD | completed_candles=0
2026-10-06 01:33:41+0000 | INFO     | roostoo.api | API_REQUEST_START | method=GET | label=ticker:BTC/USD | path=/v3/ticker
2026-10-06 01:33:41+0000 | INFO     | roostoo.api | API_REQUEST_OK | method=GET | label=ticker:BTC/USD | elapsed_ms=504
2026-10-06 01:33:41+0000 | INFO     | bot | WARMUP_LIVE_DATA | pair=BTC/USD | completed_candles=0
2026-10-06 01:33:41+0000 | INFO     | bot | LOOP_COMPLETE | elapsed_ms=1519
2026-10-06 01:34:40+0000 | INFO     | roostoo.api | API_REQUEST_START | method=GET | label=ticker:TRX/USD | path=/v3/ticker
2026-10-06 01:34:40+0000 | INFO     | roostoo.api | API_REQUEST_OK | method=GET | label=ticker:TRX/USD | elapsed_ms=176
2026-10-06 01:34:40+0000 | INFO     | bot | WARMUP_LIVE_DATA | pair=TRX/USD | completed_candles=0
2026-10-06 01:34:40+0000 | INFO     | roostoo.api | API_REQUEST_START | method=GET | label=ticker:AVAX/USD | path=/v3/ticker
2026-10-06 01:34:40+0000 | INFO     | roostoo.api | API_REQUEST_OK | method=GET | label=ticker:AVAX/USD | elapsed_ms=258
2026-10-06 01:34:40+0000 | INFO     | bot | WARMUP_LIVE_DATA | pair=AVAX/USD | completed_candles=0
2026-10-06 01:34:40+0000 | INFO     | roostoo.api | API_REQUEST_START | method=GET | label=ticker:DOT/USD | path=/v3/ticker
2026-10-06 01:34:40+0000 | INFO     | roostoo.api | API_REQUEST_OK | method=GET | label=ticker:DOT/USD | elapsed_ms=188
2026-10-06 01:34:40+0000 | INFO     | bot | WARMUP_LIVE_DATA | pair=DOT/USD | completed_candles=0
2026-10-06 01:34:40+0000 | INFO     | roostoo.api | API_REQUEST_START | method=GET | label=ticker:BNB/USD | path=/v3/ticker
2026-10-06 01:34:40+0000 | INFO     | roostoo.api | API_REQUEST_OK | method=GET | label=ticker:BNB/USD | elapsed_ms=185
2026-10-06 01:34:40+0000 | INFO     | bot | WARMUP_LIVE_DATA | pair=BNB/USD | completed_candles=0
2026-10-06 01:34:40+0000 | INFO     | roostoo.api | API_REQUEST_START | method=GET | label=ticker:SUI/USD | path=/v3/ticker
2026-10-06 01:34:41+0000 | INFO     | roostoo.api | API_REQUEST_OK | method=GET | label=ticker:SUI/USD | elapsed_ms=502
2026-10-06 01:34:41+0000 | INFO     | bot | WARMUP_LIVE_DATA | pair=SUI/USD | completed_candles=0
2026-10-06 01:34:41+0000 | INFO     | roostoo.api | API_REQUEST_START | method=GET | label=ticker:BTC/USD | path=/v3/ticker
2026-10-06 01:34:41+0000 | INFO     | roostoo.api | API_REQUEST_OK | method=GET | label=ticker:BTC/USD | elapsed_ms=503
2026-10-06 01:34:41+0000 | INFO     | bot | WARMUP_LIVE_DATA | pair=BTC/USD | completed_candles=0
2026-10-06 01:34:41+0000 | INFO     | bot | LOOP_COMPLETE | elapsed_ms=1856
2026-10-06 01:35:40+0000 | INFO     | roostoo.api | API_REQUEST_START | method=GET | label=ticker:TRX/USD | path=/v3/ticker
2026-10-06 01:35:40+0000 | INFO     | roostoo.api | API_REQUEST_OK | method=GET | label=ticker:TRX/USD | elapsed_ms=175
2026-10-06 01:35:40+0000 | INFO     | bot | WARMUP_LIVE_DATA | pair=TRX/USD | completed_candles=0
2026-10-06 01:35:40+0000 | INFO     | roostoo.api | API_REQUEST_START | method=GET | label=ticker:AVAX/USD | path=/v3/ticker
2026-10-06 01:35:40+0000 | INFO     | roostoo.api | API_REQUEST_OK | method=GET | label=ticker:AVAX/USD | elapsed_ms=174
2026-10-06 01:35:40+0000 | INFO     | bot | WARMUP_LIVE_DATA | pair=AVAX/USD | completed_candles=0
2026-10-06 01:35:40+0000 | INFO     | roostoo.api | API_REQUEST_START | method=GET | label=ticker:DOT/USD | path=/v3/ticker
2026-10-06 01:35:40+0000 | INFO     | roostoo.api | API_REQUEST_OK | method=GET | label=ticker:DOT/USD | elapsed_ms=189
2026-10-06 01:35:40+0000 | INFO     | bot | WARMUP_LIVE_DATA | pair=DOT/USD | completed_candles=0
2026-10-06 01:35:40+0000 | INFO     | roostoo.api | API_REQUEST_START | method=GET | label=ticker:BNB/USD | path=/v3/ticker
2026-10-06 01:35:40+0000 | INFO     | roostoo.api | API_REQUEST_OK | method=GET | label=ticker:BNB/USD | elapsed_ms=185
2026-10-06 01:35:40+0000 | INFO     | bot | WARMUP_LIVE_DATA | pair=BNB/USD | completed_candles=0
2026-10-06 01:35:40+0000 | INFO     | roostoo.api | API_REQUEST_START | method=GET | label=ticker:SUI/USD | path=/v3/ticker
2026-10-06 01:35:41+0000 | INFO     | roostoo.api | API_REQUEST_OK | method=GET | label=ticker:SUI/USD | elapsed_ms=186
2026-10-06 01:35:41+0000 | INFO     | bot | WARMUP_LIVE_DATA | pair=SUI/USD | completed_candles=0
2026-10-06 01:35:41+0000 | INFO     | roostoo.api | API_REQUEST_START | method=GET | label=ticker:BTC/USD | path=/v3/ticker
2026-10-06 01:35:41+0000 | INFO     | roostoo.api | API_REQUEST_OK | method=GET | label=ticker:BTC/USD | elapsed_ms=502
2026-10-06 01:35:41+0000 | INFO     | bot | WARMUP_LIVE_DATA | pair=BTC/USD | completed_candles=0
2026-10-06 01:35:41+0000 | INFO     | bot | LOOP_COMPLETE | elapsed_ms=1464
2026-10-06 01:36:40+0000 | INFO     | roostoo.api | API_REQUEST_START | method=GET | label=ticker:TRX/USD | path=/v3/ticker
2026-10-06 01:36:40+0000 | INFO     | roostoo.api | API_REQUEST_OK | method=GET | label=ticker:TRX/USD | elapsed_ms=335
2026-10-06 01:36:40+0000 | INFO     | bot | WARMUP_LIVE_DATA | pair=TRX/USD | completed_candles=0
2026-10-06 01:36:40+0000 | INFO     | roostoo.api | API_REQUEST_START | method=GET | label=ticker:AVAX/USD | path=/v3/ticker
2026-10-06 01:36:40+0000 | INFO     | roostoo.api | API_REQUEST_OK | method=GET | label=ticker:AVAX/USD | elapsed_ms=184
2026-10-06 01:36:40+0000 | INFO     | bot | WARMUP_LIVE_DATA | pair=AVAX/USD | completed_candles=0
2026-10-06 01:36:40+0000 | INFO     | roostoo.api | API_REQUEST_START | method=GET | label=ticker:DOT/USD | path=/v3/ticker
2026-10-06 01:36:40+0000 | INFO     | roostoo.api | API_REQUEST_OK | method=GET | label=ticker:DOT/USD | elapsed_ms=172
2026-10-06 01:36:40+0000 | INFO     | bot | WARMUP_LIVE_DATA | pair=DOT/USD | completed_candles=0
2026-10-06 01:36:40+0000 | INFO     | roostoo.api | API_REQUEST_START | method=GET | label=ticker:BNB/USD | path=/v3/ticker
2026-10-06 01:36:40+0000 | INFO     | roostoo.api | API_REQUEST_OK | method=GET | label=ticker:BNB/USD | elapsed_ms=185
2026-10-06 01:36:40+0000 | INFO     | bot | WARMUP_LIVE_DATA | pair=BNB/USD | completed_candles=0
2026-10-06 01:36:40+0000 | INFO     | roostoo.api | API_REQUEST_START | method=GET | label=ticker:SUI/USD | path=/v3/ticker
2026-10-06 01:36:41+0000 | INFO     | roostoo.api | API_REQUEST_OK | method=GET | label=ticker:SUI/USD | elapsed_ms=171
2026-10-06 01:36:41+0000 | INFO     | bot | WARMUP_LIVE_DATA | pair=SUI/USD | completed_candles=0
2026-10-06 01:36:41+0000 | INFO     | roostoo.api | API_REQUEST_START | method=GET | label=ticker:BTC/USD | path=/v3/ticker
2026-10-06 01:36:41+0000 | INFO     | roostoo.api | API_REQUEST_OK | method=GET | label=ticker:BTC/USD | elapsed_ms=542
2026-10-06 01:36:41+0000 | INFO     | bot | WARMUP_LIVE_DATA | pair=BTC/USD | completed_candles=0
2026-10-06 01:36:41+0000 | INFO     | bot | LOOP_COMPLETE | elapsed_ms=1628
2026-10-06 01:37:40+0000 | INFO     | roostoo.api | API_REQUEST_START | method=GET | label=ticker:TRX/USD | path=/v3/ticker
2026-10-06 01:37:40+0000 | INFO     | roostoo.api | API_REQUEST_OK | method=GET | label=ticker:TRX/USD | elapsed_ms=187
2026-10-06 01:37:40+0000 | INFO     | bot | WARMUP_LIVE_DATA | pair=TRX/USD | completed_candles=0
2026-10-06 01:37:40+0000 | INFO     | roostoo.api | API_REQUEST_START | method=GET | label=ticker:AVAX/USD | path=/v3/ticker
2026-10-06 01:37:40+0000 | INFO     | roostoo.api | API_REQUEST_OK | method=GET | label=ticker:AVAX/USD | elapsed_ms=192
2026-10-06 01:37:40+0000 | INFO     | bot | WARMUP_LIVE_DATA | pair=AVAX/USD | completed_candles=0
2026-10-06 01:37:40+0000 | INFO     | roostoo.api | API_REQUEST_START | method=GET | label=ticker:DOT/USD | path=/v3/ticker
2026-10-06 01:37:40+0000 | INFO     | roostoo.api | API_REQUEST_OK | method=GET | label=ticker:DOT/USD | elapsed_ms=185
2026-10-06 01:37:40+0000 | INFO     | bot | WARMUP_LIVE_DATA | pair=DOT/USD | completed_candles=0
2026-10-06 01:37:40+0000 | INFO     | roostoo.api | API_REQUEST_START | method=GET | label=ticker:BNB/USD | path=/v3/ticker
2026-10-06 01:37:40+0000 | INFO     | roostoo.api | API_REQUEST_OK | method=GET | label=ticker:BNB/USD | elapsed_ms=173
2026-10-06 01:37:40+0000 | INFO     | bot | WARMUP_LIVE_DATA | pair=BNB/USD | completed_candles=0
2026-10-06 01:37:40+0000 | INFO     | roostoo.api | API_REQUEST_START | method=GET | label=ticker:SUI/USD | path=/v3/ticker
2026-10-06 01:37:41+0000 | INFO     | roostoo.api | API_REQUEST_OK | method=GET | label=ticker:SUI/USD | elapsed_ms=186
2026-10-06 01:37:41+0000 | INFO     | bot | WARMUP_LIVE_DATA | pair=SUI/USD | completed_candles=0
2026-10-06 01:37:41+0000 | INFO     | roostoo.api | API_REQUEST_START | method=GET | label=ticker:BTC/USD | path=/v3/ticker
2026-10-06 01:37:41+0000 | INFO     | roostoo.api | API_REQUEST_OK | method=GET | label=ticker:BTC/USD | elapsed_ms=509
2026-10-06 01:37:41+0000 | INFO     | bot | WARMUP_LIVE_DATA | pair=BTC/USD | completed_candles=0
2026-10-06 01:37:41+0000 | INFO     | bot | LOOP_COMPLETE | elapsed_ms=1470
2026-10-06 01:38:40+0000 | INFO     | roostoo.api | API_REQUEST_START | method=GET | label=server_time | path=/v3/serverTime
2026-10-06 01:38:40+0000 | INFO     | roostoo.api | API_REQUEST_OK | method=GET | label=server_time | elapsed_ms=488
2026-10-06 01:38:40+0000 | INFO     | roostoo.api | SERVER_TIME_SYNC | offset_ms=403
2026-10-06 01:38:40+0000 | INFO     | roostoo.api | API_REQUEST_START | method=GET | label=ticker:TRX/USD | path=/v3/ticker
2026-10-06 01:38:40+0000 | INFO     | roostoo.api | API_REQUEST_OK | method=GET | label=ticker:TRX/USD | elapsed_ms=184
2026-10-06 01:38:40+0000 | INFO     | bot | WARMUP_LIVE_DATA | pair=TRX/USD | completed_candles=0
2026-10-06 01:38:40+0000 | INFO     | roostoo.api | API_REQUEST_START | method=GET | label=ticker:AVAX/USD | path=/v3/ticker
2026-10-06 01:38:40+0000 | INFO     | roostoo.api | API_REQUEST_OK | method=GET | label=ticker:AVAX/USD | elapsed_ms=181
2026-10-06 01:38:40+0000 | INFO     | bot | WARMUP_LIVE_DATA | pair=AVAX/USD | completed_candles=0
2026-10-06 01:38:40+0000 | INFO     | roostoo.api | API_REQUEST_START | method=GET | label=ticker:DOT/USD | path=/v3/ticker
2026-10-06 01:38:41+0000 | INFO     | roostoo.api | API_REQUEST_OK | method=GET | label=ticker:DOT/USD | elapsed_ms=197
2026-10-06 01:38:41+0000 | INFO     | bot | WARMUP_LIVE_DATA | pair=DOT/USD | completed_candles=0
2026-10-06 01:38:41+0000 | INFO     | roostoo.api | API_REQUEST_START | method=GET | label=ticker:BNB/USD | path=/v3/ticker
2026-10-06 01:38:41+0000 | INFO     | roostoo.api | API_REQUEST_OK | method=GET | label=ticker:BNB/USD | elapsed_ms=170
2026-10-06 01:38:41+0000 | INFO     | bot | WARMUP_LIVE_DATA | pair=BNB/USD | completed_candles=0
2026-10-06 01:38:41+0000 | INFO     | roostoo.api | API_REQUEST_START | method=GET | label=ticker:SUI/USD | path=/v3/ticker
2026-10-06 01:38:41+0000 | INFO     | roostoo.api | API_REQUEST_OK | method=GET | label=ticker:SUI/USD | elapsed_ms=185
2026-10-06 01:38:41+0000 | INFO     | bot | WARMUP_LIVE_DATA | pair=SUI/USD | completed_candles=0
2026-10-06 01:38:41+0000 | INFO     | roostoo.api | API_REQUEST_START | method=GET | label=ticker:BTC/USD | path=/v3/ticker
2026-10-06 01:38:42+0000 | INFO     | roostoo.api | API_REQUEST_OK | method=GET | label=ticker:BTC/USD | elapsed_ms=502
2026-10-06 01:38:42+0000 | INFO     | bot | WARMUP_LIVE_DATA | pair=BTC/USD | completed_candles=0
2026-10-06 01:38:42+0000 | INFO     | bot | LOOP_COMPLETE | elapsed_ms=1949
2026-10-06 01:39:40+0000 | INFO     | roostoo.api | API_REQUEST_START | method=GET | label=ticker:TRX/USD | path=/v3/ticker
2026-10-06 01:39:40+0000 | INFO     | roostoo.api | API_REQUEST_OK | method=GET | label=ticker:TRX/USD | elapsed_ms=173
2026-10-06 01:39:40+0000 | INFO     | bot | WARMUP_LIVE_DATA | pair=TRX/USD | completed_candles=0
2026-10-06 01:39:40+0000 | INFO     | roostoo.api | API_REQUEST_START | method=GET | label=ticker:AVAX/USD | path=/v3/ticker
2026-10-06 01:39:40+0000 | INFO     | roostoo.api | API_REQUEST_OK | method=GET | label=ticker:AVAX/USD | elapsed_ms=174
2026-10-06 01:39:40+0000 | INFO     | bot | WARMUP_LIVE_DATA | pair=AVAX/USD | completed_candles=0
2026-10-06 01:39:40+0000 | INFO     | roostoo.api | API_REQUEST_START | method=GET | label=ticker:DOT/USD | path=/v3/ticker
2026-10-06 01:39:40+0000 | INFO     | roostoo.api | API_REQUEST_OK | method=GET | label=ticker:DOT/USD | elapsed_ms=171
2026-10-06 01:39:40+0000 | INFO     | bot | WARMUP_LIVE_DATA | pair=DOT/USD | completed_candles=0
2026-10-06 01:39:40+0000 | INFO     | roostoo.api | API_REQUEST_START | method=GET | label=ticker:BNB/USD | path=/v3/ticker
2026-10-06 01:39:40+0000 | INFO     | roostoo.api | API_REQUEST_OK | method=GET | label=ticker:BNB/USD | elapsed_ms=172
2026-10-06 01:39:40+0000 | INFO     | bot | WARMUP_LIVE_DATA | pair=BNB/USD | completed_candles=0
2026-10-06 01:39:40+0000 | INFO     | roostoo.api | API_REQUEST_START | method=GET | label=ticker:SUI/USD | path=/v3/ticker
2026-10-06 01:39:41+0000 | INFO     | roostoo.api | API_REQUEST_OK | method=GET | label=ticker:SUI/USD | elapsed_ms=170
2026-10-06 01:39:41+0000 | INFO     | bot | WARMUP_LIVE_DATA | pair=SUI/USD | completed_candles=0
2026-10-06 01:39:41+0000 | INFO     | roostoo.api | API_REQUEST_START | method=GET | label=ticker:BTC/USD | path=/v3/ticker
2026-10-06 01:39:41+0000 | INFO     | roostoo.api | API_REQUEST_OK | method=GET | label=ticker:BTC/USD | elapsed_ms=185
2026-10-06 01:39:41+0000 | INFO     | bot | WARMUP_LIVE_DATA | pair=BTC/USD | completed_candles=0
2026-10-06 01:39:41+0000 | INFO     | bot | LOOP_COMPLETE | elapsed_ms=1084
2026-10-06 01:40:40+0000 | INFO     | roostoo.api | API_REQUEST_START | method=GET | label=ticker:TRX/USD | path=/v3/ticker
2026-10-06 01:40:40+0000 | INFO     | roostoo.api | API_REQUEST_OK | method=GET | label=ticker:TRX/USD | elapsed_ms=275
2026-10-06 01:40:40+0000 | INFO     | bot | WARMUP_LIVE_DATA | pair=TRX/USD | completed_candles=0
2026-10-06 01:40:40+0000 | INFO     | roostoo.api | API_REQUEST_START | method=GET | label=ticker:AVAX/USD | path=/v3/ticker
2026-10-06 01:40:40+0000 | INFO     | roostoo.api | API_REQUEST_OK | method=GET | label=ticker:AVAX/USD | elapsed_ms=201
2026-10-06 01:40:40+0000 | INFO     | bot | WARMUP_LIVE_DATA | pair=AVAX/USD | completed_candles=0
2026-10-06 01:40:40+0000 | INFO     | roostoo.api | API_REQUEST_START | method=GET | label=ticker:DOT/USD | path=/v3/ticker
2026-10-06 01:40:40+0000 | INFO     | roostoo.api | API_REQUEST_OK | method=GET | label=ticker:DOT/USD | elapsed_ms=186
2026-10-06 01:40:40+0000 | INFO     | bot | WARMUP_LIVE_DATA | pair=DOT/USD | completed_candles=0
2026-10-06 01:40:40+0000 | INFO     | roostoo.api | API_REQUEST_START | method=GET | label=ticker:BNB/USD | path=/v3/ticker
2026-10-06 01:40:40+0000 | INFO     | roostoo.api | API_REQUEST_OK | method=GET | label=ticker:BNB/USD | elapsed_ms=173
2026-10-06 01:40:40+0000 | INFO     | bot | WARMUP_LIVE_DATA | pair=BNB/USD | completed_candles=0
2026-10-06 01:40:40+0000 | INFO     | roostoo.api | API_REQUEST_START | method=GET | label=ticker:SUI/USD | path=/v3/ticker
2026-10-06 01:40:41+0000 | INFO     | roostoo.api | API_REQUEST_OK | method=GET | label=ticker:SUI/USD | elapsed_ms=186
2026-10-06 01:40:41+0000 | INFO     | bot | WARMUP_LIVE_DATA | pair=SUI/USD | completed_candles=0
2026-10-06 01:40:41+0000 | INFO     | roostoo.api | API_REQUEST_START | method=GET | label=ticker:BTC/USD | path=/v3/ticker
2026-10-06 01:40:41+0000 | INFO     | roostoo.api | API_REQUEST_OK | method=GET | label=ticker:BTC/USD | elapsed_ms=186
2026-10-06 01:40:41+0000 | INFO     | bot | WARMUP_LIVE_DATA | pair=BTC/USD | completed_candles=0
2026-10-06 01:40:41+0000 | INFO     | bot | LOOP_COMPLETE | elapsed_ms=1244
2026-10-06 01:41:40+0000 | INFO     | roostoo.api | API_REQUEST_START | method=GET | label=ticker:TRX/USD | path=/v3/ticker
2026-10-06 01:41:40+0000 | INFO     | roostoo.api | API_REQUEST_OK | method=GET | label=ticker:TRX/USD | elapsed_ms=185
2026-10-06 01:41:40+0000 | INFO     | bot | WARMUP_LIVE_DATA | pair=TRX/USD | completed_candles=0
2026-10-06 01:41:40+0000 | INFO     | roostoo.api | API_REQUEST_START | method=GET | label=ticker:AVAX/USD | path=/v3/ticker
2026-10-06 01:41:40+0000 | INFO     | roostoo.api | API_REQUEST_OK | method=GET | label=ticker:AVAX/USD | elapsed_ms=187
2026-10-06 01:41:40+0000 | INFO     | bot | WARMUP_LIVE_DATA | pair=AVAX/USD | completed_candles=0
2026-10-06 01:41:40+0000 | INFO     | roostoo.api | API_REQUEST_START | method=GET | label=ticker:DOT/USD | path=/v3/ticker
2026-10-06 01:41:40+0000 | INFO     | roostoo.api | API_REQUEST_OK | method=GET | label=ticker:DOT/USD | elapsed_ms=189
2026-10-06 01:41:40+0000 | INFO     | bot | WARMUP_LIVE_DATA | pair=DOT/USD | completed_candles=0
2026-10-06 01:41:40+0000 | INFO     | roostoo.api | API_REQUEST_START | method=GET | label=ticker:BNB/USD | path=/v3/ticker
2026-10-06 01:41:40+0000 | INFO     | roostoo.api | API_REQUEST_OK | method=GET | label=ticker:BNB/USD | elapsed_ms=188
2026-10-06 01:41:40+0000 | INFO     | bot | WARMUP_LIVE_DATA | pair=BNB/USD | completed_candles=0
2026-10-06 01:41:40+0000 | INFO     | roostoo.api | API_REQUEST_START | method=GET | label=ticker:SUI/USD | path=/v3/ticker
2026-10-06 01:41:41+0000 | INFO     | roostoo.api | API_REQUEST_OK | method=GET | label=ticker:SUI/USD | elapsed_ms=185
2026-10-06 01:41:41+0000 | INFO     | bot | WARMUP_LIVE_DATA | pair=SUI/USD | completed_candles=0
2026-10-06 01:41:41+0000 | INFO     | roostoo.api | API_REQUEST_START | method=GET | label=ticker:BTC/USD | path=/v3/ticker
2026-10-06 01:41:41+0000 | INFO     | roostoo.api | API_REQUEST_OK | method=GET | label=ticker:BTC/USD | elapsed_ms=171
2026-10-06 01:41:41+0000 | INFO     | bot | WARMUP_LIVE_DATA | pair=BTC/USD | completed_candles=0
2026-10-06 01:41:41+0000 | INFO     | bot | LOOP_COMPLETE | elapsed_ms=1144
2026-10-06 01:42:40+0000 | INFO     | roostoo.api | API_REQUEST_START | method=GET | label=ticker:TRX/USD | path=/v3/ticker
2026-10-06 01:42:40+0000 | INFO     | roostoo.api | API_REQUEST_OK | method=GET | label=ticker:TRX/USD | elapsed_ms=187
2026-10-06 01:42:40+0000 | INFO     | bot | WARMUP_LIVE_DATA | pair=TRX/USD | completed_candles=0
2026-10-06 01:42:40+0000 | INFO     | roostoo.api | API_REQUEST_START | method=GET | label=ticker:AVAX/USD | path=/v3/ticker
2026-10-06 01:42:40+0000 | INFO     | roostoo.api | API_REQUEST_OK | method=GET | label=ticker:AVAX/USD | elapsed_ms=170
2026-10-06 01:42:40+0000 | INFO     | bot | WARMUP_LIVE_DATA | pair=AVAX/USD | completed_candles=0
2026-10-06 01:42:40+0000 | INFO     | roostoo.api | API_REQUEST_START | method=GET | label=ticker:DOT/USD | path=/v3/ticker
2026-10-06 01:42:40+0000 | INFO     | roostoo.api | API_REQUEST_OK | method=GET | label=ticker:DOT/USD | elapsed_ms=185
2026-10-06 01:42:40+0000 | INFO     | bot | WARMUP_LIVE_DATA | pair=DOT/USD | completed_candles=0
2026-10-06 01:42:40+0000 | INFO     | roostoo.api | API_REQUEST_START | method=GET | label=ticker:BNB/USD | path=/v3/ticker
2026-10-06 01:42:40+0000 | INFO     | roostoo.api | API_REQUEST_OK | method=GET | label=ticker:BNB/USD | elapsed_ms=173
2026-10-06 01:42:40+0000 | INFO     | bot | WARMUP_LIVE_DATA | pair=BNB/USD | completed_candles=0
2026-10-06 01:42:40+0000 | INFO     | roostoo.api | API_REQUEST_START | method=GET | label=ticker:SUI/USD | path=/v3/ticker
2026-10-06 01:42:41+0000 | INFO     | roostoo.api | API_REQUEST_OK | method=GET | label=ticker:SUI/USD | elapsed_ms=186
2026-10-06 01:42:41+0000 | INFO     | bot | WARMUP_LIVE_DATA | pair=SUI/USD | completed_candles=0
2026-10-06 01:42:41+0000 | INFO     | roostoo.api | API_REQUEST_START | method=GET | label=ticker:BTC/USD | path=/v3/ticker
2026-10-06 01:42:41+0000 | INFO     | roostoo.api | API_REQUEST_OK | method=GET | label=ticker:BTC/USD | elapsed_ms=172
2026-10-06 01:42:41+0000 | INFO     | bot | WARMUP_LIVE_DATA | pair=BTC/USD | completed_candles=0
2026-10-06 01:42:41+0000 | INFO     | bot | LOOP_COMPLETE | elapsed_ms=1110
2026-10-06 01:43:40+0000 | INFO     | roostoo.api | API_REQUEST_START | method=GET | label=ticker:TRX/USD | path=/v3/ticker
2026-10-06 01:43:40+0000 | INFO     | roostoo.api | API_REQUEST_OK | method=GET | label=ticker:TRX/USD | elapsed_ms=186
2026-10-06 01:43:40+0000 | INFO     | bot | WARMUP_LIVE_DATA | pair=TRX/USD | completed_candles=0
2026-10-06 01:43:40+0000 | INFO     | roostoo.api | API_REQUEST_START | method=GET | label=ticker:AVAX/USD | path=/v3/ticker
2026-10-06 01:43:40+0000 | INFO     | roostoo.api | API_REQUEST_OK | method=GET | label=ticker:AVAX/USD | elapsed_ms=312
2026-10-06 01:43:40+0000 | INFO     | bot | WARMUP_LIVE_DATA | pair=AVAX/USD | completed_candles=0
2026-10-06 01:43:40+0000 | INFO     | roostoo.api | API_REQUEST_START | method=GET | label=server_time | path=/v3/serverTime
2026-10-06 01:43:40+0000 | INFO     | roostoo.api | API_REQUEST_OK | method=GET | label=server_time | elapsed_ms=186
2026-10-06 01:43:40+0000 | INFO     | roostoo.api | SERVER_TIME_SYNC | offset_ms=100
2026-10-06 01:43:40+0000 | INFO     | roostoo.api | API_REQUEST_START | method=GET | label=ticker:DOT/USD | path=/v3/ticker
2026-10-06 01:43:40+0000 | INFO     | roostoo.api | API_REQUEST_OK | method=GET | label=ticker:DOT/USD | elapsed_ms=172
2026-10-06 01:43:40+0000 | INFO     | bot | WARMUP_LIVE_DATA | pair=DOT/USD | completed_candles=0
2026-10-06 01:43:40+0000 | INFO     | roostoo.api | API_REQUEST_START | method=GET | label=ticker:BNB/USD | path=/v3/ticker
2026-10-06 01:43:41+0000 | INFO     | roostoo.api | API_REQUEST_OK | method=GET | label=ticker:BNB/USD | elapsed_ms=189
2026-10-06 01:43:41+0000 | INFO     | bot | WARMUP_LIVE_DATA | pair=BNB/USD | completed_candles=0
2026-10-06 01:43:41+0000 | INFO     | roostoo.api | API_REQUEST_START | method=GET | label=ticker:SUI/USD | path=/v3/ticker
2026-10-06 01:43:41+0000 | INFO     | roostoo.api | API_REQUEST_OK | method=GET | label=ticker:SUI/USD | elapsed_ms=544
2026-10-06 01:43:41+0000 | INFO     | bot | WARMUP_LIVE_DATA | pair=SUI/USD | completed_candles=0
2026-10-06 01:43:41+0000 | INFO     | roostoo.api | API_REQUEST_START | method=GET | label=ticker:BTC/USD | path=/v3/ticker
2026-10-06 01:43:42+0000 | INFO     | roostoo.api | API_REQUEST_OK | method=GET | label=ticker:BTC/USD | elapsed_ms=506
2026-10-06 01:43:42+0000 | INFO     | bot | WARMUP_LIVE_DATA | pair=BTC/USD | completed_candles=0
2026-10-06 01:43:42+0000 | INFO     | bot | LOOP_COMPLETE | elapsed_ms=2135
2026-10-06 01:44:40+0000 | INFO     | roostoo.api | API_REQUEST_START | method=GET | label=ticker:TRX/USD | path=/v3/ticker
2026-10-06 01:44:40+0000 | INFO     | roostoo.api | API_REQUEST_OK | method=GET | label=ticker:TRX/USD | elapsed_ms=175
2026-10-06 01:44:40+0000 | INFO     | bot | WARMUP_LIVE_DATA | pair=TRX/USD | completed_candles=0
2026-10-06 01:44:40+0000 | INFO     | roostoo.api | API_REQUEST_START | method=GET | label=ticker:AVAX/USD | path=/v3/ticker
2026-10-06 01:44:40+0000 | INFO     | roostoo.api | API_REQUEST_OK | method=GET | label=ticker:AVAX/USD | elapsed_ms=186
2026-10-06 01:44:40+0000 | INFO     | bot | WARMUP_LIVE_DATA | pair=AVAX/USD | completed_candles=0
2026-10-06 01:44:40+0000 | INFO     | roostoo.api | API_REQUEST_START | method=GET | label=ticker:DOT/USD | path=/v3/ticker
2026-10-06 01:44:40+0000 | INFO     | roostoo.api | API_REQUEST_OK | method=GET | label=ticker:DOT/USD | elapsed_ms=172
2026-10-06 01:44:40+0000 | INFO     | bot | WARMUP_LIVE_DATA | pair=DOT/USD | completed_candles=0
2026-10-06 01:44:40+0000 | INFO     | roostoo.api | API_REQUEST_START | method=GET | label=ticker:BNB/USD | path=/v3/ticker
2026-10-06 01:44:40+0000 | INFO     | roostoo.api | API_REQUEST_OK | method=GET | label=ticker:BNB/USD | elapsed_ms=172
2026-10-06 01:44:40+0000 | INFO     | bot | WARMUP_LIVE_DATA | pair=BNB/USD | completed_candles=0
2026-10-06 01:44:40+0000 | INFO     | roostoo.api | API_REQUEST_START | method=GET | label=ticker:SUI/USD | path=/v3/ticker
2026-10-06 01:44:41+0000 | INFO     | roostoo.api | API_REQUEST_OK | method=GET | label=ticker:SUI/USD | elapsed_ms=500
2026-10-06 01:44:41+0000 | INFO     | bot | WARMUP_LIVE_DATA | pair=SUI/USD | completed_candles=0
2026-10-06 01:44:41+0000 | INFO     | roostoo.api | API_REQUEST_START | method=GET | label=ticker:BTC/USD | path=/v3/ticker
2026-10-06 01:44:41+0000 | INFO     | roostoo.api | API_REQUEST_OK | method=GET | label=ticker:BTC/USD | elapsed_ms=187
2026-10-06 01:44:41+0000 | INFO     | bot | WARMUP_LIVE_DATA | pair=BTC/USD | completed_candles=0
2026-10-06 01:44:41+0000 | INFO     | bot | LOOP_COMPLETE | elapsed_ms=1431
2026-10-06 01:45:40+0000 | INFO     | roostoo.api | API_REQUEST_START | method=GET | label=ticker:TRX/USD | path=/v3/ticker
2026-10-06 01:45:40+0000 | INFO     | roostoo.api | API_REQUEST_OK | method=GET | label=ticker:TRX/USD | elapsed_ms=186
2026-10-06 01:45:40+0000 | INFO     | bot | WARMUP_LIVE_DATA | pair=TRX/USD | completed_candles=0
2026-10-06 01:45:40+0000 | INFO     | roostoo.api | API_REQUEST_START | method=GET | label=ticker:AVAX/USD | path=/v3/ticker
2026-10-06 01:45:40+0000 | INFO     | roostoo.api | API_REQUEST_OK | method=GET | label=ticker:AVAX/USD | elapsed_ms=170
2026-10-06 01:45:40+0000 | INFO     | bot | WARMUP_LIVE_DATA | pair=AVAX/USD | completed_candles=0
2026-10-06 01:45:40+0000 | INFO     | roostoo.api | API_REQUEST_START | method=GET | label=ticker:DOT/USD | path=/v3/ticker
2026-10-06 01:45:40+0000 | INFO     | roostoo.api | API_REQUEST_OK | method=GET | label=ticker:DOT/USD | elapsed_ms=187
2026-10-06 01:45:40+0000 | INFO     | bot | WARMUP_LIVE_DATA | pair=DOT/USD | completed_candles=0
2026-10-06 01:45:40+0000 | INFO     | roostoo.api | API_REQUEST_START | method=GET | label=ticker:BNB/USD | path=/v3/ticker
2026-10-06 01:45:40+0000 | INFO     | roostoo.api | API_REQUEST_OK | method=GET | label=ticker:BNB/USD | elapsed_ms=171
2026-10-06 01:45:40+0000 | INFO     | bot | WARMUP_LIVE_DATA | pair=BNB/USD | completed_candles=0
2026-10-06 01:45:40+0000 | INFO     | roostoo.api | API_REQUEST_START | method=GET | label=ticker:SUI/USD | path=/v3/ticker
2026-10-06 01:45:41+0000 | INFO     | roostoo.api | API_REQUEST_OK | method=GET | label=ticker:SUI/USD | elapsed_ms=171
2026-10-06 01:45:41+0000 | INFO     | bot | WARMUP_LIVE_DATA | pair=SUI/USD | completed_candles=0
2026-10-06 01:45:41+0000 | INFO     | roostoo.api | API_REQUEST_START | method=GET | label=ticker:BTC/USD | path=/v3/ticker
2026-10-06 01:45:41+0000 | INFO     | roostoo.api | API_REQUEST_OK | method=GET | label=ticker:BTC/USD | elapsed_ms=186
2026-10-06 01:45:41+0000 | INFO     | bot | WARMUP_LIVE_DATA | pair=BTC/USD | completed_candles=0
2026-10-06 01:45:41+0000 | INFO     | bot | LOOP_COMPLETE | elapsed_ms=1107
2026-10-06 01:46:40+0000 | INFO     | roostoo.api | API_REQUEST_START | method=GET | label=ticker:TRX/USD | path=/v3/ticker
2026-10-06 01:46:40+0000 | INFO     | roostoo.api | API_REQUEST_OK | method=GET | label=ticker:TRX/USD | elapsed_ms=178
2026-10-06 01:46:40+0000 | INFO     | bot | WARMUP_LIVE_DATA | pair=TRX/USD | completed_candles=0
2026-10-06 01:46:40+0000 | INFO     | roostoo.api | API_REQUEST_START | method=GET | label=ticker:AVAX/USD | path=/v3/ticker
2026-10-06 01:46:40+0000 | INFO     | roostoo.api | API_REQUEST_OK | method=GET | label=ticker:AVAX/USD | elapsed_ms=186
2026-10-06 01:46:40+0000 | INFO     | bot | WARMUP_LIVE_DATA | pair=AVAX/USD | completed_candles=0
2026-10-06 01:46:40+0000 | INFO     | roostoo.api | API_REQUEST_START | method=GET | label=ticker:DOT/USD | path=/v3/ticker
2026-10-06 01:46:41+0000 | INFO     | roostoo.api | API_REQUEST_OK | method=GET | label=ticker:DOT/USD | elapsed_ms=502
2026-10-06 01:46:41+0000 | INFO     | bot | WARMUP_LIVE_DATA | pair=DOT/USD | completed_candles=0
2026-10-06 01:46:41+0000 | INFO     | roostoo.api | API_REQUEST_START | method=GET | label=ticker:BNB/USD | path=/v3/ticker
2026-10-06 01:46:41+0000 | INFO     | roostoo.api | API_REQUEST_OK | method=GET | label=ticker:BNB/USD | elapsed_ms=172
2026-10-06 01:46:41+0000 | INFO     | bot | WARMUP_LIVE_DATA | pair=BNB/USD | completed_candles=0
2026-10-06 01:46:41+0000 | INFO     | roostoo.api | API_REQUEST_START | method=GET | label=ticker:SUI/USD | path=/v3/ticker
2026-10-06 01:46:41+0000 | INFO     | roostoo.api | API_REQUEST_OK | method=GET | label=ticker:SUI/USD | elapsed_ms=171
2026-10-06 01:46:41+0000 | INFO     | bot | WARMUP_LIVE_DATA | pair=SUI/USD | completed_candles=0
2026-10-06 01:46:41+0000 | INFO     | roostoo.api | API_REQUEST_START | method=GET | label=ticker:BTC/USD | path=/v3/ticker
2026-10-06 01:46:41+0000 | INFO     | roostoo.api | API_REQUEST_OK | method=GET | label=ticker:BTC/USD | elapsed_ms=171
2026-10-06 01:46:41+0000 | INFO     | bot | WARMUP_LIVE_DATA | pair=BTC/USD | completed_candles=0
2026-10-06 01:46:41+0000 | INFO     | bot | LOOP_COMPLETE | elapsed_ms=1426
2026-10-06 01:47:40+0000 | INFO     | roostoo.api | API_REQUEST_START | method=GET | label=ticker:TRX/USD | path=/v3/ticker
2026-10-06 01:47:40+0000 | INFO     | roostoo.api | API_REQUEST_OK | method=GET | label=ticker:TRX/USD | elapsed_ms=188
2026-10-06 01:47:40+0000 | INFO     | bot | WARMUP_LIVE_DATA | pair=TRX/USD | completed_candles=0
2026-10-06 01:47:40+0000 | INFO     | roostoo.api | API_REQUEST_START | method=GET | label=ticker:AVAX/USD | path=/v3/ticker
2026-10-06 01:47:40+0000 | INFO     | roostoo.api | API_REQUEST_OK | method=GET | label=ticker:AVAX/USD | elapsed_ms=172
2026-10-06 01:47:40+0000 | INFO     | bot | WARMUP_LIVE_DATA | pair=AVAX/USD | completed_candles=0
2026-10-06 01:47:40+0000 | INFO     | roostoo.api | API_REQUEST_START | method=GET | label=ticker:DOT/USD | path=/v3/ticker
2026-10-06 01:47:40+0000 | INFO     | roostoo.api | API_REQUEST_OK | method=GET | label=ticker:DOT/USD | elapsed_ms=171
2026-10-06 01:47:40+0000 | INFO     | bot | WARMUP_LIVE_DATA | pair=DOT/USD | completed_candles=0
2026-10-06 01:47:40+0000 | INFO     | roostoo.api | API_REQUEST_START | method=GET | label=ticker:BNB/USD | path=/v3/ticker
2026-10-06 01:47:40+0000 | INFO     | roostoo.api | API_REQUEST_OK | method=GET | label=ticker:BNB/USD | elapsed_ms=172
2026-10-06 01:47:40+0000 | INFO     | bot | WARMUP_LIVE_DATA | pair=BNB/USD | completed_candles=0
2026-10-06 01:47:40+0000 | INFO     | roostoo.api | API_REQUEST_START | method=GET | label=ticker:SUI/USD | path=/v3/ticker
2026-10-06 01:47:41+0000 | INFO     | roostoo.api | API_REQUEST_OK | method=GET | label=ticker:SUI/USD | elapsed_ms=187
2026-10-06 01:47:41+0000 | INFO     | bot | WARMUP_LIVE_DATA | pair=SUI/USD | completed_candles=0
2026-10-06 01:47:41+0000 | INFO     | roostoo.api | API_REQUEST_START | method=GET | label=ticker:BTC/USD | path=/v3/ticker
2026-10-06 01:47:41+0000 | INFO     | roostoo.api | API_REQUEST_OK | method=GET | label=ticker:BTC/USD | elapsed_ms=173
2026-10-06 01:47:41+0000 | INFO     | bot | WARMUP_LIVE_DATA | pair=BTC/USD | completed_candles=0
2026-10-06 01:47:41+0000 | INFO     | bot | LOOP_COMPLETE | elapsed_ms=1102
2026-10-06 01:48:40+0000 | INFO     | roostoo.api | API_REQUEST_START | method=GET | label=ticker:TRX/USD | path=/v3/ticker
2026-10-06 01:48:40+0000 | INFO     | roostoo.api | API_REQUEST_OK | method=GET | label=ticker:TRX/USD | elapsed_ms=173
2026-10-06 01:48:40+0000 | INFO     | bot | WARMUP_LIVE_DATA | pair=TRX/USD | completed_candles=0
2026-10-06 01:48:40+0000 | INFO     | roostoo.api | API_REQUEST_START | method=GET | label=ticker:AVAX/USD | path=/v3/ticker
2026-10-06 01:48:40+0000 | INFO     | roostoo.api | API_REQUEST_OK | method=GET | label=ticker:AVAX/USD | elapsed_ms=171
2026-10-06 01:48:40+0000 | INFO     | bot | WARMUP_LIVE_DATA | pair=AVAX/USD | completed_candles=0
2026-10-06 01:48:40+0000 | INFO     | roostoo.api | API_REQUEST_START | method=GET | label=ticker:DOT/USD | path=/v3/ticker
2026-10-06 01:48:40+0000 | INFO     | roostoo.api | API_REQUEST_OK | method=GET | label=ticker:DOT/USD | elapsed_ms=172
2026-10-06 01:48:40+0000 | INFO     | bot | WARMUP_LIVE_DATA | pair=DOT/USD | completed_candles=0
2026-10-06 01:48:40+0000 | INFO     | roostoo.api | API_REQUEST_START | method=GET | label=ticker:BNB/USD | path=/v3/ticker
2026-10-06 01:48:40+0000 | INFO     | roostoo.api | API_REQUEST_OK | method=GET | label=ticker:BNB/USD | elapsed_ms=172
2026-10-06 01:48:40+0000 | INFO     | bot | WARMUP_LIVE_DATA | pair=BNB/USD | completed_candles=0
2026-10-06 01:48:40+0000 | INFO     | roostoo.api | API_REQUEST_START | method=GET | label=server_time | path=/v3/serverTime
2026-10-06 01:48:41+0000 | INFO     | roostoo.api | API_REQUEST_OK | method=GET | label=server_time | elapsed_ms=544
2026-10-06 01:48:41+0000 | INFO     | roostoo.api | SERVER_TIME_SYNC | offset_ms=459
2026-10-06 01:48:41+0000 | INFO     | roostoo.api | API_REQUEST_START | method=GET | label=ticker:SUI/USD | path=/v3/ticker
2026-10-06 01:48:41+0000 | INFO     | roostoo.api | API_REQUEST_OK | method=GET | label=ticker:SUI/USD | elapsed_ms=172
2026-10-06 01:48:41+0000 | INFO     | bot | WARMUP_LIVE_DATA | pair=SUI/USD | completed_candles=0
2026-10-06 01:48:41+0000 | INFO     | roostoo.api | API_REQUEST_START | method=GET | label=ticker:BTC/USD | path=/v3/ticker
2026-10-06 01:48:42+0000 | INFO     | roostoo.api | API_REQUEST_OK | method=GET | label=ticker:BTC/USD | elapsed_ms=540
2026-10-06 01:48:42+0000 | INFO     | bot | WARMUP_LIVE_DATA | pair=BTC/USD | completed_candles=0
2026-10-06 01:48:42+0000 | INFO     | bot | LOOP_COMPLETE | elapsed_ms=1988
2026-10-06 01:49:40+0000 | INFO     | roostoo.api | API_REQUEST_START | method=GET | label=ticker:TRX/USD | path=/v3/ticker
2026-10-06 01:49:40+0000 | INFO     | roostoo.api | API_REQUEST_OK | method=GET | label=ticker:TRX/USD | elapsed_ms=185
2026-10-06 01:49:40+0000 | INFO     | bot | WARMUP_LIVE_DATA | pair=TRX/USD | completed_candles=0
2026-10-06 01:49:40+0000 | INFO     | roostoo.api | API_REQUEST_START | method=GET | label=ticker:AVAX/USD | path=/v3/ticker
2026-10-06 01:49:40+0000 | INFO     | roostoo.api | API_REQUEST_OK | method=GET | label=ticker:AVAX/USD | elapsed_ms=184
2026-10-06 01:49:40+0000 | INFO     | bot | WARMUP_LIVE_DATA | pair=AVAX/USD | completed_candles=0
2026-10-06 01:49:40+0000 | INFO     | roostoo.api | API_REQUEST_START | method=GET | label=ticker:DOT/USD | path=/v3/ticker
2026-10-06 01:49:40+0000 | INFO     | roostoo.api | API_REQUEST_OK | method=GET | label=ticker:DOT/USD | elapsed_ms=189
2026-10-06 01:49:40+0000 | INFO     | bot | WARMUP_LIVE_DATA | pair=DOT/USD | completed_candles=0
2026-10-06 01:49:40+0000 | INFO     | roostoo.api | API_REQUEST_START | method=GET | label=ticker:BNB/USD | path=/v3/ticker
2026-10-06 01:49:40+0000 | INFO     | roostoo.api | API_REQUEST_OK | method=GET | label=ticker:BNB/USD | elapsed_ms=185
2026-10-06 01:49:40+0000 | INFO     | bot | WARMUP_LIVE_DATA | pair=BNB/USD | completed_candles=0
2026-10-06 01:49:40+0000 | INFO     | roostoo.api | API_REQUEST_START | method=GET | label=ticker:SUI/USD | path=/v3/ticker
2026-10-06 01:49:41+0000 | INFO     | roostoo.api | API_REQUEST_OK | method=GET | label=ticker:SUI/USD | elapsed_ms=186
2026-10-06 01:49:41+0000 | INFO     | bot | WARMUP_LIVE_DATA | pair=SUI/USD | completed_candles=0
2026-10-06 01:49:41+0000 | INFO     | roostoo.api | API_REQUEST_START | method=GET | label=ticker:BTC/USD | path=/v3/ticker
2026-10-06 01:49:41+0000 | INFO     | roostoo.api | API_REQUEST_OK | method=GET | label=ticker:BTC/USD | elapsed_ms=543
2026-10-06 01:49:41+0000 | INFO     | bot | WARMUP_LIVE_DATA | pair=BTC/USD | completed_candles=0
2026-10-06 01:49:41+0000 | INFO     | bot | LOOP_COMPLETE | elapsed_ms=1513
2026-10-06 01:50:40+0000 | INFO     | roostoo.api | API_REQUEST_START | method=GET | label=ticker:TRX/USD | path=/v3/ticker
2026-10-06 01:50:40+0000 | INFO     | roostoo.api | API_REQUEST_OK | method=GET | label=ticker:TRX/USD | elapsed_ms=174
2026-10-06 01:50:40+0000 | INFO     | bot | WARMUP_LIVE_DATA | pair=TRX/USD | completed_candles=0
2026-10-06 01:50:40+0000 | INFO     | roostoo.api | API_REQUEST_START | method=GET | label=ticker:AVAX/USD | path=/v3/ticker
2026-10-06 01:50:40+0000 | INFO     | roostoo.api | API_REQUEST_OK | method=GET | label=ticker:AVAX/USD | elapsed_ms=172
2026-10-06 01:50:40+0000 | INFO     | bot | WARMUP_LIVE_DATA | pair=AVAX/USD | completed_candles=0
2026-10-06 01:50:40+0000 | INFO     | roostoo.api | API_REQUEST_START | method=GET | label=ticker:DOT/USD | path=/v3/ticker
2026-10-06 01:50:41+0000 | INFO     | roostoo.api | API_REQUEST_OK | method=GET | label=ticker:DOT/USD | elapsed_ms=549
2026-10-06 01:50:41+0000 | INFO     | bot | WARMUP_LIVE_DATA | pair=DOT/USD | completed_candles=0
2026-10-06 01:50:41+0000 | INFO     | roostoo.api | API_REQUEST_START | method=GET | label=ticker:BNB/USD | path=/v3/ticker
2026-10-06 01:50:41+0000 | INFO     | roostoo.api | API_REQUEST_OK | method=GET | label=ticker:BNB/USD | elapsed_ms=173
2026-10-06 01:50:41+0000 | INFO     | bot | WARMUP_LIVE_DATA | pair=BNB/USD | completed_candles=0
2026-10-06 01:50:41+0000 | INFO     | roostoo.api | API_REQUEST_START | method=GET | label=ticker:SUI/USD | path=/v3/ticker
2026-10-06 01:50:41+0000 | INFO     | roostoo.api | API_REQUEST_OK | method=GET | label=ticker:SUI/USD | elapsed_ms=543
2026-10-06 01:50:41+0000 | INFO     | bot | WARMUP_LIVE_DATA | pair=SUI/USD | completed_candles=0
2026-10-06 01:50:41+0000 | INFO     | roostoo.api | API_REQUEST_START | method=GET | label=ticker:BTC/USD | path=/v3/ticker
2026-10-06 01:50:41+0000 | INFO     | roostoo.api | API_REQUEST_OK | method=GET | label=ticker:BTC/USD | elapsed_ms=175
2026-10-06 01:50:41+0000 | INFO     | bot | WARMUP_LIVE_DATA | pair=BTC/USD | completed_candles=0
2026-10-06 01:50:41+0000 | INFO     | bot | LOOP_COMPLETE | elapsed_ms=1841
2026-10-06 01:51:40+0000 | INFO     | roostoo.api | API_REQUEST_START | method=GET | label=ticker:TRX/USD | path=/v3/ticker
2026-10-06 01:51:40+0000 | INFO     | roostoo.api | API_REQUEST_OK | method=GET | label=ticker:TRX/USD | elapsed_ms=178
2026-10-06 01:51:40+0000 | INFO     | bot | WARMUP_LIVE_DATA | pair=TRX/USD | completed_candles=0
2026-10-06 01:51:40+0000 | INFO     | roostoo.api | API_REQUEST_START | method=GET | label=ticker:AVAX/USD | path=/v3/ticker
2026-10-06 01:51:40+0000 | INFO     | roostoo.api | API_REQUEST_OK | method=GET | label=ticker:AVAX/USD | elapsed_ms=173
2026-10-06 01:51:40+0000 | INFO     | bot | WARMUP_LIVE_DATA | pair=AVAX/USD | completed_candles=0
2026-10-06 01:51:40+0000 | INFO     | roostoo.api | API_REQUEST_START | method=GET | label=ticker:DOT/USD | path=/v3/ticker
2026-10-06 01:51:40+0000 | INFO     | roostoo.api | API_REQUEST_OK | method=GET | label=ticker:DOT/USD | elapsed_ms=185
2026-10-06 01:51:40+0000 | INFO     | bot | WARMUP_LIVE_DATA | pair=DOT/USD | completed_candles=0
2026-10-06 01:51:40+0000 | INFO     | roostoo.api | API_REQUEST_START | method=GET | label=ticker:BNB/USD | path=/v3/ticker
2026-10-06 01:51:40+0000 | INFO     | roostoo.api | API_REQUEST_OK | method=GET | label=ticker:BNB/USD | elapsed_ms=185
2026-10-06 01:51:40+0000 | INFO     | bot | WARMUP_LIVE_DATA | pair=BNB/USD | completed_candles=0
2026-10-06 01:51:40+0000 | INFO     | roostoo.api | API_REQUEST_START | method=GET | label=ticker:SUI/USD | path=/v3/ticker
2026-10-06 01:51:41+0000 | INFO     | roostoo.api | API_REQUEST_OK | method=GET | label=ticker:SUI/USD | elapsed_ms=511
2026-10-06 01:51:41+0000 | INFO     | bot | WARMUP_LIVE_DATA | pair=SUI/USD | completed_candles=0
2026-10-06 01:51:41+0000 | INFO     | roostoo.api | API_REQUEST_START | method=GET | label=ticker:BTC/USD | path=/v3/ticker
2026-10-06 01:51:41+0000 | INFO     | roostoo.api | API_REQUEST_OK | method=GET | label=ticker:BTC/USD | elapsed_ms=192
2026-10-06 01:51:41+0000 | INFO     | bot | WARMUP_LIVE_DATA | pair=BTC/USD | completed_candles=0
2026-10-06 01:51:41+0000 | INFO     | bot | LOOP_COMPLETE | elapsed_ms=1461
2026-10-06 01:52:40+0000 | INFO     | roostoo.api | API_REQUEST_START | method=GET | label=ticker:TRX/USD | path=/v3/ticker
2026-10-06 01:52:40+0000 | INFO     | roostoo.api | API_REQUEST_OK | method=GET | label=ticker:TRX/USD | elapsed_ms=186
2026-10-06 01:52:40+0000 | INFO     | bot | WARMUP_LIVE_DATA | pair=TRX/USD | completed_candles=0
2026-10-06 01:52:40+0000 | INFO     | roostoo.api | API_REQUEST_START | method=GET | label=ticker:AVAX/USD | path=/v3/ticker
2026-10-06 01:52:40+0000 | INFO     | roostoo.api | API_REQUEST_OK | method=GET | label=ticker:AVAX/USD | elapsed_ms=185
2026-10-06 01:52:40+0000 | INFO     | bot | WARMUP_LIVE_DATA | pair=AVAX/USD | completed_candles=0
2026-10-06 01:52:40+0000 | INFO     | roostoo.api | API_REQUEST_START | method=GET | label=ticker:DOT/USD | path=/v3/ticker
2026-10-06 01:52:40+0000 | INFO     | roostoo.api | API_REQUEST_OK | method=GET | label=ticker:DOT/USD | elapsed_ms=186
2026-10-06 01:52:40+0000 | INFO     | bot | WARMUP_LIVE_DATA | pair=DOT/USD | completed_candles=0
2026-10-06 01:52:40+0000 | INFO     | roostoo.api | API_REQUEST_START | method=GET | label=ticker:BNB/USD | path=/v3/ticker
2026-10-06 01:52:40+0000 | INFO     | roostoo.api | API_REQUEST_OK | method=GET | label=ticker:BNB/USD | elapsed_ms=171
2026-10-06 01:52:40+0000 | INFO     | bot | WARMUP_LIVE_DATA | pair=BNB/USD | completed_candles=0
2026-10-06 01:52:40+0000 | INFO     | roostoo.api | API_REQUEST_START | method=GET | label=ticker:SUI/USD | path=/v3/ticker
2026-10-06 01:52:41+0000 | INFO     | roostoo.api | API_REQUEST_OK | method=GET | label=ticker:SUI/USD | elapsed_ms=184
2026-10-06 01:52:41+0000 | INFO     | bot | WARMUP_LIVE_DATA | pair=SUI/USD | completed_candles=0
2026-10-06 01:52:41+0000 | INFO     | roostoo.api | API_REQUEST_START | method=GET | label=ticker:BTC/USD | path=/v3/ticker
2026-10-06 01:52:41+0000 | INFO     | roostoo.api | API_REQUEST_OK | method=GET | label=ticker:BTC/USD | elapsed_ms=185
2026-10-06 01:52:41+0000 | INFO     | bot | WARMUP_LIVE_DATA | pair=BTC/USD | completed_candles=0
2026-10-06 01:52:41+0000 | INFO     | bot | LOOP_COMPLETE | elapsed_ms=1136
2026-10-06 01:53:40+0000 | INFO     | roostoo.api | API_REQUEST_START | method=GET | label=ticker:TRX/USD | path=/v3/ticker
2026-10-06 01:53:40+0000 | INFO     | roostoo.api | API_REQUEST_OK | method=GET | label=ticker:TRX/USD | elapsed_ms=173
2026-10-06 01:53:40+0000 | INFO     | bot | WARMUP_LIVE_DATA | pair=TRX/USD | completed_candles=0
2026-10-06 01:53:40+0000 | INFO     | roostoo.api | API_REQUEST_START | method=GET | label=ticker:AVAX/USD | path=/v3/ticker
2026-10-06 01:53:40+0000 | INFO     | roostoo.api | API_REQUEST_OK | method=GET | label=ticker:AVAX/USD | elapsed_ms=186
2026-10-06 01:53:40+0000 | INFO     | bot | WARMUP_LIVE_DATA | pair=AVAX/USD | completed_candles=0
2026-10-06 01:53:40+0000 | INFO     | roostoo.api | API_REQUEST_START | method=GET | label=ticker:DOT/USD | path=/v3/ticker
2026-10-06 01:53:40+0000 | INFO     | roostoo.api | API_REQUEST_OK | method=GET | label=ticker:DOT/USD | elapsed_ms=172
2026-10-06 01:53:40+0000 | INFO     | bot | WARMUP_LIVE_DATA | pair=DOT/USD | completed_candles=0
2026-10-06 01:53:40+0000 | INFO     | roostoo.api | API_REQUEST_START | method=GET | label=ticker:BNB/USD | path=/v3/ticker
2026-10-06 01:53:40+0000 | INFO     | roostoo.api | API_REQUEST_OK | method=GET | label=ticker:BNB/USD | elapsed_ms=185
2026-10-06 01:53:40+0000 | INFO     | bot | WARMUP_LIVE_DATA | pair=BNB/USD | completed_candles=0
2026-10-06 01:53:40+0000 | INFO     | roostoo.api | API_REQUEST_START | method=GET | label=ticker:SUI/USD | path=/v3/ticker
2026-10-06 01:53:41+0000 | INFO     | roostoo.api | API_REQUEST_OK | method=GET | label=ticker:SUI/USD | elapsed_ms=503
2026-10-06 01:53:41+0000 | INFO     | bot | WARMUP_LIVE_DATA | pair=SUI/USD | completed_candles=0
2026-10-06 01:53:41+0000 | INFO     | roostoo.api | API_REQUEST_START | method=GET | label=ticker:BTC/USD | path=/v3/ticker
2026-10-06 01:53:41+0000 | INFO     | roostoo.api | API_REQUEST_OK | method=GET | label=ticker:BTC/USD | elapsed_ms=186
2026-10-06 01:53:41+0000 | INFO     | bot | WARMUP_LIVE_DATA | pair=BTC/USD | completed_candles=0
2026-10-06 01:53:41+0000 | INFO     | bot | LOOP_COMPLETE | elapsed_ms=1444
2026-10-06 01:54:40+0000 | INFO     | roostoo.api | API_REQUEST_START | method=GET | label=server_time | path=/v3/serverTime
2026-10-06 01:54:40+0000 | INFO     | roostoo.api | API_REQUEST_OK | method=GET | label=server_time | elapsed_ms=190
2026-10-06 01:54:40+0000 | INFO     | roostoo.api | SERVER_TIME_SYNC | offset_ms=105
2026-10-06 01:54:40+0000 | INFO     | roostoo.api | API_REQUEST_START | method=GET | label=ticker:TRX/USD | path=/v3/ticker
2026-10-06 01:54:40+0000 | INFO     | roostoo.api | API_REQUEST_OK | method=GET | label=ticker:TRX/USD | elapsed_ms=186
2026-10-06 01:54:40+0000 | INFO     | bot | WARMUP_LIVE_DATA | pair=TRX/USD | completed_candles=0
2026-10-06 01:54:40+0000 | INFO     | roostoo.api | API_REQUEST_START | method=GET | label=ticker:AVAX/USD | path=/v3/ticker
2026-10-06 01:54:40+0000 | INFO     | roostoo.api | API_REQUEST_OK | method=GET | label=ticker:AVAX/USD | elapsed_ms=173
2026-10-06 01:54:40+0000 | INFO     | bot | WARMUP_LIVE_DATA | pair=AVAX/USD | completed_candles=0
2026-10-06 01:54:40+0000 | INFO     | roostoo.api | API_REQUEST_START | method=GET | label=ticker:DOT/USD | path=/v3/ticker
2026-10-06 01:54:40+0000 | INFO     | roostoo.api | API_REQUEST_OK | method=GET | label=ticker:DOT/USD | elapsed_ms=171
2026-10-06 01:54:40+0000 | INFO     | bot | WARMUP_LIVE_DATA | pair=DOT/USD | completed_candles=0
2026-10-06 01:54:40+0000 | INFO     | roostoo.api | API_REQUEST_START | method=GET | label=ticker:BNB/USD | path=/v3/ticker
2026-10-06 01:54:41+0000 | INFO     | roostoo.api | API_REQUEST_OK | method=GET | label=ticker:BNB/USD | elapsed_ms=185
2026-10-06 01:54:41+0000 | INFO     | bot | WARMUP_LIVE_DATA | pair=BNB/USD | completed_candles=0
2026-10-06 01:54:41+0000 | INFO     | roostoo.api | API_REQUEST_START | method=GET | label=ticker:SUI/USD | path=/v3/ticker
2026-10-06 01:54:41+0000 | INFO     | roostoo.api | API_REQUEST_OK | method=GET | label=ticker:SUI/USD | elapsed_ms=501
2026-10-06 01:54:41+0000 | INFO     | bot | WARMUP_LIVE_DATA | pair=SUI/USD | completed_candles=0
2026-10-06 01:54:41+0000 | INFO     | roostoo.api | API_REQUEST_START | method=GET | label=ticker:BTC/USD | path=/v3/ticker
2026-10-06 01:54:41+0000 | INFO     | roostoo.api | API_REQUEST_OK | method=GET | label=ticker:BTC/USD | elapsed_ms=172
2026-10-06 01:54:41+0000 | INFO     | bot | WARMUP_LIVE_DATA | pair=BTC/USD | completed_candles=0
2026-10-06 01:54:41+0000 | INFO     | bot | LOOP_COMPLETE | elapsed_ms=1618
2026-10-06 01:55:40+0000 | INFO     | roostoo.api | API_REQUEST_START | method=GET | label=ticker:TRX/USD | path=/v3/ticker
2026-10-06 01:55:40+0000 | INFO     | roostoo.api | API_REQUEST_OK | method=GET | label=ticker:TRX/USD | elapsed_ms=173
2026-10-06 01:55:40+0000 | INFO     | bot | WARMUP_LIVE_DATA | pair=TRX/USD | completed_candles=0
2026-10-06 01:55:40+0000 | INFO     | roostoo.api | API_REQUEST_START | method=GET | label=ticker:AVAX/USD | path=/v3/ticker
2026-10-06 01:55:40+0000 | INFO     | roostoo.api | API_REQUEST_OK | method=GET | label=ticker:AVAX/USD | elapsed_ms=385
2026-10-06 01:55:40+0000 | INFO     | bot | WARMUP_LIVE_DATA | pair=AVAX/USD | completed_candles=0
2026-10-06 01:55:40+0000 | INFO     | roostoo.api | API_REQUEST_START | method=GET | label=ticker:DOT/USD | path=/v3/ticker
2026-10-06 01:55:40+0000 | INFO     | roostoo.api | API_REQUEST_OK | method=GET | label=ticker:DOT/USD | elapsed_ms=172
2026-10-06 01:55:40+0000 | INFO     | bot | WARMUP_LIVE_DATA | pair=DOT/USD | completed_candles=0
2026-10-06 01:55:40+0000 | INFO     | roostoo.api | API_REQUEST_START | method=GET | label=ticker:BNB/USD | path=/v3/ticker
2026-10-06 01:55:41+0000 | INFO     | roostoo.api | API_REQUEST_OK | method=GET | label=ticker:BNB/USD | elapsed_ms=185
2026-10-06 01:55:41+0000 | INFO     | bot | WARMUP_LIVE_DATA | pair=BNB/USD | completed_candles=0
2026-10-06 01:55:41+0000 | INFO     | roostoo.api | API_REQUEST_START | method=GET | label=ticker:SUI/USD | path=/v3/ticker
2026-10-06 01:55:41+0000 | INFO     | roostoo.api | API_REQUEST_OK | method=GET | label=ticker:SUI/USD | elapsed_ms=185
2026-10-06 01:55:41+0000 | INFO     | bot | WARMUP_LIVE_DATA | pair=SUI/USD | completed_candles=0
2026-10-06 01:55:41+0000 | INFO     | roostoo.api | API_REQUEST_START | method=GET | label=ticker:BTC/USD | path=/v3/ticker
2026-10-06 01:55:41+0000 | INFO     | roostoo.api | API_REQUEST_OK | method=GET | label=ticker:BTC/USD | elapsed_ms=541
2026-10-06 01:55:41+0000 | INFO     | bot | WARMUP_LIVE_DATA | pair=BTC/USD | completed_candles=0
2026-10-06 01:55:41+0000 | INFO     | bot | LOOP_COMPLETE | elapsed_ms=1680
2026-10-06 01:56:40+0000 | INFO     | roostoo.api | API_REQUEST_START | method=GET | label=ticker:TRX/USD | path=/v3/ticker
2026-10-06 01:56:40+0000 | INFO     | roostoo.api | API_REQUEST_OK | method=GET | label=ticker:TRX/USD | elapsed_ms=185
2026-10-06 01:56:40+0000 | INFO     | bot | WARMUP_LIVE_DATA | pair=TRX/USD | completed_candles=0
2026-10-06 01:56:40+0000 | INFO     | roostoo.api | API_REQUEST_START | method=GET | label=ticker:AVAX/USD | path=/v3/ticker
2026-10-06 01:56:40+0000 | INFO     | roostoo.api | API_REQUEST_OK | method=GET | label=ticker:AVAX/USD | elapsed_ms=185
2026-10-06 01:56:40+0000 | INFO     | bot | WARMUP_LIVE_DATA | pair=AVAX/USD | completed_candles=0
2026-10-06 01:56:40+0000 | INFO     | roostoo.api | API_REQUEST_START | method=GET | label=ticker:DOT/USD | path=/v3/ticker
2026-10-06 01:56:40+0000 | INFO     | roostoo.api | API_REQUEST_OK | method=GET | label=ticker:DOT/USD | elapsed_ms=186
2026-10-06 01:56:40+0000 | INFO     | bot | WARMUP_LIVE_DATA | pair=DOT/USD | completed_candles=0
2026-10-06 01:56:40+0000 | INFO     | roostoo.api | API_REQUEST_START | method=GET | label=ticker:BNB/USD | path=/v3/ticker
2026-10-06 01:56:40+0000 | INFO     | roostoo.api | API_REQUEST_OK | method=GET | label=ticker:BNB/USD | elapsed_ms=185
2026-10-06 01:56:40+0000 | INFO     | bot | WARMUP_LIVE_DATA | pair=BNB/USD | completed_candles=0
2026-10-06 01:56:40+0000 | INFO     | roostoo.api | API_REQUEST_START | method=GET | label=ticker:SUI/USD | path=/v3/ticker
2026-10-06 01:56:41+0000 | INFO     | roostoo.api | API_REQUEST_OK | method=GET | label=ticker:SUI/USD | elapsed_ms=501
2026-10-06 01:56:41+0000 | INFO     | bot | WARMUP_LIVE_DATA | pair=SUI/USD | completed_candles=0
2026-10-06 01:56:41+0000 | INFO     | roostoo.api | API_REQUEST_START | method=GET | label=ticker:BTC/USD | path=/v3/ticker
2026-10-06 01:56:41+0000 | INFO     | roostoo.api | API_REQUEST_OK | method=GET | label=ticker:BTC/USD | elapsed_ms=185
2026-10-06 01:56:41+0000 | INFO     | bot | WARMUP_LIVE_DATA | pair=BTC/USD | completed_candles=0
2026-10-06 01:56:41+0000 | INFO     | bot | LOOP_COMPLETE | elapsed_ms=1462
2026-10-06 01:57:40+0000 | INFO     | roostoo.api | API_REQUEST_START | method=GET | label=ticker:TRX/USD | path=/v3/ticker
2026-10-06 01:57:40+0000 | INFO     | roostoo.api | API_REQUEST_OK | method=GET | label=ticker:TRX/USD | elapsed_ms=189
2026-10-06 01:57:40+0000 | INFO     | bot | WARMUP_LIVE_DATA | pair=TRX/USD | completed_candles=0
2026-10-06 01:57:40+0000 | INFO     | roostoo.api | API_REQUEST_START | method=GET | label=ticker:AVAX/USD | path=/v3/ticker
2026-10-06 01:57:40+0000 | INFO     | roostoo.api | API_REQUEST_OK | method=GET | label=ticker:AVAX/USD | elapsed_ms=188
2026-10-06 01:57:40+0000 | INFO     | bot | WARMUP_LIVE_DATA | pair=AVAX/USD | completed_candles=0
2026-10-06 01:57:40+0000 | INFO     | roostoo.api | API_REQUEST_START | method=GET | label=ticker:DOT/USD | path=/v3/ticker
2026-10-06 01:57:41+0000 | INFO     | roostoo.api | API_REQUEST_OK | method=GET | label=ticker:DOT/USD | elapsed_ms=543
2026-10-06 01:57:41+0000 | INFO     | bot | WARMUP_LIVE_DATA | pair=DOT/USD | completed_candles=0
2026-10-06 01:57:41+0000 | INFO     | roostoo.api | API_REQUEST_START | method=GET | label=ticker:BNB/USD | path=/v3/ticker
2026-10-06 01:57:41+0000 | INFO     | roostoo.api | API_REQUEST_OK | method=GET | label=ticker:BNB/USD | elapsed_ms=189
2026-10-06 01:57:41+0000 | INFO     | bot | WARMUP_LIVE_DATA | pair=BNB/USD | completed_candles=0
2026-10-06 01:57:41+0000 | INFO     | roostoo.api | API_REQUEST_START | method=GET | label=ticker:SUI/USD | path=/v3/ticker
2026-10-06 01:57:41+0000 | INFO     | roostoo.api | API_REQUEST_OK | method=GET | label=ticker:SUI/USD | elapsed_ms=184
2026-10-06 01:57:41+0000 | INFO     | bot | WARMUP_LIVE_DATA | pair=SUI/USD | completed_candles=0
2026-10-06 01:57:41+0000 | INFO     | roostoo.api | API_REQUEST_START | method=GET | label=ticker:BTC/USD | path=/v3/ticker
2026-10-06 01:57:41+0000 | INFO     | roostoo.api | API_REQUEST_OK | method=GET | label=ticker:BTC/USD | elapsed_ms=172
2026-10-06 01:57:41+0000 | INFO     | bot | WARMUP_LIVE_DATA | pair=BTC/USD | completed_candles=0
2026-10-06 01:57:41+0000 | INFO     | bot | LOOP_COMPLETE | elapsed_ms=1513
2026-10-06 01:58:40+0000 | INFO     | roostoo.api | API_REQUEST_START | method=GET | label=ticker:TRX/USD | path=/v3/ticker
2026-10-06 01:58:40+0000 | INFO     | roostoo.api | API_REQUEST_OK | method=GET | label=ticker:TRX/USD | elapsed_ms=430
2026-10-06 01:58:40+0000 | INFO     | bot | WARMUP_LIVE_DATA | pair=TRX/USD | completed_candles=0
2026-10-06 01:58:40+0000 | INFO     | roostoo.api | API_REQUEST_START | method=GET | label=ticker:AVAX/USD | path=/v3/ticker
2026-10-06 01:58:40+0000 | INFO     | roostoo.api | API_REQUEST_OK | method=GET | label=ticker:AVAX/USD | elapsed_ms=172
2026-10-06 01:58:40+0000 | INFO     | bot | WARMUP_LIVE_DATA | pair=AVAX/USD | completed_candles=0
2026-10-06 01:58:40+0000 | INFO     | roostoo.api | API_REQUEST_START | method=GET | label=ticker:DOT/USD | path=/v3/ticker
2026-10-06 01:58:40+0000 | INFO     | roostoo.api | API_REQUEST_OK | method=GET | label=ticker:DOT/USD | elapsed_ms=171
2026-10-06 01:58:40+0000 | INFO     | bot | WARMUP_LIVE_DATA | pair=DOT/USD | completed_candles=0
2026-10-06 01:58:40+0000 | INFO     | roostoo.api | API_REQUEST_START | method=GET | label=ticker:BNB/USD | path=/v3/ticker
2026-10-06 01:58:41+0000 | INFO     | roostoo.api | API_REQUEST_OK | method=GET | label=ticker:BNB/USD | elapsed_ms=502
2026-10-06 01:58:41+0000 | INFO     | bot | WARMUP_LIVE_DATA | pair=BNB/USD | completed_candles=0
2026-10-06 01:58:41+0000 | INFO     | roostoo.api | API_REQUEST_START | method=GET | label=ticker:SUI/USD | path=/v3/ticker
2026-10-06 01:58:41+0000 | INFO     | roostoo.api | API_REQUEST_OK | method=GET | label=ticker:SUI/USD | elapsed_ms=172
2026-10-06 01:58:41+0000 | INFO     | bot | WARMUP_LIVE_DATA | pair=SUI/USD | completed_candles=0
2026-10-06 01:58:41+0000 | INFO     | roostoo.api | API_REQUEST_START | method=GET | label=ticker:BTC/USD | path=/v3/ticker
2026-10-06 01:58:42+0000 | INFO     | roostoo.api | API_REQUEST_OK | method=GET | label=ticker:BTC/USD | elapsed_ms=543
2026-10-06 01:58:42+0000 | INFO     | bot | WARMUP_LIVE_DATA | pair=BTC/USD | completed_candles=0
2026-10-06 01:58:42+0000 | INFO     | bot | LOOP_COMPLETE | elapsed_ms=2032
2026-10-06 01:59:40+0000 | INFO     | roostoo.api | API_REQUEST_START | method=GET | label=ticker:TRX/USD | path=/v3/ticker
2026-10-06 01:59:40+0000 | INFO     | roostoo.api | API_REQUEST_OK | method=GET | label=ticker:TRX/USD | elapsed_ms=172
2026-10-06 01:59:40+0000 | INFO     | bot | WARMUP_LIVE_DATA | pair=TRX/USD | completed_candles=0
2026-10-06 01:59:40+0000 | INFO     | roostoo.api | API_REQUEST_START | method=GET | label=ticker:AVAX/USD | path=/v3/ticker
2026-10-06 01:59:40+0000 | INFO     | roostoo.api | API_REQUEST_OK | method=GET | label=ticker:AVAX/USD | elapsed_ms=170
2026-10-06 01:59:40+0000 | INFO     | bot | WARMUP_LIVE_DATA | pair=AVAX/USD | completed_candles=0
2026-10-06 01:59:40+0000 | INFO     | roostoo.api | API_REQUEST_START | method=GET | label=server_time | path=/v3/serverTime
2026-10-06 01:59:40+0000 | INFO     | roostoo.api | API_REQUEST_OK | method=GET | label=server_time | elapsed_ms=185
2026-10-06 01:59:40+0000 | INFO     | roostoo.api | SERVER_TIME_SYNC | offset_ms=100
2026-10-06 01:59:40+0000 | INFO     | roostoo.api | API_REQUEST_START | method=GET | label=ticker:DOT/USD | path=/v3/ticker
2026-10-06 01:59:40+0000 | INFO     | roostoo.api | API_REQUEST_OK | method=GET | label=ticker:DOT/USD | elapsed_ms=185
2026-10-06 01:59:40+0000 | INFO     | bot | WARMUP_LIVE_DATA | pair=DOT/USD | completed_candles=0
2026-10-06 01:59:40+0000 | INFO     | roostoo.api | API_REQUEST_START | method=GET | label=ticker:BNB/USD | path=/v3/ticker
2026-10-06 01:59:41+0000 | INFO     | roostoo.api | API_REQUEST_OK | method=GET | label=ticker:BNB/USD | elapsed_ms=186
2026-10-06 01:59:41+0000 | INFO     | bot | WARMUP_LIVE_DATA | pair=BNB/USD | completed_candles=0
2026-10-06 01:59:41+0000 | INFO     | roostoo.api | API_REQUEST_START | method=GET | label=ticker:SUI/USD | path=/v3/ticker
2026-10-06 01:59:41+0000 | INFO     | roostoo.api | API_REQUEST_OK | method=GET | label=ticker:SUI/USD | elapsed_ms=185
2026-10-06 01:59:41+0000 | INFO     | bot | WARMUP_LIVE_DATA | pair=SUI/USD | completed_candles=0
2026-10-06 01:59:41+0000 | INFO     | roostoo.api | API_REQUEST_START | method=GET | label=ticker:BTC/USD | path=/v3/ticker
2026-10-06 01:59:41+0000 | INFO     | roostoo.api | API_REQUEST_OK | method=GET | label=ticker:BTC/USD | elapsed_ms=501
2026-10-06 01:59:41+0000 | INFO     | bot | WARMUP_LIVE_DATA | pair=BTC/USD | completed_candles=0
2026-10-06 01:59:41+0000 | INFO     | bot | LOOP_COMPLETE | elapsed_ms=1623
2026-10-06 02:00:40+0000 | INFO     | roostoo.api | API_REQUEST_START | method=GET | label=ticker:TRX/USD | path=/v3/ticker
2026-10-06 02:00:40+0000 | INFO     | roostoo.api | API_REQUEST_OK | method=GET | label=ticker:TRX/USD | elapsed_ms=189
2026-10-06 02:00:40+0000 | INFO     | bot | FIRST_ROOSTOO_CANDLE | pair=TRX/USD | candle=1791248400000 | signal=0 | fast=0.33612138 | slow=0.33596338 | duplicate_warmup=False
2026-10-06 02:00:40+0000 | INFO     | roostoo.api | API_REQUEST_START | method=GET | label=ticker:AVAX/USD | path=/v3/ticker
2026-10-06 02:00:40+0000 | INFO     | roostoo.api | API_REQUEST_OK | method=GET | label=ticker:AVAX/USD | elapsed_ms=173
2026-10-06 02:00:40+0000 | INFO     | bot | FIRST_ROOSTOO_CANDLE | pair=AVAX/USD | candle=1791248400000 | signal=1 | fast=11.01030178 | slow=11.00901197 | duplicate_warmup=False
2026-10-06 02:00:40+0000 | INFO     | roostoo.api | API_REQUEST_START | method=GET | label=ticker:DOT/USD | path=/v3/ticker
2026-10-06 02:00:40+0000 | INFO     | roostoo.api | API_REQUEST_OK | method=GET | label=ticker:DOT/USD | elapsed_ms=314
2026-10-06 02:00:40+0000 | INFO     | bot | FIRST_ROOSTOO_CANDLE | pair=DOT/USD | candle=1791248400000 | signal=0 | fast=1.21135042 | slow=1.20582410 | duplicate_warmup=False
2026-10-06 02:00:40+0000 | INFO     | roostoo.api | API_REQUEST_START | method=GET | label=ticker:BNB/USD | path=/v3/ticker
2026-10-06 02:00:41+0000 | INFO     | roostoo.api | API_REQUEST_OK | method=GET | label=ticker:BNB/USD | elapsed_ms=185
2026-10-06 02:00:41+0000 | INFO     | bot | FIRST_ROOSTOO_CANDLE | pair=BNB/USD | candle=1791248400000 | signal=0 | fast=788.05553599 | slow=786.27849863 | duplicate_warmup=False
2026-10-06 02:00:41+0000 | INFO     | roostoo.api | API_REQUEST_START | method=GET | label=ticker:SUI/USD | path=/v3/ticker
2026-10-06 02:00:41+0000 | INFO     | roostoo.api | API_REQUEST_OK | method=GET | label=ticker:SUI/USD | elapsed_ms=188
2026-10-06 02:00:41+0000 | INFO     | bot | FIRST_ROOSTOO_CANDLE | pair=SUI/USD | candle=1791248400000 | signal=0 | fast=1.20920265 | slow=1.20267605 | duplicate_warmup=False
2026-10-06 02:00:41+0000 | INFO     | roostoo.api | API_REQUEST_START | method=GET | label=ticker:BTC/USD | path=/v3/ticker
2026-10-06 02:00:41+0000 | INFO     | roostoo.api | API_REQUEST_OK | method=GET | label=ticker:BTC/USD | elapsed_ms=185
2026-10-06 02:00:41+0000 | INFO     | bot | FIRST_ROOSTOO_CANDLE | pair=BTC/USD | candle=1791248400000 | signal=0 | fast=85733.58695836 | slow=85557.44964216 | duplicate_warmup=False
2026-10-06 02:00:41+0000 | INFO     | bot | LOOP_COMPLETE | elapsed_ms=1304
2026-10-06 02:01:40+0000 | INFO     | roostoo.api | API_REQUEST_START | method=GET | label=ticker:TRX/USD | path=/v3/ticker
2026-10-06 02:01:40+0000 | INFO     | roostoo.api | API_REQUEST_OK | method=GET | label=ticker:TRX/USD | elapsed_ms=187
2026-10-06 02:01:40+0000 | INFO     | roostoo.api | API_REQUEST_START | method=GET | label=ticker:AVAX/USD | path=/v3/ticker
2026-10-06 02:01:40+0000 | INFO     | roostoo.api | API_REQUEST_OK | method=GET | label=ticker:AVAX/USD | elapsed_ms=187
2026-10-06 02:01:40+0000 | INFO     | roostoo.api | API_REQUEST_START | method=GET | label=ticker:DOT/USD | path=/v3/ticker
2026-10-06 02:01:40+0000 | INFO     | roostoo.api | API_REQUEST_OK | method=GET | label=ticker:DOT/USD | elapsed_ms=174
2026-10-06 02:01:40+0000 | INFO     | roostoo.api | API_REQUEST_START | method=GET | label=ticker:BNB/USD | path=/v3/ticker
2026-10-06 02:01:40+0000 | INFO     | roostoo.api | API_REQUEST_OK | method=GET | label=ticker:BNB/USD | elapsed_ms=172
2026-10-06 02:01:40+0000 | INFO     | roostoo.api | API_REQUEST_START | method=GET | label=ticker:SUI/USD | path=/v3/ticker
2026-10-06 02:01:41+0000 | INFO     | roostoo.api | API_REQUEST_OK | method=GET | label=ticker:SUI/USD | elapsed_ms=540
2026-10-06 02:01:41+0000 | INFO     | roostoo.api | API_REQUEST_START | method=GET | label=ticker:BTC/USD | path=/v3/ticker
2026-10-06 02:01:41+0000 | INFO     | roostoo.api | API_REQUEST_OK | method=GET | label=ticker:BTC/USD | elapsed_ms=177
2026-10-06 02:01:41+0000 | INFO     | bot | LOOP_COMPLETE | elapsed_ms=1477
2026-10-06 02:02:40+0000 | INFO     | roostoo.api | API_REQUEST_START | method=GET | label=ticker:TRX/USD | path=/v3/ticker
2026-10-06 02:02:40+0000 | INFO     | roostoo.api | API_REQUEST_OK | method=GET | label=ticker:TRX/USD | elapsed_ms=185
2026-10-06 02:02:40+0000 | INFO     | roostoo.api | API_REQUEST_START | method=GET | label=ticker:AVAX/USD | path=/v3/ticker
2026-10-06 02:02:40+0000 | INFO     | roostoo.api | API_REQUEST_OK | method=GET | label=ticker:AVAX/USD | elapsed_ms=184
2026-10-06 02:02:40+0000 | INFO     | roostoo.api | API_REQUEST_START | method=GET | label=ticker:DOT/USD | path=/v3/ticker
2026-10-06 02:02:40+0000 | INFO     | roostoo.api | API_REQUEST_OK | method=GET | label=ticker:DOT/USD | elapsed_ms=186
2026-10-06 02:02:40+0000 | INFO     | roostoo.api | API_REQUEST_START | method=GET | label=ticker:BNB/USD | path=/v3/ticker
2026-10-06 02:02:40+0000 | INFO     | roostoo.api | API_REQUEST_OK | method=GET | label=ticker:BNB/USD | elapsed_ms=172
2026-10-06 02:02:40+0000 | INFO     | roostoo.api | API_REQUEST_START | method=GET | label=ticker:SUI/USD | path=/v3/ticker
2026-10-06 02:02:41+0000 | INFO     | roostoo.api | API_REQUEST_OK | method=GET | label=ticker:SUI/USD | elapsed_ms=185
2026-10-06 02:02:41+0000 | INFO     | roostoo.api | API_REQUEST_START | method=GET | label=ticker:BTC/USD | path=/v3/ticker
2026-10-06 02:02:41+0000 | INFO     | roostoo.api | API_REQUEST_OK | method=GET | label=ticker:BTC/USD | elapsed_ms=186
2026-10-06 02:02:41+0000 | INFO     | bot | LOOP_COMPLETE | elapsed_ms=1136
2026-10-06 02:03:40+0000 | INFO     | roostoo.api | API_REQUEST_START | method=GET | label=ticker:TRX/USD | path=/v3/ticker
2026-10-06 02:03:40+0000 | INFO     | roostoo.api | API_REQUEST_OK | method=GET | label=ticker:TRX/USD | elapsed_ms=187
2026-10-06 02:03:40+0000 | INFO     | roostoo.api | API_REQUEST_START | method=GET | label=ticker:AVAX/USD | path=/v3/ticker
2026-10-06 02:03:40+0000 | INFO     | roostoo.api | API_REQUEST_OK | method=GET | label=ticker:AVAX/USD | elapsed_ms=186
2026-10-06 02:03:40+0000 | INFO     | roostoo.api | API_REQUEST_START | method=GET | label=ticker:DOT/USD | path=/v3/ticker
2026-10-06 02:03:40+0000 | INFO     | roostoo.api | API_REQUEST_OK | method=GET | label=ticker:DOT/USD | elapsed_ms=185
2026-10-06 02:03:40+0000 | INFO     | roostoo.api | API_REQUEST_START | method=GET | label=ticker:BNB/USD | path=/v3/ticker
2026-10-06 02:03:41+0000 | INFO     | roostoo.api | API_REQUEST_OK | method=GET | label=ticker:BNB/USD | elapsed_ms=543
2026-10-06 02:03:41+0000 | INFO     | roostoo.api | API_REQUEST_START | method=GET | label=ticker:SUI/USD | path=/v3/ticker
2026-10-06 02:03:41+0000 | INFO     | roostoo.api | API_REQUEST_OK | method=GET | label=ticker:SUI/USD | elapsed_ms=237
2026-10-06 02:03:41+0000 | INFO     | roostoo.api | API_REQUEST_START | method=GET | label=ticker:BTC/USD | path=/v3/ticker
2026-10-06 02:03:42+0000 | INFO     | roostoo.api | API_REQUEST_OK | method=GET | label=ticker:BTC/USD | elapsed_ms=540
2026-10-06 02:03:42+0000 | INFO     | bot | LOOP_COMPLETE | elapsed_ms=1914
2026-10-06 02:04:40+0000 | INFO     | roostoo.api | API_REQUEST_START | method=GET | label=ticker:TRX/USD | path=/v3/ticker
2026-10-06 02:04:40+0000 | INFO     | roostoo.api | API_REQUEST_OK | method=GET | label=ticker:TRX/USD | elapsed_ms=185
2026-10-06 02:04:40+0000 | INFO     | roostoo.api | API_REQUEST_START | method=GET | label=ticker:AVAX/USD | path=/v3/ticker
2026-10-06 02:04:40+0000 | INFO     | roostoo.api | API_REQUEST_OK | method=GET | label=ticker:AVAX/USD | elapsed_ms=185
2026-10-06 02:04:40+0000 | INFO     | roostoo.api | API_REQUEST_START | method=GET | label=ticker:DOT/USD | path=/v3/ticker
2026-10-06 02:04:40+0000 | INFO     | roostoo.api | API_REQUEST_OK | method=GET | label=ticker:DOT/USD | elapsed_ms=334
2026-10-06 02:04:40+0000 | INFO     | roostoo.api | API_REQUEST_START | method=GET | label=server_time | path=/v3/serverTime
2026-10-06 02:04:41+0000 | INFO     | roostoo.api | API_REQUEST_OK | method=GET | label=server_time | elapsed_ms=188
2026-10-06 02:04:41+0000 | INFO     | roostoo.api | SERVER_TIME_SYNC | offset_ms=100
2026-10-06 02:04:41+0000 | INFO     | roostoo.api | API_REQUEST_START | method=GET | label=ticker:BNB/USD | path=/v3/ticker
2026-10-06 02:04:41+0000 | INFO     | roostoo.api | API_REQUEST_OK | method=GET | label=ticker:BNB/USD | elapsed_ms=503
2026-10-06 02:04:41+0000 | INFO     | roostoo.api | API_REQUEST_START | method=GET | label=ticker:SUI/USD | path=/v3/ticker
2026-10-06 02:04:41+0000 | INFO     | roostoo.api | API_REQUEST_OK | method=GET | label=ticker:SUI/USD | elapsed_ms=185
2026-10-06 02:04:41+0000 | INFO     | roostoo.api | API_REQUEST_START | method=GET | label=ticker:BTC/USD | path=/v3/ticker
2026-10-06 02:04:41+0000 | INFO     | roostoo.api | API_REQUEST_OK | method=GET | label=ticker:BTC/USD | elapsed_ms=185
2026-10-06 02:04:41+0000 | INFO     | bot | LOOP_COMPLETE | elapsed_ms=1801
2026-10-06 02:05:40+0000 | INFO     | roostoo.api | API_REQUEST_START | method=GET | label=ticker:TRX/USD | path=/v3/ticker
2026-10-06 02:05:40+0000 | INFO     | roostoo.api | API_REQUEST_OK | method=GET | label=ticker:TRX/USD | elapsed_ms=179
2026-10-06 02:05:40+0000 | INFO     | roostoo.api | API_REQUEST_START | method=GET | label=ticker:AVAX/USD | path=/v3/ticker
2026-10-06 02:05:40+0000 | INFO     | roostoo.api | API_REQUEST_OK | method=GET | label=ticker:AVAX/USD | elapsed_ms=178
2026-10-06 02:05:40+0000 | INFO     | roostoo.api | API_REQUEST_START | method=GET | label=ticker:DOT/USD | path=/v3/ticker
2026-10-06 02:05:40+0000 | INFO     | roostoo.api | API_REQUEST_OK | method=GET | label=ticker:DOT/USD | elapsed_ms=503
2026-10-06 02:05:41+0000 | INFO     | roostoo.api | API_REQUEST_START | method=GET | label=ticker:BNB/USD | path=/v3/ticker
2026-10-06 02:05:41+0000 | INFO     | roostoo.api | API_REQUEST_OK | method=GET | label=ticker:BNB/USD | elapsed_ms=174
2026-10-06 02:05:41+0000 | INFO     | roostoo.api | API_REQUEST_START | method=GET | label=ticker:SUI/USD | path=/v3/ticker
2026-10-06 02:05:41+0000 | INFO     | roostoo.api | API_REQUEST_OK | method=GET | label=ticker:SUI/USD | elapsed_ms=174
2026-10-06 02:05:41+0000 | INFO     | roostoo.api | API_REQUEST_START | method=GET | label=ticker:BTC/USD | path=/v3/ticker
2026-10-06 02:05:41+0000 | INFO     | roostoo.api | API_REQUEST_OK | method=GET | label=ticker:BTC/USD | elapsed_ms=171
2026-10-06 02:05:41+0000 | INFO     | bot | LOOP_COMPLETE | elapsed_ms=1418
2026-10-06 02:06:40+0000 | INFO     | roostoo.api | API_REQUEST_START | method=GET | label=ticker:TRX/USD | path=/v3/ticker
2026-10-06 02:06:40+0000 | INFO     | roostoo.api | API_REQUEST_OK | method=GET | label=ticker:TRX/USD | elapsed_ms=186
2026-10-06 02:06:40+0000 | INFO     | roostoo.api | API_REQUEST_START | method=GET | label=ticker:AVAX/USD | path=/v3/ticker
2026-10-06 02:06:40+0000 | INFO     | roostoo.api | API_REQUEST_OK | method=GET | label=ticker:AVAX/USD | elapsed_ms=172
2026-10-06 02:06:40+0000 | INFO     | roostoo.api | API_REQUEST_START | method=GET | label=ticker:DOT/USD | path=/v3/ticker
2026-10-06 02:06:40+0000 | INFO     | roostoo.api | API_REQUEST_OK | method=GET | label=ticker:DOT/USD | elapsed_ms=184
2026-10-06 02:06:40+0000 | INFO     | roostoo.api | API_REQUEST_START | method=GET | label=ticker:BNB/USD | path=/v3/ticker
2026-10-06 02:06:40+0000 | INFO     | roostoo.api | API_REQUEST_OK | method=GET | label=ticker:BNB/USD | elapsed_ms=184
2026-10-06 02:06:40+0000 | INFO     | roostoo.api | API_REQUEST_START | method=GET | label=ticker:SUI/USD | path=/v3/ticker
2026-10-06 02:06:41+0000 | INFO     | roostoo.api | API_REQUEST_OK | method=GET | label=ticker:SUI/USD | elapsed_ms=500
2026-10-06 02:06:41+0000 | INFO     | roostoo.api | API_REQUEST_START | method=GET | label=ticker:BTC/USD | path=/v3/ticker
2026-10-06 02:06:41+0000 | INFO     | roostoo.api | API_REQUEST_OK | method=GET | label=ticker:BTC/USD | elapsed_ms=185
2026-10-06 02:06:41+0000 | INFO     | bot | LOOP_COMPLETE | elapsed_ms=1447
2026-10-06 02:07:40+0000 | INFO     | roostoo.api | API_REQUEST_START | method=GET | label=ticker:TRX/USD | path=/v3/ticker
2026-10-06 02:07:40+0000 | INFO     | roostoo.api | API_REQUEST_OK | method=GET | label=ticker:TRX/USD | elapsed_ms=186
2026-10-06 02:07:40+0000 | INFO     | roostoo.api | API_REQUEST_START | method=GET | label=ticker:AVAX/USD | path=/v3/ticker
2026-10-06 02:07:40+0000 | INFO     | roostoo.api | API_REQUEST_OK | method=GET | label=ticker:AVAX/USD | elapsed_ms=172
2026-10-06 02:07:40+0000 | INFO     | roostoo.api | API_REQUEST_START | method=GET | label=ticker:DOT/USD | path=/v3/ticker
2026-10-06 02:07:40+0000 | INFO     | roostoo.api | API_REQUEST_OK | method=GET | label=ticker:DOT/USD | elapsed_ms=172
2026-10-06 02:07:40+0000 | INFO     | roostoo.api | API_REQUEST_START | method=GET | label=ticker:BNB/USD | path=/v3/ticker
2026-10-06 02:07:40+0000 | INFO     | roostoo.api | API_REQUEST_OK | method=GET | label=ticker:BNB/USD | elapsed_ms=188
2026-10-06 02:07:40+0000 | INFO     | roostoo.api | API_REQUEST_START | method=GET | label=ticker:SUI/USD | path=/v3/ticker
2026-10-06 02:07:41+0000 | INFO     | roostoo.api | API_REQUEST_OK | method=GET | label=ticker:SUI/USD | elapsed_ms=185
2026-10-06 02:07:41+0000 | INFO     | roostoo.api | API_REQUEST_START | method=GET | label=ticker:BTC/USD | path=/v3/ticker
2026-10-06 02:07:41+0000 | INFO     | roostoo.api | API_REQUEST_OK | method=GET | label=ticker:BTC/USD | elapsed_ms=544
2026-10-06 02:07:41+0000 | INFO     | bot | LOOP_COMPLETE | elapsed_ms=1486
2026-10-06 02:08:40+0000 | INFO     | roostoo.api | API_REQUEST_START | method=GET | label=ticker:TRX/USD | path=/v3/ticker
2026-10-06 02:08:40+0000 | INFO     | roostoo.api | API_REQUEST_OK | method=GET | label=ticker:TRX/USD | elapsed_ms=174
2026-10-06 02:08:40+0000 | INFO     | roostoo.api | API_REQUEST_START | method=GET | label=ticker:AVAX/USD | path=/v3/ticker
2026-10-06 02:08:40+0000 | INFO     | roostoo.api | API_REQUEST_OK | method=GET | label=ticker:AVAX/USD | elapsed_ms=172
2026-10-06 02:08:40+0000 | INFO     | roostoo.api | API_REQUEST_START | method=GET | label=ticker:DOT/USD | path=/v3/ticker
2026-10-06 02:08:40+0000 | INFO     | roostoo.api | API_REQUEST_OK | method=GET | label=ticker:DOT/USD | elapsed_ms=186
2026-10-06 02:08:40+0000 | INFO     | roostoo.api | API_REQUEST_START | method=GET | label=ticker:BNB/USD | path=/v3/ticker
2026-10-06 02:08:40+0000 | INFO     | roostoo.api | API_REQUEST_OK | method=GET | label=ticker:BNB/USD | elapsed_ms=171
2026-10-06 02:08:40+0000 | INFO     | roostoo.api | API_REQUEST_START | method=GET | label=ticker:SUI/USD | path=/v3/ticker
2026-10-06 02:08:41+0000 | INFO     | roostoo.api | API_REQUEST_OK | method=GET | label=ticker:SUI/USD | elapsed_ms=297
2026-10-06 02:08:41+0000 | INFO     | roostoo.api | API_REQUEST_START | method=GET | label=ticker:BTC/USD | path=/v3/ticker
2026-10-06 02:08:41+0000 | INFO     | roostoo.api | API_REQUEST_OK | method=GET | label=ticker:BTC/USD | elapsed_ms=171
2026-10-06 02:08:41+0000 | INFO     | bot | LOOP_COMPLETE | elapsed_ms=1207
2026-10-06 02:09:40+0000 | INFO     | roostoo.api | API_REQUEST_START | method=GET | label=ticker:TRX/USD | path=/v3/ticker
2026-10-06 02:09:40+0000 | INFO     | roostoo.api | API_REQUEST_OK | method=GET | label=ticker:TRX/USD | elapsed_ms=172
2026-10-06 02:09:40+0000 | INFO     | roostoo.api | API_REQUEST_START | method=GET | label=ticker:AVAX/USD | path=/v3/ticker
2026-10-06 02:09:40+0000 | INFO     | roostoo.api | API_REQUEST_OK | method=GET | label=ticker:AVAX/USD | elapsed_ms=172
2026-10-06 02:09:40+0000 | INFO     | roostoo.api | API_REQUEST_START | method=GET | label=ticker:DOT/USD | path=/v3/ticker
2026-10-06 02:09:40+0000 | INFO     | roostoo.api | API_REQUEST_OK | method=GET | label=ticker:DOT/USD | elapsed_ms=199
2026-10-06 02:09:40+0000 | INFO     | roostoo.api | API_REQUEST_START | method=GET | label=ticker:BNB/USD | path=/v3/ticker
2026-10-06 02:09:40+0000 | INFO     | roostoo.api | API_REQUEST_OK | method=GET | label=ticker:BNB/USD | elapsed_ms=171
2026-10-06 02:09:40+0000 | INFO     | roostoo.api | API_REQUEST_START | method=GET | label=ticker:SUI/USD | path=/v3/ticker
2026-10-06 02:09:41+0000 | INFO     | roostoo.api | API_REQUEST_OK | method=GET | label=ticker:SUI/USD | elapsed_ms=186
2026-10-06 02:09:41+0000 | INFO     | roostoo.api | API_REQUEST_START | method=GET | label=server_time | path=/v3/serverTime
2026-10-06 02:09:41+0000 | INFO     | roostoo.api | API_REQUEST_OK | method=GET | label=server_time | elapsed_ms=186
2026-10-06 02:09:41+0000 | INFO     | roostoo.api | SERVER_TIME_SYNC | offset_ms=101
2026-10-06 02:09:41+0000 | INFO     | roostoo.api | API_REQUEST_START | method=GET | label=ticker:BTC/USD | path=/v3/ticker
2026-10-06 02:09:41+0000 | INFO     | roostoo.api | API_REQUEST_OK | method=GET | label=ticker:BTC/USD | elapsed_ms=540
2026-10-06 02:09:41+0000 | INFO     | bot | LOOP_COMPLETE | elapsed_ms=1663
2026-10-06 02:10:40+0000 | INFO     | roostoo.api | API_REQUEST_START | method=GET | label=ticker:TRX/USD | path=/v3/ticker
2026-10-06 02:10:40+0000 | INFO     | roostoo.api | API_REQUEST_OK | method=GET | label=ticker:TRX/USD | elapsed_ms=172
2026-10-06 02:10:40+0000 | INFO     | roostoo.api | API_REQUEST_START | method=GET | label=ticker:AVAX/USD | path=/v3/ticker
2026-10-06 02:10:40+0000 | INFO     | roostoo.api | API_REQUEST_OK | method=GET | label=ticker:AVAX/USD | elapsed_ms=173
2026-10-06 02:10:40+0000 | INFO     | roostoo.api | API_REQUEST_START | method=GET | label=ticker:DOT/USD | path=/v3/ticker
2026-10-06 02:10:40+0000 | INFO     | roostoo.api | API_REQUEST_OK | method=GET | label=ticker:DOT/USD | elapsed_ms=185
2026-10-06 02:10:40+0000 | INFO     | roostoo.api | API_REQUEST_START | method=GET | label=ticker:BNB/USD | path=/v3/ticker
2026-10-06 02:10:41+0000 | INFO     | roostoo.api | API_REQUEST_OK | method=GET | label=ticker:BNB/USD | elapsed_ms=501
2026-10-06 02:10:41+0000 | INFO     | roostoo.api | API_REQUEST_START | method=GET | label=ticker:SUI/USD | path=/v3/ticker
2026-10-06 02:10:41+0000 | INFO     | roostoo.api | API_REQUEST_OK | method=GET | label=ticker:SUI/USD | elapsed_ms=172
2026-10-06 02:10:41+0000 | INFO     | roostoo.api | API_REQUEST_START | method=GET | label=ticker:BTC/USD | path=/v3/ticker
2026-10-06 02:10:41+0000 | INFO     | roostoo.api | API_REQUEST_OK | method=GET | label=ticker:BTC/USD | elapsed_ms=174
2026-10-06 02:10:41+0000 | INFO     | bot | LOOP_COMPLETE | elapsed_ms=1414
2026-10-06 02:11:40+0000 | INFO     | roostoo.api | API_REQUEST_START | method=GET | label=ticker:TRX/USD | path=/v3/ticker
2026-10-06 02:11:40+0000 | INFO     | roostoo.api | API_REQUEST_OK | method=GET | label=ticker:TRX/USD | elapsed_ms=185
2026-10-06 02:11:40+0000 | INFO     | roostoo.api | API_REQUEST_START | method=GET | label=ticker:AVAX/USD | path=/v3/ticker
2026-10-06 02:11:40+0000 | INFO     | roostoo.api | API_REQUEST_OK | method=GET | label=ticker:AVAX/USD | elapsed_ms=185
2026-10-06 02:11:40+0000 | INFO     | roostoo.api | API_REQUEST_START | method=GET | label=ticker:DOT/USD | path=/v3/ticker
2026-10-06 02:11:40+0000 | INFO     | roostoo.api | API_REQUEST_OK | method=GET | label=ticker:DOT/USD | elapsed_ms=185
2026-10-06 02:11:40+0000 | INFO     | roostoo.api | API_REQUEST_START | method=GET | label=ticker:BNB/USD | path=/v3/ticker
2026-10-06 02:11:40+0000 | INFO     | roostoo.api | API_REQUEST_OK | method=GET | label=ticker:BNB/USD | elapsed_ms=171
2026-10-06 02:11:40+0000 | INFO     | roostoo.api | API_REQUEST_START | method=GET | label=ticker:SUI/USD | path=/v3/ticker
2026-10-06 02:11:41+0000 | INFO     | roostoo.api | API_REQUEST_OK | method=GET | label=ticker:SUI/USD | elapsed_ms=185
2026-10-06 02:11:41+0000 | INFO     | roostoo.api | API_REQUEST_START | method=GET | label=ticker:BTC/USD | path=/v3/ticker
2026-10-06 02:11:41+0000 | INFO     | roostoo.api | API_REQUEST_OK | method=GET | label=ticker:BTC/USD | elapsed_ms=185
2026-10-06 02:11:41+0000 | INFO     | bot | LOOP_COMPLETE | elapsed_ms=1133
2026-10-06 02:12:40+0000 | INFO     | roostoo.api | API_REQUEST_START | method=GET | label=ticker:TRX/USD | path=/v3/ticker
2026-10-06 02:12:40+0000 | INFO     | roostoo.api | API_REQUEST_OK | method=GET | label=ticker:TRX/USD | elapsed_ms=186
2026-10-06 02:12:40+0000 | INFO     | roostoo.api | API_REQUEST_START | method=GET | label=ticker:AVAX/USD | path=/v3/ticker
2026-10-06 02:12:40+0000 | INFO     | roostoo.api | API_REQUEST_OK | method=GET | label=ticker:AVAX/USD | elapsed_ms=184
2026-10-06 02:12:40+0000 | INFO     | roostoo.api | API_REQUEST_START | method=GET | label=ticker:DOT/USD | path=/v3/ticker
2026-10-06 02:12:40+0000 | INFO     | roostoo.api | API_REQUEST_OK | method=GET | label=ticker:DOT/USD | elapsed_ms=186
2026-10-06 02:12:40+0000 | INFO     | roostoo.api | API_REQUEST_START | method=GET | label=ticker:BNB/USD | path=/v3/ticker
2026-10-06 02:12:40+0000 | INFO     | roostoo.api | API_REQUEST_OK | method=GET | label=ticker:BNB/USD | elapsed_ms=330
2026-10-06 02:12:40+0000 | INFO     | roostoo.api | API_REQUEST_START | method=GET | label=ticker:SUI/USD | path=/v3/ticker
2026-10-06 02:12:41+0000 | INFO     | roostoo.api | API_REQUEST_OK | method=GET | label=ticker:SUI/USD | elapsed_ms=185
2026-10-06 02:12:41+0000 | INFO     | roostoo.api | API_REQUEST_START | method=GET | label=ticker:BTC/USD | path=/v3/ticker
2026-10-06 02:12:41+0000 | INFO     | roostoo.api | API_REQUEST_OK | method=GET | label=ticker:BTC/USD | elapsed_ms=185
2026-10-06 02:12:41+0000 | INFO     | bot | LOOP_COMPLETE | elapsed_ms=1294
2026-10-06 02:13:40+0000 | INFO     | roostoo.api | API_REQUEST_START | method=GET | label=ticker:TRX/USD | path=/v3/ticker
2026-10-06 02:13:40+0000 | INFO     | roostoo.api | API_REQUEST_OK | method=GET | label=ticker:TRX/USD | elapsed_ms=186
2026-10-06 02:13:40+0000 | INFO     | roostoo.api | API_REQUEST_START | method=GET | label=ticker:AVAX/USD | path=/v3/ticker
2026-10-06 02:13:40+0000 | INFO     | roostoo.api | API_REQUEST_OK | method=GET | label=ticker:AVAX/USD | elapsed_ms=185
2026-10-06 02:13:40+0000 | INFO     | roostoo.api | API_REQUEST_START | method=GET | label=ticker:DOT/USD | path=/v3/ticker
2026-10-06 02:13:40+0000 | INFO     | roostoo.api | API_REQUEST_OK | method=GET | label=ticker:DOT/USD | elapsed_ms=185
2026-10-06 02:13:40+0000 | INFO     | roostoo.api | API_REQUEST_START | method=GET | label=ticker:BNB/USD | path=/v3/ticker
2026-10-06 02:13:40+0000 | INFO     | roostoo.api | API_REQUEST_OK | method=GET | label=ticker:BNB/USD | elapsed_ms=225
2026-10-06 02:13:40+0000 | INFO     | roostoo.api | API_REQUEST_START | method=GET | label=ticker:SUI/USD | path=/v3/ticker
2026-10-06 02:13:41+0000 | INFO     | roostoo.api | API_REQUEST_OK | method=GET | label=ticker:SUI/USD | elapsed_ms=541
2026-10-06 02:13:41+0000 | INFO     | roostoo.api | API_REQUEST_START | method=GET | label=ticker:BTC/USD | path=/v3/ticker
2026-10-06 02:13:42+0000 | INFO     | roostoo.api | API_REQUEST_OK | method=GET | label=ticker:BTC/USD | elapsed_ms=580
2026-10-06 02:13:42+0000 | INFO     | bot | LOOP_COMPLETE | elapsed_ms=1938
2026-10-06 02:14:40+0000 | INFO     | roostoo.api | API_REQUEST_START | method=GET | label=ticker:TRX/USD | path=/v3/ticker
2026-10-06 02:14:40+0000 | INFO     | roostoo.api | API_REQUEST_OK | method=GET | label=ticker:TRX/USD | elapsed_ms=202
2026-10-06 02:14:40+0000 | INFO     | roostoo.api | API_REQUEST_START | method=GET | label=ticker:AVAX/USD | path=/v3/ticker
2026-10-06 02:14:40+0000 | INFO     | roostoo.api | API_REQUEST_OK | method=GET | label=ticker:AVAX/USD | elapsed_ms=197
2026-10-06 02:14:40+0000 | INFO     | roostoo.api | API_REQUEST_START | method=GET | label=ticker:DOT/USD | path=/v3/ticker
2026-10-06 02:14:40+0000 | INFO     | roostoo.api | API_REQUEST_OK | method=GET | label=ticker:DOT/USD | elapsed_ms=185
2026-10-06 02:14:40+0000 | INFO     | roostoo.api | API_REQUEST_START | method=GET | label=ticker:BNB/USD | path=/v3/ticker
2026-10-06 02:14:40+0000 | INFO     | roostoo.api | API_REQUEST_OK | method=GET | label=ticker:BNB/USD | elapsed_ms=184
2026-10-06 02:14:40+0000 | INFO     | roostoo.api | API_REQUEST_START | method=GET | label=ticker:SUI/USD | path=/v3/ticker
2026-10-06 02:14:41+0000 | INFO     | roostoo.api | API_REQUEST_OK | method=GET | label=ticker:SUI/USD | elapsed_ms=198
2026-10-06 02:14:41+0000 | INFO     | roostoo.api | API_REQUEST_START | method=GET | label=ticker:BTC/USD | path=/v3/ticker
2026-10-06 02:14:41+0000 | INFO     | roostoo.api | API_REQUEST_OK | method=GET | label=ticker:BTC/USD | elapsed_ms=177
2026-10-06 02:14:41+0000 | INFO     | bot | LOOP_COMPLETE | elapsed_ms=1180
2026-10-06 02:15:40+0000 | INFO     | roostoo.api | API_REQUEST_START | method=GET | label=server_time | path=/v3/serverTime
2026-10-06 02:15:40+0000 | INFO     | roostoo.api | API_REQUEST_OK | method=GET | label=server_time | elapsed_ms=172
2026-10-06 02:15:40+0000 | INFO     | roostoo.api | SERVER_TIME_SYNC | offset_ms=88
2026-10-06 02:15:40+0000 | INFO     | roostoo.api | API_REQUEST_START | method=GET | label=ticker:TRX/USD | path=/v3/ticker
2026-10-06 02:15:40+0000 | INFO     | roostoo.api | API_REQUEST_OK | method=GET | label=ticker:TRX/USD | elapsed_ms=174
2026-10-06 02:15:40+0000 | INFO     | roostoo.api | API_REQUEST_START | method=GET | label=ticker:AVAX/USD | path=/v3/ticker
2026-10-06 02:15:40+0000 | INFO     | roostoo.api | API_REQUEST_OK | method=GET | label=ticker:AVAX/USD | elapsed_ms=184
2026-10-06 02:15:40+0000 | INFO     | roostoo.api | API_REQUEST_START | method=GET | label=ticker:DOT/USD | path=/v3/ticker
2026-10-06 02:15:40+0000 | INFO     | roostoo.api | API_REQUEST_OK | method=GET | label=ticker:DOT/USD | elapsed_ms=185
2026-10-06 02:15:40+0000 | INFO     | roostoo.api | API_REQUEST_START | method=GET | label=ticker:BNB/USD | path=/v3/ticker
2026-10-06 02:15:41+0000 | INFO     | roostoo.api | API_REQUEST_OK | method=GET | label=ticker:BNB/USD | elapsed_ms=173
2026-10-06 02:15:41+0000 | INFO     | roostoo.api | API_REQUEST_START | method=GET | label=ticker:SUI/USD | path=/v3/ticker
2026-10-06 02:15:41+0000 | INFO     | roostoo.api | API_REQUEST_OK | method=GET | label=ticker:SUI/USD | elapsed_ms=185
2026-10-06 02:15:41+0000 | INFO     | roostoo.api | API_REQUEST_START | method=GET | label=ticker:BTC/USD | path=/v3/ticker
2026-10-06 02:15:41+0000 | INFO     | roostoo.api | API_REQUEST_OK | method=GET | label=ticker:BTC/USD | elapsed_ms=542
2026-10-06 02:15:41+0000 | INFO     | bot | LOOP_COMPLETE | elapsed_ms=1654
2026-10-06 02:16:40+0000 | INFO     | roostoo.api | API_REQUEST_START | method=GET | label=ticker:TRX/USD | path=/v3/ticker
2026-10-06 02:16:40+0000 | INFO     | roostoo.api | API_REQUEST_OK | method=GET | label=ticker:TRX/USD | elapsed_ms=186
2026-10-06 02:16:40+0000 | INFO     | roostoo.api | API_REQUEST_START | method=GET | label=ticker:AVAX/USD | path=/v3/ticker
2026-10-06 02:16:40+0000 | INFO     | roostoo.api | API_REQUEST_OK | method=GET | label=ticker:AVAX/USD | elapsed_ms=185
2026-10-06 02:16:40+0000 | INFO     | roostoo.api | API_REQUEST_START | method=GET | label=ticker:DOT/USD | path=/v3/ticker
2026-10-06 02:16:40+0000 | INFO     | roostoo.api | API_REQUEST_OK | method=GET | label=ticker:DOT/USD | elapsed_ms=172
2026-10-06 02:16:40+0000 | INFO     | roostoo.api | API_REQUEST_START | method=GET | label=ticker:BNB/USD | path=/v3/ticker
2026-10-06 02:16:41+0000 | INFO     | roostoo.api | API_REQUEST_OK | method=GET | label=ticker:BNB/USD | elapsed_ms=505
2026-10-06 02:16:41+0000 | INFO     | roostoo.api | API_REQUEST_START | method=GET | label=ticker:SUI/USD | path=/v3/ticker
2026-10-06 02:16:41+0000 | INFO     | roostoo.api | API_REQUEST_OK | method=GET | label=ticker:SUI/USD | elapsed_ms=172
2026-10-06 02:16:41+0000 | INFO     | roostoo.api | API_REQUEST_START | method=GET | label=ticker:BTC/USD | path=/v3/ticker
2026-10-06 02:16:41+0000 | INFO     | roostoo.api | API_REQUEST_OK | method=GET | label=ticker:BTC/USD | elapsed_ms=581
2026-10-06 02:16:41+0000 | INFO     | bot | LOOP_COMPLETE | elapsed_ms=1837
2026-10-06 02:17:40+0000 | INFO     | roostoo.api | API_REQUEST_START | method=GET | label=ticker:TRX/USD | path=/v3/ticker
2026-10-06 02:17:40+0000 | INFO     | roostoo.api | API_REQUEST_OK | method=GET | label=ticker:TRX/USD | elapsed_ms=173
2026-10-06 02:17:40+0000 | INFO     | roostoo.api | API_REQUEST_START | method=GET | label=ticker:AVAX/USD | path=/v3/ticker
2026-10-06 02:17:40+0000 | INFO     | roostoo.api | API_REQUEST_OK | method=GET | label=ticker:AVAX/USD | elapsed_ms=171
2026-10-06 02:17:40+0000 | INFO     | roostoo.api | API_REQUEST_START | method=GET | label=ticker:DOT/USD | path=/v3/ticker
2026-10-06 02:17:40+0000 | INFO     | roostoo.api | API_REQUEST_OK | method=GET | label=ticker:DOT/USD | elapsed_ms=186
2026-10-06 02:17:40+0000 | INFO     | roostoo.api | API_REQUEST_START | method=GET | label=ticker:BNB/USD | path=/v3/ticker
2026-10-06 02:17:40+0000 | INFO     | roostoo.api | API_REQUEST_OK | method=GET | label=ticker:BNB/USD | elapsed_ms=171
2026-10-06 02:17:40+0000 | INFO     | roostoo.api | API_REQUEST_START | method=GET | label=ticker:SUI/USD | path=/v3/ticker
2026-10-06 02:17:40+0000 | INFO     | roostoo.api | API_REQUEST_OK | method=GET | label=ticker:SUI/USD | elapsed_ms=172
2026-10-06 02:17:40+0000 | INFO     | roostoo.api | API_REQUEST_START | method=GET | label=ticker:BTC/USD | path=/v3/ticker
2026-10-06 02:17:41+0000 | INFO     | roostoo.api | API_REQUEST_OK | method=GET | label=ticker:BTC/USD | elapsed_ms=172
2026-10-06 02:17:41+0000 | INFO     | bot | LOOP_COMPLETE | elapsed_ms=1080
2026-10-06 02:18:40+0000 | INFO     | roostoo.api | API_REQUEST_START | method=GET | label=ticker:TRX/USD | path=/v3/ticker
2026-10-06 02:18:40+0000 | INFO     | roostoo.api | API_REQUEST_OK | method=GET | label=ticker:TRX/USD | elapsed_ms=188
2026-10-06 02:18:40+0000 | INFO     | roostoo.api | API_REQUEST_START | method=GET | label=ticker:AVAX/USD | path=/v3/ticker
2026-10-06 02:18:40+0000 | INFO     | roostoo.api | API_REQUEST_OK | method=GET | label=ticker:AVAX/USD | elapsed_ms=231
2026-10-06 02:18:40+0000 | INFO     | roostoo.api | API_REQUEST_START | method=GET | label=ticker:DOT/USD | path=/v3/ticker
2026-10-06 02:18:41+0000 | INFO     | roostoo.api | API_REQUEST_OK | method=GET | label=ticker:DOT/USD | elapsed_ms=544
2026-10-06 02:18:41+0000 | INFO     | roostoo.api | API_REQUEST_START | method=GET | label=ticker:BNB/USD | path=/v3/ticker
2026-10-06 02:18:41+0000 | INFO     | roostoo.api | API_REQUEST_OK | method=GET | label=ticker:BNB/USD | elapsed_ms=185
2026-10-06 02:18:41+0000 | INFO     | roostoo.api | API_REQUEST_START | method=GET | label=ticker:SUI/USD | path=/v3/ticker
2026-10-06 02:18:41+0000 | INFO     | roostoo.api | API_REQUEST_OK | method=GET | label=ticker:SUI/USD | elapsed_ms=184
2026-10-06 02:18:41+0000 | INFO     | roostoo.api | API_REQUEST_START | method=GET | label=ticker:BTC/USD | path=/v3/ticker
2026-10-06 02:18:41+0000 | INFO     | roostoo.api | API_REQUEST_OK | method=GET | label=ticker:BTC/USD | elapsed_ms=184
2026-10-06 02:18:41+0000 | INFO     | bot | LOOP_COMPLETE | elapsed_ms=1553
2026-10-06 02:19:40+0000 | INFO     | roostoo.api | API_REQUEST_START | method=GET | label=ticker:TRX/USD | path=/v3/ticker
2026-10-06 02:19:40+0000 | INFO     | roostoo.api | API_REQUEST_OK | method=GET | label=ticker:TRX/USD | elapsed_ms=188
2026-10-06 02:19:40+0000 | INFO     | roostoo.api | API_REQUEST_START | method=GET | label=ticker:AVAX/USD | path=/v3/ticker
2026-10-06 02:19:40+0000 | INFO     | roostoo.api | API_REQUEST_OK | method=GET | label=ticker:AVAX/USD | elapsed_ms=171
2026-10-06 02:19:40+0000 | INFO     | roostoo.api | API_REQUEST_START | method=GET | label=ticker:DOT/USD | path=/v3/ticker
2026-10-06 02:19:40+0000 | INFO     | roostoo.api | API_REQUEST_OK | method=GET | label=ticker:DOT/USD | elapsed_ms=185
2026-10-06 02:19:40+0000 | INFO     | roostoo.api | API_REQUEST_START | method=GET | label=ticker:BNB/USD | path=/v3/ticker
2026-10-06 02:19:40+0000 | INFO     | roostoo.api | API_REQUEST_OK | method=GET | label=ticker:BNB/USD | elapsed_ms=186
2026-10-06 02:19:40+0000 | INFO     | roostoo.api | API_REQUEST_START | method=GET | label=ticker:SUI/USD | path=/v3/ticker
2026-10-06 02:19:41+0000 | INFO     | roostoo.api | API_REQUEST_OK | method=GET | label=ticker:SUI/USD | elapsed_ms=186
2026-10-06 02:19:41+0000 | INFO     | roostoo.api | API_REQUEST_START | method=GET | label=ticker:BTC/USD | path=/v3/ticker
2026-10-06 02:19:41+0000 | INFO     | roostoo.api | API_REQUEST_OK | method=GET | label=ticker:BTC/USD | elapsed_ms=198
2026-10-06 02:19:41+0000 | INFO     | bot | LOOP_COMPLETE | elapsed_ms=1153
2026-10-06 02:20:40+0000 | INFO     | roostoo.api | API_REQUEST_START | method=GET | label=ticker:TRX/USD | path=/v3/ticker
2026-10-06 02:20:40+0000 | INFO     | roostoo.api | API_REQUEST_OK | method=GET | label=ticker:TRX/USD | elapsed_ms=197
2026-10-06 02:20:40+0000 | INFO     | roostoo.api | API_REQUEST_START | method=GET | label=server_time | path=/v3/serverTime
2026-10-06 02:20:40+0000 | INFO     | roostoo.api | API_REQUEST_OK | method=GET | label=server_time | elapsed_ms=286
2026-10-06 02:20:40+0000 | INFO     | roostoo.api | SERVER_TIME_SYNC | offset_ms=200
2026-10-06 02:20:40+0000 | INFO     | roostoo.api | API_REQUEST_START | method=GET | label=ticker:AVAX/USD | path=/v3/ticker
2026-10-06 02:20:40+0000 | INFO     | roostoo.api | API_REQUEST_OK | method=GET | label=ticker:AVAX/USD | elapsed_ms=187
2026-10-06 02:20:40+0000 | INFO     | roostoo.api | API_REQUEST_START | method=GET | label=ticker:DOT/USD | path=/v3/ticker
2026-10-06 02:20:41+0000 | INFO     | roostoo.api | API_REQUEST_OK | method=GET | label=ticker:DOT/USD | elapsed_ms=186
2026-10-06 02:20:41+0000 | INFO     | roostoo.api | API_REQUEST_START | method=GET | label=ticker:BNB/USD | path=/v3/ticker
2026-10-06 02:20:41+0000 | INFO     | roostoo.api | API_REQUEST_OK | method=GET | label=ticker:BNB/USD | elapsed_ms=175
2026-10-06 02:20:41+0000 | INFO     | roostoo.api | API_REQUEST_START | method=GET | label=ticker:SUI/USD | path=/v3/ticker
2026-10-06 02:20:41+0000 | INFO     | roostoo.api | API_REQUEST_OK | method=GET | label=ticker:SUI/USD | elapsed_ms=173
2026-10-06 02:20:41+0000 | INFO     | roostoo.api | API_REQUEST_START | method=GET | label=ticker:BTC/USD | path=/v3/ticker
2026-10-06 02:20:41+0000 | INFO     | roostoo.api | API_REQUEST_OK | method=GET | label=ticker:BTC/USD | elapsed_ms=172
2026-10-06 02:20:41+0000 | INFO     | bot | LOOP_COMPLETE | elapsed_ms=1428
2026-10-06 02:21:40+0000 | INFO     | roostoo.api | API_REQUEST_START | method=GET | label=ticker:TRX/USD | path=/v3/ticker
2026-10-06 02:21:40+0000 | INFO     | roostoo.api | API_REQUEST_OK | method=GET | label=ticker:TRX/USD | elapsed_ms=173
2026-10-06 02:21:40+0000 | INFO     | roostoo.api | API_REQUEST_START | method=GET | label=ticker:AVAX/USD | path=/v3/ticker
2026-10-06 02:21:40+0000 | INFO     | roostoo.api | API_REQUEST_OK | method=GET | label=ticker:AVAX/USD | elapsed_ms=186
2026-10-06 02:21:40+0000 | INFO     | roostoo.api | API_REQUEST_START | method=GET | label=ticker:DOT/USD | path=/v3/ticker
2026-10-06 02:21:40+0000 | INFO     | roostoo.api | API_REQUEST_OK | method=GET | label=ticker:DOT/USD | elapsed_ms=186
2026-10-06 02:21:40+0000 | INFO     | roostoo.api | API_REQUEST_START | method=GET | label=ticker:BNB/USD | path=/v3/ticker
2026-10-06 02:21:40+0000 | INFO     | roostoo.api | API_REQUEST_OK | method=GET | label=ticker:BNB/USD | elapsed_ms=186
2026-10-06 02:21:40+0000 | INFO     | roostoo.api | API_REQUEST_START | method=GET | label=ticker:SUI/USD | path=/v3/ticker
2026-10-06 02:21:41+0000 | INFO     | roostoo.api | API_REQUEST_OK | method=GET | label=ticker:SUI/USD | elapsed_ms=171
2026-10-06 02:21:41+0000 | INFO     | roostoo.api | API_REQUEST_START | method=GET | label=ticker:BTC/USD | path=/v3/ticker
2026-10-06 02:21:41+0000 | INFO     | roostoo.api | API_REQUEST_OK | method=GET | label=ticker:BTC/USD | elapsed_ms=172
2026-10-06 02:21:41+0000 | INFO     | bot | LOOP_COMPLETE | elapsed_ms=1111
2026-10-06 02:22:40+0000 | INFO     | roostoo.api | API_REQUEST_START | method=GET | label=ticker:TRX/USD | path=/v3/ticker
2026-10-06 02:22:40+0000 | INFO     | roostoo.api | API_REQUEST_OK | method=GET | label=ticker:TRX/USD | elapsed_ms=174
2026-10-06 02:22:40+0000 | INFO     | roostoo.api | API_REQUEST_START | method=GET | label=ticker:AVAX/USD | path=/v3/ticker
2026-10-06 02:22:40+0000 | INFO     | roostoo.api | API_REQUEST_OK | method=GET | label=ticker:AVAX/USD | elapsed_ms=185
2026-10-06 02:22:40+0000 | INFO     | roostoo.api | API_REQUEST_START | method=GET | label=ticker:DOT/USD | path=/v3/ticker
2026-10-06 02:22:40+0000 | INFO     | roostoo.api | API_REQUEST_OK | method=GET | label=ticker:DOT/USD | elapsed_ms=185
2026-10-06 02:22:40+0000 | INFO     | roostoo.api | API_REQUEST_START | method=GET | label=ticker:BNB/USD | path=/v3/ticker
2026-10-06 02:22:40+0000 | INFO     | roostoo.api | API_REQUEST_OK | method=GET | label=ticker:BNB/USD | elapsed_ms=172
2026-10-06 02:22:40+0000 | INFO     | roostoo.api | API_REQUEST_START | method=GET | label=ticker:SUI/USD | path=/v3/ticker
2026-10-06 02:22:41+0000 | INFO     | roostoo.api | API_REQUEST_OK | method=GET | label=ticker:SUI/USD | elapsed_ms=171
2026-10-06 02:22:41+0000 | INFO     | roostoo.api | API_REQUEST_START | method=GET | label=ticker:BTC/USD | path=/v3/ticker
2026-10-06 02:22:41+0000 | INFO     | roostoo.api | API_REQUEST_OK | method=GET | label=ticker:BTC/USD | elapsed_ms=185
2026-10-06 02:22:41+0000 | INFO     | bot | LOOP_COMPLETE | elapsed_ms=1109
2026-10-06 02:23:40+0000 | INFO     | roostoo.api | API_REQUEST_START | method=GET | label=ticker:TRX/USD | path=/v3/ticker
2026-10-06 02:23:40+0000 | INFO     | roostoo.api | API_REQUEST_OK | method=GET | label=ticker:TRX/USD | elapsed_ms=186
2026-10-06 02:23:40+0000 | INFO     | roostoo.api | API_REQUEST_START | method=GET | label=ticker:AVAX/USD | path=/v3/ticker
2026-10-06 02:23:40+0000 | INFO     | roostoo.api | API_REQUEST_OK | method=GET | label=ticker:AVAX/USD | elapsed_ms=185
2026-10-06 02:23:40+0000 | INFO     | roostoo.api | API_REQUEST_START | method=GET | label=ticker:DOT/USD | path=/v3/ticker
2026-10-06 02:23:40+0000 | INFO     | roostoo.api | API_REQUEST_OK | method=GET | label=ticker:DOT/USD | elapsed_ms=171
2026-10-06 02:23:40+0000 | INFO     | roostoo.api | API_REQUEST_START | method=GET | label=ticker:BNB/USD | path=/v3/ticker
2026-10-06 02:23:40+0000 | INFO     | roostoo.api | API_REQUEST_OK | method=GET | label=ticker:BNB/USD | elapsed_ms=184
2026-10-06 02:23:40+0000 | INFO     | roostoo.api | API_REQUEST_START | method=GET | label=ticker:SUI/USD | path=/v3/ticker
2026-10-06 02:23:41+0000 | INFO     | roostoo.api | API_REQUEST_OK | method=GET | label=ticker:SUI/USD | elapsed_ms=186
2026-10-06 02:23:41+0000 | INFO     | roostoo.api | API_REQUEST_START | method=GET | label=ticker:BTC/USD | path=/v3/ticker
2026-10-06 02:23:41+0000 | INFO     | roostoo.api | API_REQUEST_OK | method=GET | label=ticker:BTC/USD | elapsed_ms=186
2026-10-06 02:23:41+0000 | INFO     | bot | LOOP_COMPLETE | elapsed_ms=1135
2026-10-06 02:24:40+0000 | INFO     | roostoo.api | API_REQUEST_START | method=GET | label=ticker:TRX/USD | path=/v3/ticker
2026-10-06 02:24:40+0000 | INFO     | roostoo.api | API_REQUEST_OK | method=GET | label=ticker:TRX/USD | elapsed_ms=184
2026-10-06 02:24:40+0000 | INFO     | roostoo.api | API_REQUEST_START | method=GET | label=ticker:AVAX/USD | path=/v3/ticker
2026-10-06 02:24:40+0000 | INFO     | roostoo.api | API_REQUEST_OK | method=GET | label=ticker:AVAX/USD | elapsed_ms=187
2026-10-06 02:24:40+0000 | INFO     | roostoo.api | API_REQUEST_START | method=GET | label=ticker:DOT/USD | path=/v3/ticker
2026-10-06 02:24:40+0000 | INFO     | roostoo.api | API_REQUEST_OK | method=GET | label=ticker:DOT/USD | elapsed_ms=172
2026-10-06 02:24:40+0000 | INFO     | roostoo.api | API_REQUEST_START | method=GET | label=ticker:BNB/USD | path=/v3/ticker
2026-10-06 02:24:41+0000 | INFO     | roostoo.api | API_REQUEST_OK | method=GET | label=ticker:BNB/USD | elapsed_ms=503
2026-10-06 02:24:41+0000 | INFO     | roostoo.api | API_REQUEST_START | method=GET | label=ticker:SUI/USD | path=/v3/ticker
2026-10-06 02:24:41+0000 | INFO     | roostoo.api | API_REQUEST_OK | method=GET | label=ticker:SUI/USD | elapsed_ms=246
2026-10-06 02:24:41+0000 | INFO     | roostoo.api | API_REQUEST_START | method=GET | label=ticker:BTC/USD | path=/v3/ticker
2026-10-06 02:24:41+0000 | INFO     | roostoo.api | API_REQUEST_OK | method=GET | label=ticker:BTC/USD | elapsed_ms=173
2026-10-06 02:24:41+0000 | INFO     | bot | LOOP_COMPLETE | elapsed_ms=1502
2026-10-06 02:25:40+0000 | INFO     | roostoo.api | API_REQUEST_START | method=GET | label=ticker:TRX/USD | path=/v3/ticker
2026-10-06 02:25:40+0000 | INFO     | roostoo.api | API_REQUEST_OK | method=GET | label=ticker:TRX/USD | elapsed_ms=178
2026-10-06 02:25:40+0000 | INFO     | roostoo.api | API_REQUEST_START | method=GET | label=ticker:AVAX/USD | path=/v3/ticker
2026-10-06 02:25:40+0000 | INFO     | roostoo.api | API_REQUEST_OK | method=GET | label=ticker:AVAX/USD | elapsed_ms=313
2026-10-06 02:25:40+0000 | INFO     | roostoo.api | API_REQUEST_START | method=GET | label=server_time | path=/v3/serverTime
2026-10-06 02:25:40+0000 | INFO     | roostoo.api | API_REQUEST_OK | method=GET | label=server_time | elapsed_ms=226
2026-10-06 02:25:40+0000 | INFO     | roostoo.api | SERVER_TIME_SYNC | offset_ms=128
2026-10-06 02:25:40+0000 | INFO     | roostoo.api | API_REQUEST_START | method=GET | label=ticker:DOT/USD | path=/v3/ticker
2026-10-06 02:25:41+0000 | INFO     | roostoo.api | API_REQUEST_OK | method=GET | label=ticker:DOT/USD | elapsed_ms=500
2026-10-06 02:25:41+0000 | INFO     | roostoo.api | API_REQUEST_START | method=GET | label=ticker:BNB/USD | path=/v3/ticker
2026-10-06 02:25:41+0000 | INFO     | roostoo.api | API_REQUEST_OK | method=GET | label=ticker:BNB/USD | elapsed_ms=502
2026-10-06 02:25:41+0000 | INFO     | roostoo.api | API_REQUEST_START | method=GET | label=ticker:SUI/USD | path=/v3/ticker
2026-10-06 02:25:42+0000 | INFO     | roostoo.api | API_REQUEST_OK | method=GET | label=ticker:SUI/USD | elapsed_ms=172
2026-10-06 02:25:42+0000 | INFO     | roostoo.api | API_REQUEST_START | method=GET | label=ticker:BTC/USD | path=/v3/ticker
2026-10-06 02:25:42+0000 | INFO     | roostoo.api | API_REQUEST_OK | method=GET | label=ticker:BTC/USD | elapsed_ms=544
2026-10-06 02:25:42+0000 | INFO     | bot | LOOP_COMPLETE | elapsed_ms=2479
2026-10-06 02:26:40+0000 | INFO     | roostoo.api | API_REQUEST_START | method=GET | label=ticker:TRX/USD | path=/v3/ticker
2026-10-06 02:26:40+0000 | INFO     | roostoo.api | API_REQUEST_OK | method=GET | label=ticker:TRX/USD | elapsed_ms=174
2026-10-06 02:26:40+0000 | INFO     | roostoo.api | API_REQUEST_START | method=GET | label=ticker:AVAX/USD | path=/v3/ticker
2026-10-06 02:26:40+0000 | INFO     | roostoo.api | API_REQUEST_OK | method=GET | label=ticker:AVAX/USD | elapsed_ms=173
2026-10-06 02:26:40+0000 | INFO     | roostoo.api | API_REQUEST_START | method=GET | label=ticker:DOT/USD | path=/v3/ticker
2026-10-06 02:26:40+0000 | INFO     | roostoo.api | API_REQUEST_OK | method=GET | label=ticker:DOT/USD | elapsed_ms=186
2026-10-06 02:26:40+0000 | INFO     | roostoo.api | API_REQUEST_START | method=GET | label=ticker:BNB/USD | path=/v3/ticker
2026-10-06 02:26:40+0000 | INFO     | roostoo.api | API_REQUEST_OK | method=GET | label=ticker:BNB/USD | elapsed_ms=198
2026-10-06 02:26:40+0000 | INFO     | roostoo.api | API_REQUEST_START | method=GET | label=ticker:SUI/USD | path=/v3/ticker
2026-10-06 02:26:41+0000 | INFO     | roostoo.api | API_REQUEST_OK | method=GET | label=ticker:SUI/USD | elapsed_ms=502
2026-10-06 02:26:41+0000 | INFO     | roostoo.api | API_REQUEST_START | method=GET | label=ticker:BTC/USD | path=/v3/ticker
2026-10-06 02:26:41+0000 | INFO     | roostoo.api | API_REQUEST_OK | method=GET | label=ticker:BTC/USD | elapsed_ms=544
2026-10-06 02:26:41+0000 | INFO     | bot | LOOP_COMPLETE | elapsed_ms=1817
2026-10-06 02:27:40+0000 | INFO     | roostoo.api | API_REQUEST_START | method=GET | label=ticker:TRX/USD | path=/v3/ticker
2026-10-06 02:27:40+0000 | INFO     | roostoo.api | API_REQUEST_OK | method=GET | label=ticker:TRX/USD | elapsed_ms=174
2026-10-06 02:27:40+0000 | INFO     | roostoo.api | API_REQUEST_START | method=GET | label=ticker:AVAX/USD | path=/v3/ticker
2026-10-06 02:27:40+0000 | INFO     | roostoo.api | API_REQUEST_OK | method=GET | label=ticker:AVAX/USD | elapsed_ms=172
2026-10-06 02:27:40+0000 | INFO     | roostoo.api | API_REQUEST_START | method=GET | label=ticker:DOT/USD | path=/v3/ticker
2026-10-06 02:27:40+0000 | INFO     | roostoo.api | API_REQUEST_OK | method=GET | label=ticker:DOT/USD | elapsed_ms=171
2026-10-06 02:27:40+0000 | INFO     | roostoo.api | API_REQUEST_START | method=GET | label=ticker:BNB/USD | path=/v3/ticker
2026-10-06 02:27:40+0000 | INFO     | roostoo.api | API_REQUEST_OK | method=GET | label=ticker:BNB/USD | elapsed_ms=171
2026-10-06 02:27:40+0000 | INFO     | roostoo.api | API_REQUEST_START | method=GET | label=ticker:SUI/USD | path=/v3/ticker
2026-10-06 02:27:41+0000 | INFO     | roostoo.api | API_REQUEST_OK | method=GET | label=ticker:SUI/USD | elapsed_ms=544
2026-10-06 02:27:41+0000 | INFO     | roostoo.api | API_REQUEST_START | method=GET | label=ticker:BTC/USD | path=/v3/ticker
2026-10-06 02:27:41+0000 | INFO     | roostoo.api | API_REQUEST_OK | method=GET | label=ticker:BTC/USD | elapsed_ms=186
2026-10-06 02:27:41+0000 | INFO     | bot | LOOP_COMPLETE | elapsed_ms=1453
2026-10-06 02:28:40+0000 | INFO     | roostoo.api | API_REQUEST_START | method=GET | label=ticker:TRX/USD | path=/v3/ticker
2026-10-06 02:28:40+0000 | INFO     | roostoo.api | API_REQUEST_OK | method=GET | label=ticker:TRX/USD | elapsed_ms=171
2026-10-06 02:28:40+0000 | INFO     | roostoo.api | API_REQUEST_START | method=GET | label=ticker:AVAX/USD | path=/v3/ticker
2026-10-06 02:28:40+0000 | INFO     | roostoo.api | API_REQUEST_OK | method=GET | label=ticker:AVAX/USD | elapsed_ms=170
2026-10-06 02:28:40+0000 | INFO     | roostoo.api | API_REQUEST_START | method=GET | label=ticker:DOT/USD | path=/v3/ticker
2026-10-06 02:28:40+0000 | INFO     | roostoo.api | API_REQUEST_OK | method=GET | label=ticker:DOT/USD | elapsed_ms=186
2026-10-06 02:28:40+0000 | INFO     | roostoo.api | API_REQUEST_START | method=GET | label=ticker:BNB/USD | path=/v3/ticker
2026-10-06 02:28:40+0000 | INFO     | roostoo.api | API_REQUEST_OK | method=GET | label=ticker:BNB/USD | elapsed_ms=186
2026-10-06 02:28:40+0000 | INFO     | roostoo.api | API_REQUEST_START | method=GET | label=ticker:SUI/USD | path=/v3/ticker
2026-10-06 02:28:41+0000 | INFO     | roostoo.api | API_REQUEST_OK | method=GET | label=ticker:SUI/USD | elapsed_ms=185
2026-10-06 02:28:41+0000 | INFO     | roostoo.api | API_REQUEST_START | method=GET | label=ticker:BTC/USD | path=/v3/ticker
2026-10-06 02:28:41+0000 | INFO     | roostoo.api | API_REQUEST_OK | method=GET | label=ticker:BTC/USD | elapsed_ms=542
2026-10-06 02:28:41+0000 | INFO     | bot | LOOP_COMPLETE | elapsed_ms=1481
2026-10-06 02:29:40+0000 | INFO     | roostoo.api | API_REQUEST_START | method=GET | label=ticker:TRX/USD | path=/v3/ticker
2026-10-06 02:29:40+0000 | INFO     | roostoo.api | API_REQUEST_OK | method=GET | label=ticker:TRX/USD | elapsed_ms=186
2026-10-06 02:29:40+0000 | INFO     | roostoo.api | API_REQUEST_START | method=GET | label=ticker:AVAX/USD | path=/v3/ticker
2026-10-06 02:29:40+0000 | INFO     | roostoo.api | API_REQUEST_OK | method=GET | label=ticker:AVAX/USD | elapsed_ms=172
2026-10-06 02:29:40+0000 | INFO     | roostoo.api | API_REQUEST_START | method=GET | label=ticker:DOT/USD | path=/v3/ticker
2026-10-06 02:29:40+0000 | INFO     | roostoo.api | API_REQUEST_OK | method=GET | label=ticker:DOT/USD | elapsed_ms=185
2026-10-06 02:29:40+0000 | INFO     | roostoo.api | API_REQUEST_START | method=GET | label=ticker:BNB/USD | path=/v3/ticker
2026-10-06 02:29:40+0000 | INFO     | roostoo.api | API_REQUEST_OK | method=GET | label=ticker:BNB/USD | elapsed_ms=187
2026-10-06 02:29:40+0000 | INFO     | roostoo.api | API_REQUEST_START | method=GET | label=ticker:SUI/USD | path=/v3/ticker
2026-10-06 02:29:41+0000 | INFO     | roostoo.api | API_REQUEST_OK | method=GET | label=ticker:SUI/USD | elapsed_ms=542
2026-10-06 02:29:41+0000 | INFO     | roostoo.api | API_REQUEST_START | method=GET | label=ticker:BTC/USD | path=/v3/ticker
2026-10-06 02:29:41+0000 | INFO     | roostoo.api | API_REQUEST_OK | method=GET | label=ticker:BTC/USD | elapsed_ms=185
2026-10-06 02:29:41+0000 | INFO     | bot | LOOP_COMPLETE | elapsed_ms=1494
2026-10-06 02:30:40+0000 | INFO     | roostoo.api | API_REQUEST_START | method=GET | label=ticker:TRX/USD | path=/v3/ticker
2026-10-06 02:30:40+0000 | INFO     | roostoo.api | API_REQUEST_OK | method=GET | label=ticker:TRX/USD | elapsed_ms=187
2026-10-06 02:30:40+0000 | INFO     | roostoo.api | API_REQUEST_START | method=GET | label=ticker:AVAX/USD | path=/v3/ticker
2026-10-06 02:30:40+0000 | INFO     | roostoo.api | API_REQUEST_OK | method=GET | label=ticker:AVAX/USD | elapsed_ms=177
2026-10-06 02:30:40+0000 | INFO     | roostoo.api | API_REQUEST_START | method=GET | label=ticker:DOT/USD | path=/v3/ticker
2026-10-06 02:30:40+0000 | INFO     | roostoo.api | API_REQUEST_OK | method=GET | label=ticker:DOT/USD | elapsed_ms=186
2026-10-06 02:30:40+0000 | INFO     | roostoo.api | API_REQUEST_START | method=GET | label=ticker:BNB/USD | path=/v3/ticker
2026-10-06 02:30:40+0000 | INFO     | roostoo.api | API_REQUEST_OK | method=GET | label=ticker:BNB/USD | elapsed_ms=187
2026-10-06 02:30:40+0000 | INFO     | roostoo.api | API_REQUEST_START | method=GET | label=server_time | path=/v3/serverTime
2026-10-06 02:30:41+0000 | INFO     | roostoo.api | API_REQUEST_OK | method=GET | label=server_time | elapsed_ms=187
2026-10-06 02:30:41+0000 | INFO     | roostoo.api | SERVER_TIME_SYNC | offset_ms=102
2026-10-06 02:30:41+0000 | INFO     | roostoo.api | API_REQUEST_START | method=GET | label=ticker:SUI/USD | path=/v3/ticker
2026-10-06 02:30:41+0000 | INFO     | roostoo.api | API_REQUEST_OK | method=GET | label=ticker:SUI/USD | elapsed_ms=186
2026-10-06 02:30:41+0000 | INFO     | roostoo.api | API_REQUEST_START | method=GET | label=ticker:BTC/USD | path=/v3/ticker
2026-10-06 02:30:41+0000 | INFO     | roostoo.api | API_REQUEST_OK | method=GET | label=ticker:BTC/USD | elapsed_ms=186
2026-10-06 02:30:41+0000 | INFO     | bot | LOOP_COMPLETE | elapsed_ms=1346
2026-10-06 02:31:40+0000 | INFO     | roostoo.api | API_REQUEST_START | method=GET | label=ticker:TRX/USD | path=/v3/ticker
2026-10-06 02:31:40+0000 | INFO     | roostoo.api | API_REQUEST_OK | method=GET | label=ticker:TRX/USD | elapsed_ms=175
2026-10-06 02:31:40+0000 | INFO     | roostoo.api | API_REQUEST_START | method=GET | label=ticker:AVAX/USD | path=/v3/ticker
2026-10-06 02:31:40+0000 | INFO     | roostoo.api | API_REQUEST_OK | method=GET | label=ticker:AVAX/USD | elapsed_ms=172
2026-10-06 02:31:40+0000 | INFO     | roostoo.api | API_REQUEST_START | method=GET | label=ticker:DOT/USD | path=/v3/ticker
2026-10-06 02:31:40+0000 | INFO     | roostoo.api | API_REQUEST_OK | method=GET | label=ticker:DOT/USD | elapsed_ms=172
2026-10-06 02:31:40+0000 | INFO     | roostoo.api | API_REQUEST_START | method=GET | label=ticker:BNB/USD | path=/v3/ticker
2026-10-06 02:31:40+0000 | INFO     | roostoo.api | API_REQUEST_OK | method=GET | label=ticker:BNB/USD | elapsed_ms=173
2026-10-06 02:31:40+0000 | INFO     | roostoo.api | API_REQUEST_START | method=GET | label=ticker:SUI/USD | path=/v3/ticker
2026-10-06 02:31:41+0000 | INFO     | roostoo.api | API_REQUEST_OK | method=GET | label=ticker:SUI/USD | elapsed_ms=502
2026-10-06 02:31:41+0000 | INFO     | roostoo.api | API_REQUEST_START | method=GET | label=ticker:BTC/USD | path=/v3/ticker
2026-10-06 02:31:41+0000 | INFO     | roostoo.api | API_REQUEST_OK | method=GET | label=ticker:BTC/USD | elapsed_ms=505
2026-10-06 02:31:41+0000 | INFO     | bot | LOOP_COMPLETE | elapsed_ms=1739
2026-10-06 02:32:40+0000 | INFO     | roostoo.api | API_REQUEST_START | method=GET | label=ticker:TRX/USD | path=/v3/ticker
2026-10-06 02:32:40+0000 | INFO     | roostoo.api | API_REQUEST_OK | method=GET | label=ticker:TRX/USD | elapsed_ms=173
2026-10-06 02:32:40+0000 | INFO     | roostoo.api | API_REQUEST_START | method=GET | label=ticker:AVAX/USD | path=/v3/ticker
2026-10-06 02:32:40+0000 | INFO     | roostoo.api | API_REQUEST_OK | method=GET | label=ticker:AVAX/USD | elapsed_ms=173
2026-10-06 02:32:40+0000 | INFO     | roostoo.api | API_REQUEST_START | method=GET | label=ticker:DOT/USD | path=/v3/ticker
2026-10-06 02:32:40+0000 | INFO     | roostoo.api | API_REQUEST_OK | method=GET | label=ticker:DOT/USD | elapsed_ms=171
2026-10-06 02:32:40+0000 | INFO     | roostoo.api | API_REQUEST_START | method=GET | label=ticker:BNB/USD | path=/v3/ticker
2026-10-06 02:32:40+0000 | INFO     | roostoo.api | API_REQUEST_OK | method=GET | label=ticker:BNB/USD | elapsed_ms=187
2026-10-06 02:32:40+0000 | INFO     | roostoo.api | API_REQUEST_START | method=GET | label=ticker:SUI/USD | path=/v3/ticker
2026-10-06 02:32:41+0000 | INFO     | roostoo.api | API_REQUEST_OK | method=GET | label=ticker:SUI/USD | elapsed_ms=504
2026-10-06 02:32:41+0000 | INFO     | roostoo.api | API_REQUEST_START | method=GET | label=ticker:BTC/USD | path=/v3/ticker
2026-10-06 02:32:41+0000 | INFO     | roostoo.api | API_REQUEST_OK | method=GET | label=ticker:BTC/USD | elapsed_ms=171
2026-10-06 02:32:41+0000 | INFO     | bot | LOOP_COMPLETE | elapsed_ms=1418
2026-10-06 02:33:40+0000 | INFO     | roostoo.api | API_REQUEST_START | method=GET | label=ticker:TRX/USD | path=/v3/ticker
2026-10-06 02:33:40+0000 | INFO     | roostoo.api | API_REQUEST_OK | method=GET | label=ticker:TRX/USD | elapsed_ms=186
2026-10-06 02:33:40+0000 | INFO     | roostoo.api | API_REQUEST_START | method=GET | label=ticker:AVAX/USD | path=/v3/ticker
2026-10-06 02:33:40+0000 | INFO     | roostoo.api | API_REQUEST_OK | method=GET | label=ticker:AVAX/USD | elapsed_ms=173
2026-10-06 02:33:40+0000 | INFO     | roostoo.api | API_REQUEST_START | method=GET | label=ticker:DOT/USD | path=/v3/ticker
2026-10-06 02:33:40+0000 | INFO     | roostoo.api | API_REQUEST_OK | method=GET | label=ticker:DOT/USD | elapsed_ms=185
2026-10-06 02:33:40+0000 | INFO     | roostoo.api | API_REQUEST_START | method=GET | label=ticker:BNB/USD | path=/v3/ticker
2026-10-06 02:33:40+0000 | INFO     | roostoo.api | API_REQUEST_OK | method=GET | label=ticker:BNB/USD | elapsed_ms=184
2026-10-06 02:33:40+0000 | INFO     | roostoo.api | API_REQUEST_START | method=GET | label=ticker:SUI/USD | path=/v3/ticker
2026-10-06 02:33:41+0000 | INFO     | roostoo.api | API_REQUEST_OK | method=GET | label=ticker:SUI/USD | elapsed_ms=172
2026-10-06 02:33:41+0000 | INFO     | roostoo.api | API_REQUEST_START | method=GET | label=ticker:BTC/USD | path=/v3/ticker
2026-10-06 02:33:41+0000 | INFO     | roostoo.api | API_REQUEST_OK | method=GET | label=ticker:BTC/USD | elapsed_ms=184
2026-10-06 02:33:41+0000 | INFO     | bot | LOOP_COMPLETE | elapsed_ms=1122
2026-10-06 02:34:40+0000 | INFO     | roostoo.api | API_REQUEST_START | method=GET | label=ticker:TRX/USD | path=/v3/ticker
2026-10-06 02:34:40+0000 | INFO     | roostoo.api | API_REQUEST_OK | method=GET | label=ticker:TRX/USD | elapsed_ms=186
2026-10-06 02:34:40+0000 | INFO     | roostoo.api | API_REQUEST_START | method=GET | label=ticker:AVAX/USD | path=/v3/ticker
2026-10-06 02:34:40+0000 | INFO     | roostoo.api | API_REQUEST_OK | method=GET | label=ticker:AVAX/USD | elapsed_ms=172
2026-10-06 02:34:40+0000 | INFO     | roostoo.api | API_REQUEST_START | method=GET | label=ticker:DOT/USD | path=/v3/ticker
2026-10-06 02:34:41+0000 | INFO     | roostoo.api | API_REQUEST_OK | method=GET | label=ticker:DOT/USD | elapsed_ms=581
2026-10-06 02:34:41+0000 | INFO     | roostoo.api | API_REQUEST_START | method=GET | label=ticker:BNB/USD | path=/v3/ticker
2026-10-06 02:34:41+0000 | INFO     | roostoo.api | API_REQUEST_OK | method=GET | label=ticker:BNB/USD | elapsed_ms=198
2026-10-06 02:34:41+0000 | INFO     | roostoo.api | API_REQUEST_START | method=GET | label=ticker:SUI/USD | path=/v3/ticker
2026-10-06 02:34:41+0000 | INFO     | roostoo.api | API_REQUEST_OK | method=GET | label=ticker:SUI/USD | elapsed_ms=187
2026-10-06 02:34:41+0000 | INFO     | roostoo.api | API_REQUEST_START | method=GET | label=ticker:BTC/USD | path=/v3/ticker
2026-10-06 02:34:41+0000 | INFO     | roostoo.api | API_REQUEST_OK | method=GET | label=ticker:BTC/USD | elapsed_ms=187
2026-10-06 02:34:41+0000 | INFO     | bot | LOOP_COMPLETE | elapsed_ms=1554
2026-10-06 02:35:40+0000 | INFO     | roostoo.api | API_REQUEST_START | method=GET | label=ticker:TRX/USD | path=/v3/ticker
2026-10-06 02:35:40+0000 | INFO     | roostoo.api | API_REQUEST_OK | method=GET | label=ticker:TRX/USD | elapsed_ms=175
2026-10-06 02:35:40+0000 | INFO     | roostoo.api | API_REQUEST_START | method=GET | label=ticker:AVAX/USD | path=/v3/ticker
2026-10-06 02:35:40+0000 | INFO     | roostoo.api | API_REQUEST_OK | method=GET | label=ticker:AVAX/USD | elapsed_ms=187
2026-10-06 02:35:40+0000 | INFO     | roostoo.api | API_REQUEST_START | method=GET | label=ticker:DOT/USD | path=/v3/ticker
2026-10-06 02:35:40+0000 | INFO     | roostoo.api | API_REQUEST_OK | method=GET | label=ticker:DOT/USD | elapsed_ms=172
2026-10-06 02:35:40+0000 | INFO     | roostoo.api | API_REQUEST_START | method=GET | label=ticker:BNB/USD | path=/v3/ticker
2026-10-06 02:35:40+0000 | INFO     | roostoo.api | API_REQUEST_OK | method=GET | label=ticker:BNB/USD | elapsed_ms=185
2026-10-06 02:35:40+0000 | INFO     | roostoo.api | API_REQUEST_START | method=GET | label=ticker:SUI/USD | path=/v3/ticker
2026-10-06 02:35:40+0000 | INFO     | roostoo.api | API_REQUEST_OK | method=GET | label=ticker:SUI/USD | elapsed_ms=172
2026-10-06 02:35:41+0000 | INFO     | roostoo.api | API_REQUEST_START | method=GET | label=ticker:BTC/USD | path=/v3/ticker
2026-10-06 02:35:41+0000 | INFO     | roostoo.api | API_REQUEST_OK | method=GET | label=ticker:BTC/USD | elapsed_ms=507
2026-10-06 02:35:41+0000 | INFO     | bot | LOOP_COMPLETE | elapsed_ms=1439
2026-10-06 02:36:40+0000 | INFO     | roostoo.api | API_REQUEST_START | method=GET | label=server_time | path=/v3/serverTime
2026-10-06 02:36:40+0000 | INFO     | roostoo.api | API_REQUEST_OK | method=GET | label=server_time | elapsed_ms=174
2026-10-06 02:36:40+0000 | INFO     | roostoo.api | SERVER_TIME_SYNC | offset_ms=89
2026-10-06 02:36:40+0000 | INFO     | roostoo.api | API_REQUEST_START | method=GET | label=ticker:TRX/USD | path=/v3/ticker
2026-10-06 02:36:40+0000 | INFO     | roostoo.api | API_REQUEST_OK | method=GET | label=ticker:TRX/USD | elapsed_ms=171
2026-10-06 02:36:40+0000 | INFO     | roostoo.api | API_REQUEST_START | method=GET | label=ticker:AVAX/USD | path=/v3/ticker
2026-10-06 02:36:40+0000 | INFO     | roostoo.api | API_REQUEST_OK | method=GET | label=ticker:AVAX/USD | elapsed_ms=184
2026-10-06 02:36:40+0000 | INFO     | roostoo.api | API_REQUEST_START | method=GET | label=ticker:DOT/USD | path=/v3/ticker
2026-10-06 02:36:40+0000 | INFO     | roostoo.api | API_REQUEST_OK | method=GET | label=ticker:DOT/USD | elapsed_ms=185
2026-10-06 02:36:40+0000 | INFO     | roostoo.api | API_REQUEST_START | method=GET | label=ticker:BNB/USD | path=/v3/ticker
2026-10-06 02:36:40+0000 | INFO     | roostoo.api | API_REQUEST_OK | method=GET | label=ticker:BNB/USD | elapsed_ms=186
2026-10-06 02:36:40+0000 | INFO     | roostoo.api | API_REQUEST_START | method=GET | label=ticker:SUI/USD | path=/v3/ticker
2026-10-06 02:36:41+0000 | INFO     | roostoo.api | API_REQUEST_OK | method=GET | label=ticker:SUI/USD | elapsed_ms=172
2026-10-06 02:36:41+0000 | INFO     | roostoo.api | API_REQUEST_START | method=GET | label=ticker:BTC/USD | path=/v3/ticker
2026-10-06 02:36:41+0000 | INFO     | roostoo.api | API_REQUEST_OK | method=GET | label=ticker:BTC/USD | elapsed_ms=185
2026-10-06 02:36:41+0000 | INFO     | bot | LOOP_COMPLETE | elapsed_ms=1295
2026-10-06 02:37:40+0000 | INFO     | roostoo.api | API_REQUEST_START | method=GET | label=ticker:TRX/USD | path=/v3/ticker
2026-10-06 02:37:40+0000 | INFO     | roostoo.api | API_REQUEST_OK | method=GET | label=ticker:TRX/USD | elapsed_ms=187
2026-10-06 02:37:40+0000 | INFO     | roostoo.api | API_REQUEST_START | method=GET | label=ticker:AVAX/USD | path=/v3/ticker
2026-10-06 02:37:40+0000 | INFO     | roostoo.api | API_REQUEST_OK | method=GET | label=ticker:AVAX/USD | elapsed_ms=185
2026-10-06 02:37:40+0000 | INFO     | roostoo.api | API_REQUEST_START | method=GET | label=ticker:DOT/USD | path=/v3/ticker
2026-10-06 02:37:41+0000 | INFO     | roostoo.api | API_REQUEST_OK | method=GET | label=ticker:DOT/USD | elapsed_ms=544
2026-10-06 02:37:41+0000 | INFO     | roostoo.api | API_REQUEST_START | method=GET | label=ticker:BNB/USD | path=/v3/ticker
2026-10-06 02:37:41+0000 | INFO     | roostoo.api | API_REQUEST_OK | method=GET | label=ticker:BNB/USD | elapsed_ms=172
2026-10-06 02:37:41+0000 | INFO     | roostoo.api | API_REQUEST_START | method=GET | label=ticker:SUI/USD | path=/v3/ticker
2026-10-06 02:37:41+0000 | INFO     | roostoo.api | API_REQUEST_OK | method=GET | label=ticker:SUI/USD | elapsed_ms=171
2026-10-06 02:37:41+0000 | INFO     | roostoo.api | API_REQUEST_START | method=GET | label=ticker:BTC/USD | path=/v3/ticker
2026-10-06 02:37:41+0000 | INFO     | roostoo.api | API_REQUEST_OK | method=GET | label=ticker:BTC/USD | elapsed_ms=186
2026-10-06 02:37:41+0000 | INFO     | bot | LOOP_COMPLETE | elapsed_ms=1483
2026-10-06 02:38:40+0000 | INFO     | roostoo.api | API_REQUEST_START | method=GET | label=ticker:TRX/USD | path=/v3/ticker
2026-10-06 02:38:40+0000 | INFO     | roostoo.api | API_REQUEST_OK | method=GET | label=ticker:TRX/USD | elapsed_ms=183
2026-10-06 02:38:40+0000 | INFO     | roostoo.api | API_REQUEST_START | method=GET | label=ticker:AVAX/USD | path=/v3/ticker
2026-10-06 02:38:40+0000 | INFO     | roostoo.api | API_REQUEST_OK | method=GET | label=ticker:AVAX/USD | elapsed_ms=173
2026-10-06 02:38:40+0000 | INFO     | roostoo.api | API_REQUEST_START | method=GET | label=ticker:DOT/USD | path=/v3/ticker
2026-10-06 02:38:40+0000 | INFO     | roostoo.api | API_REQUEST_OK | method=GET | label=ticker:DOT/USD | elapsed_ms=173
2026-10-06 02:38:40+0000 | INFO     | roostoo.api | API_REQUEST_START | method=GET | label=ticker:BNB/USD | path=/v3/ticker
2026-10-06 02:38:40+0000 | INFO     | roostoo.api | API_REQUEST_OK | method=GET | label=ticker:BNB/USD | elapsed_ms=173
2026-10-06 02:38:40+0000 | INFO     | roostoo.api | API_REQUEST_START | method=GET | label=ticker:SUI/USD | path=/v3/ticker
2026-10-06 02:38:41+0000 | INFO     | roostoo.api | API_REQUEST_OK | method=GET | label=ticker:SUI/USD | elapsed_ms=503
2026-10-06 02:38:41+0000 | INFO     | roostoo.api | API_REQUEST_START | method=GET | label=ticker:BTC/USD | path=/v3/ticker
2026-10-06 02:38:41+0000 | INFO     | roostoo.api | API_REQUEST_OK | method=GET | label=ticker:BTC/USD | elapsed_ms=172
2026-10-06 02:38:41+0000 | INFO     | bot | LOOP_COMPLETE | elapsed_ms=1422
2026-10-06 02:39:40+0000 | INFO     | roostoo.api | API_REQUEST_START | method=GET | label=ticker:TRX/USD | path=/v3/ticker
2026-10-06 02:39:40+0000 | INFO     | roostoo.api | API_REQUEST_OK | method=GET | label=ticker:TRX/USD | elapsed_ms=173
2026-10-06 02:39:40+0000 | INFO     | roostoo.api | API_REQUEST_START | method=GET | label=ticker:AVAX/USD | path=/v3/ticker
2026-10-06 02:39:40+0000 | INFO     | roostoo.api | API_REQUEST_OK | method=GET | label=ticker:AVAX/USD | elapsed_ms=172
2026-10-06 02:39:40+0000 | INFO     | roostoo.api | API_REQUEST_START | method=GET | label=ticker:DOT/USD | path=/v3/ticker
2026-10-06 02:39:40+0000 | INFO     | roostoo.api | API_REQUEST_OK | method=GET | label=ticker:DOT/USD | elapsed_ms=185
2026-10-06 02:39:40+0000 | INFO     | roostoo.api | API_REQUEST_START | method=GET | label=ticker:BNB/USD | path=/v3/ticker
2026-10-06 02:39:40+0000 | INFO     | roostoo.api | API_REQUEST_OK | method=GET | label=ticker:BNB/USD | elapsed_ms=186
2026-10-06 02:39:40+0000 | INFO     | roostoo.api | API_REQUEST_START | method=GET | label=ticker:SUI/USD | path=/v3/ticker
2026-10-06 02:39:41+0000 | INFO     | roostoo.api | API_REQUEST_OK | method=GET | label=ticker:SUI/USD | elapsed_ms=186
2026-10-06 02:39:41+0000 | INFO     | roostoo.api | API_REQUEST_START | method=GET | label=ticker:BTC/USD | path=/v3/ticker
2026-10-06 02:39:41+0000 | INFO     | roostoo.api | API_REQUEST_OK | method=GET | label=ticker:BTC/USD | elapsed_ms=544
2026-10-06 02:39:41+0000 | INFO     | bot | LOOP_COMPLETE | elapsed_ms=1482
2026-10-06 02:40:40+0000 | INFO     | roostoo.api | API_REQUEST_START | method=GET | label=ticker:TRX/USD | path=/v3/ticker
2026-10-06 02:40:40+0000 | INFO     | roostoo.api | API_REQUEST_OK | method=GET | label=ticker:TRX/USD | elapsed_ms=177
2026-10-06 02:40:40+0000 | INFO     | roostoo.api | API_REQUEST_START | method=GET | label=ticker:AVAX/USD | path=/v3/ticker
2026-10-06 02:40:40+0000 | INFO     | roostoo.api | API_REQUEST_OK | method=GET | label=ticker:AVAX/USD | elapsed_ms=173
2026-10-06 02:40:40+0000 | INFO     | roostoo.api | API_REQUEST_START | method=GET | label=ticker:DOT/USD | path=/v3/ticker
2026-10-06 02:40:40+0000 | INFO     | roostoo.api | API_REQUEST_OK | method=GET | label=ticker:DOT/USD | elapsed_ms=172
2026-10-06 02:40:40+0000 | INFO     | roostoo.api | API_REQUEST_START | method=GET | label=ticker:BNB/USD | path=/v3/ticker
2026-10-06 02:40:41+0000 | INFO     | roostoo.api | API_REQUEST_OK | method=GET | label=ticker:BNB/USD | elapsed_ms=544
2026-10-06 02:40:41+0000 | INFO     | roostoo.api | API_REQUEST_START | method=GET | label=ticker:SUI/USD | path=/v3/ticker
2026-10-06 02:40:41+0000 | INFO     | roostoo.api | API_REQUEST_OK | method=GET | label=ticker:SUI/USD | elapsed_ms=186
2026-10-06 02:40:41+0000 | INFO     | roostoo.api | API_REQUEST_START | method=GET | label=ticker:BTC/USD | path=/v3/ticker
2026-10-06 02:40:41+0000 | INFO     | roostoo.api | API_REQUEST_OK | method=GET | label=ticker:BTC/USD | elapsed_ms=502
2026-10-06 02:40:41+0000 | INFO     | bot | LOOP_COMPLETE | elapsed_ms=1793
2026-10-06 02:41:40+0000 | INFO     | roostoo.api | API_REQUEST_START | method=GET | label=ticker:TRX/USD | path=/v3/ticker
2026-10-06 02:41:40+0000 | INFO     | roostoo.api | API_REQUEST_OK | method=GET | label=ticker:TRX/USD | elapsed_ms=188
2026-10-06 02:41:40+0000 | INFO     | roostoo.api | API_REQUEST_START | method=GET | label=server_time | path=/v3/serverTime
2026-10-06 02:41:40+0000 | INFO     | roostoo.api | API_REQUEST_OK | method=GET | label=server_time | elapsed_ms=186
2026-10-06 02:41:40+0000 | INFO     | roostoo.api | SERVER_TIME_SYNC | offset_ms=101
2026-10-06 02:41:40+0000 | INFO     | roostoo.api | API_REQUEST_START | method=GET | label=ticker:AVAX/USD | path=/v3/ticker
2026-10-06 02:41:41+0000 | INFO     | roostoo.api | API_REQUEST_OK | method=GET | label=ticker:AVAX/USD | elapsed_ms=542
2026-10-06 02:41:41+0000 | INFO     | roostoo.api | API_REQUEST_START | method=GET | label=ticker:DOT/USD | path=/v3/ticker
2026-10-06 02:41:41+0000 | INFO     | roostoo.api | API_REQUEST_OK | method=GET | label=ticker:DOT/USD | elapsed_ms=185
2026-10-06 02:41:41+0000 | INFO     | roostoo.api | API_REQUEST_START | method=GET | label=ticker:BNB/USD | path=/v3/ticker
2026-10-06 02:41:41+0000 | INFO     | roostoo.api | API_REQUEST_OK | method=GET | label=ticker:BNB/USD | elapsed_ms=184
2026-10-06 02:41:41+0000 | INFO     | roostoo.api | API_REQUEST_START | method=GET | label=ticker:SUI/USD | path=/v3/ticker
2026-10-06 02:41:41+0000 | INFO     | roostoo.api | API_REQUEST_OK | method=GET | label=ticker:SUI/USD | elapsed_ms=186
2026-10-06 02:41:41+0000 | INFO     | roostoo.api | API_REQUEST_START | method=GET | label=ticker:BTC/USD | path=/v3/ticker
2026-10-06 02:41:41+0000 | INFO     | roostoo.api | API_REQUEST_OK | method=GET | label=ticker:BTC/USD | elapsed_ms=185
2026-10-06 02:41:41+0000 | INFO     | bot | LOOP_COMPLETE | elapsed_ms=1699
2026-10-06 02:42:40+0000 | INFO     | roostoo.api | API_REQUEST_START | method=GET | label=ticker:TRX/USD | path=/v3/ticker
2026-10-06 02:42:40+0000 | INFO     | roostoo.api | API_REQUEST_OK | method=GET | label=ticker:TRX/USD | elapsed_ms=195
2026-10-06 02:42:40+0000 | INFO     | roostoo.api | API_REQUEST_START | method=GET | label=ticker:AVAX/USD | path=/v3/ticker
2026-10-06 02:42:40+0000 | INFO     | roostoo.api | API_REQUEST_OK | method=GET | label=ticker:AVAX/USD | elapsed_ms=217
2026-10-06 02:42:40+0000 | INFO     | roostoo.api | API_REQUEST_START | method=GET | label=ticker:DOT/USD | path=/v3/ticker
2026-10-06 02:42:40+0000 | INFO     | roostoo.api | API_REQUEST_OK | method=GET | label=ticker:DOT/USD | elapsed_ms=186
2026-10-06 02:42:40+0000 | INFO     | roostoo.api | API_REQUEST_START | method=GET | label=ticker:BNB/USD | path=/v3/ticker
2026-10-06 02:42:40+0000 | INFO     | roostoo.api | API_REQUEST_OK | method=GET | label=ticker:BNB/USD | elapsed_ms=173
2026-10-06 02:42:40+0000 | INFO     | roostoo.api | API_REQUEST_START | method=GET | label=ticker:SUI/USD | path=/v3/ticker
2026-10-06 02:42:41+0000 | INFO     | roostoo.api | API_REQUEST_OK | method=GET | label=ticker:SUI/USD | elapsed_ms=171
2026-10-06 02:42:41+0000 | INFO     | roostoo.api | API_REQUEST_START | method=GET | label=ticker:BTC/USD | path=/v3/ticker
2026-10-06 02:42:41+0000 | INFO     | roostoo.api | API_REQUEST_OK | method=GET | label=ticker:BTC/USD | elapsed_ms=542
2026-10-06 02:42:41+0000 | INFO     | bot | LOOP_COMPLETE | elapsed_ms=1523
2026-10-06 02:43:40+0000 | INFO     | roostoo.api | API_REQUEST_START | method=GET | label=ticker:TRX/USD | path=/v3/ticker
2026-10-06 02:43:40+0000 | INFO     | roostoo.api | API_REQUEST_OK | method=GET | label=ticker:TRX/USD | elapsed_ms=173
2026-10-06 02:43:40+0000 | INFO     | roostoo.api | API_REQUEST_START | method=GET | label=ticker:AVAX/USD | path=/v3/ticker
2026-10-06 02:43:40+0000 | INFO     | roostoo.api | API_REQUEST_OK | method=GET | label=ticker:AVAX/USD | elapsed_ms=173
2026-10-06 02:43:40+0000 | INFO     | roostoo.api | API_REQUEST_START | method=GET | label=ticker:DOT/USD | path=/v3/ticker
2026-10-06 02:43:40+0000 | INFO     | roostoo.api | API_REQUEST_OK | method=GET | label=ticker:DOT/USD | elapsed_ms=172
2026-10-06 02:43:40+0000 | INFO     | roostoo.api | API_REQUEST_START | method=GET | label=ticker:BNB/USD | path=/v3/ticker
2026-10-06 02:43:40+0000 | INFO     | roostoo.api | API_REQUEST_OK | method=GET | label=ticker:BNB/USD | elapsed_ms=172
2026-10-06 02:43:40+0000 | INFO     | roostoo.api | API_REQUEST_START | method=GET | label=ticker:SUI/USD | path=/v3/ticker
2026-10-06 02:43:41+0000 | INFO     | roostoo.api | API_REQUEST_OK | method=GET | label=ticker:SUI/USD | elapsed_ms=563
2026-10-06 02:43:41+0000 | INFO     | roostoo.api | API_REQUEST_START | method=GET | label=ticker:BTC/USD | path=/v3/ticker
2026-10-06 02:43:41+0000 | INFO     | roostoo.api | API_REQUEST_OK | method=GET | label=ticker:BTC/USD | elapsed_ms=226
2026-10-06 02:43:41+0000 | INFO     | bot | LOOP_COMPLETE | elapsed_ms=1514
2026-10-06 02:44:40+0000 | INFO     | roostoo.api | API_REQUEST_START | method=GET | label=ticker:TRX/USD | path=/v3/ticker
2026-10-06 02:44:40+0000 | INFO     | roostoo.api | API_REQUEST_OK | method=GET | label=ticker:TRX/USD | elapsed_ms=181
2026-10-06 02:44:40+0000 | INFO     | roostoo.api | API_REQUEST_START | method=GET | label=ticker:AVAX/USD | path=/v3/ticker
2026-10-06 02:44:40+0000 | INFO     | roostoo.api | API_REQUEST_OK | method=GET | label=ticker:AVAX/USD | elapsed_ms=174
2026-10-06 02:44:40+0000 | INFO     | roostoo.api | API_REQUEST_START | method=GET | label=ticker:DOT/USD | path=/v3/ticker
2026-10-06 02:44:40+0000 | INFO     | roostoo.api | API_REQUEST_OK | method=GET | label=ticker:DOT/USD | elapsed_ms=172
2026-10-06 02:44:40+0000 | INFO     | roostoo.api | API_REQUEST_START | method=GET | label=ticker:BNB/USD | path=/v3/ticker
2026-10-06 02:44:40+0000 | INFO     | roostoo.api | API_REQUEST_OK | method=GET | label=ticker:BNB/USD | elapsed_ms=187
2026-10-06 02:44:40+0000 | INFO     | roostoo.api | API_REQUEST_START | method=GET | label=ticker:SUI/USD | path=/v3/ticker
2026-10-06 02:44:41+0000 | INFO     | roostoo.api | API_REQUEST_OK | method=GET | label=ticker:SUI/USD | elapsed_ms=545
2026-10-06 02:44:41+0000 | INFO     | roostoo.api | API_REQUEST_START | method=GET | label=ticker:BTC/USD | path=/v3/ticker
2026-10-06 02:44:41+0000 | INFO     | roostoo.api | API_REQUEST_OK | method=GET | label=ticker:BTC/USD | elapsed_ms=186
2026-10-06 02:44:41+0000 | INFO     | bot | LOOP_COMPLETE | elapsed_ms=1482
2026-10-06 02:45:40+0000 | INFO     | roostoo.api | API_REQUEST_START | method=GET | label=ticker:TRX/USD | path=/v3/ticker
2026-10-06 02:45:40+0000 | INFO     | roostoo.api | API_REQUEST_OK | method=GET | label=ticker:TRX/USD | elapsed_ms=173
2026-10-06 02:45:40+0000 | INFO     | roostoo.api | API_REQUEST_START | method=GET | label=ticker:AVAX/USD | path=/v3/ticker
2026-10-06 02:45:40+0000 | INFO     | roostoo.api | API_REQUEST_OK | method=GET | label=ticker:AVAX/USD | elapsed_ms=185
2026-10-06 02:45:40+0000 | INFO     | roostoo.api | API_REQUEST_START | method=GET | label=ticker:DOT/USD | path=/v3/ticker
2026-10-06 02:45:40+0000 | INFO     | roostoo.api | API_REQUEST_OK | method=GET | label=ticker:DOT/USD | elapsed_ms=189
2026-10-06 02:45:40+0000 | INFO     | roostoo.api | API_REQUEST_START | method=GET | label=ticker:BNB/USD | path=/v3/ticker
2026-10-06 02:45:41+0000 | INFO     | roostoo.api | API_REQUEST_OK | method=GET | label=ticker:BNB/USD | elapsed_ms=503
2026-10-06 02:45:41+0000 | INFO     | roostoo.api | API_REQUEST_START | method=GET | label=ticker:SUI/USD | path=/v3/ticker
2026-10-06 02:45:41+0000 | INFO     | roostoo.api | API_REQUEST_OK | method=GET | label=ticker:SUI/USD | elapsed_ms=185
2026-10-06 02:45:41+0000 | INFO     | roostoo.api | API_REQUEST_START | method=GET | label=ticker:BTC/USD | path=/v3/ticker
2026-10-06 02:45:41+0000 | INFO     | roostoo.api | API_REQUEST_OK | method=GET | label=ticker:BTC/USD | elapsed_ms=172
2026-10-06 02:45:41+0000 | INFO     | bot | LOOP_COMPLETE | elapsed_ms=1449
2026-10-06 02:46:40+0000 | INFO     | roostoo.api | API_REQUEST_START | method=GET | label=ticker:TRX/USD | path=/v3/ticker
2026-10-06 02:46:40+0000 | INFO     | roostoo.api | API_REQUEST_OK | method=GET | label=ticker:TRX/USD | elapsed_ms=186
2026-10-06 02:46:40+0000 | INFO     | roostoo.api | API_REQUEST_START | method=GET | label=ticker:AVAX/USD | path=/v3/ticker
2026-10-06 02:46:40+0000 | INFO     | roostoo.api | API_REQUEST_OK | method=GET | label=ticker:AVAX/USD | elapsed_ms=185
2026-10-06 02:46:40+0000 | INFO     | roostoo.api | API_REQUEST_START | method=GET | label=ticker:DOT/USD | path=/v3/ticker
2026-10-06 02:46:40+0000 | INFO     | roostoo.api | API_REQUEST_OK | method=GET | label=ticker:DOT/USD | elapsed_ms=185
2026-10-06 02:46:40+0000 | INFO     | roostoo.api | API_REQUEST_START | method=GET | label=server_time | path=/v3/serverTime
2026-10-06 02:46:41+0000 | INFO     | roostoo.api | API_REQUEST_OK | method=GET | label=server_time | elapsed_ms=511
2026-10-06 02:46:41+0000 | INFO     | roostoo.api | SERVER_TIME_SYNC | offset_ms=426
2026-10-06 02:46:41+0000 | INFO     | roostoo.api | API_REQUEST_START | method=GET | label=ticker:BNB/USD | path=/v3/ticker
2026-10-06 02:46:41+0000 | INFO     | roostoo.api | API_REQUEST_OK | method=GET | label=ticker:BNB/USD | elapsed_ms=171
2026-10-06 02:46:41+0000 | INFO     | roostoo.api | API_REQUEST_START | method=GET | label=ticker:SUI/USD | path=/v3/ticker
2026-10-06 02:46:41+0000 | INFO     | roostoo.api | API_REQUEST_OK | method=GET | label=ticker:SUI/USD | elapsed_ms=185
2026-10-06 02:46:41+0000 | INFO     | roostoo.api | API_REQUEST_START | method=GET | label=ticker:BTC/USD | path=/v3/ticker
2026-10-06 02:46:41+0000 | INFO     | roostoo.api | API_REQUEST_OK | method=GET | label=ticker:BTC/USD | elapsed_ms=171
2026-10-06 02:46:41+0000 | INFO     | bot | LOOP_COMPLETE | elapsed_ms=1637
2026-10-06 02:47:40+0000 | INFO     | roostoo.api | API_REQUEST_START | method=GET | label=ticker:TRX/USD | path=/v3/ticker
2026-10-06 02:47:40+0000 | INFO     | roostoo.api | API_REQUEST_OK | method=GET | label=ticker:TRX/USD | elapsed_ms=173
2026-10-06 02:47:40+0000 | INFO     | roostoo.api | API_REQUEST_START | method=GET | label=ticker:AVAX/USD | path=/v3/ticker
2026-10-06 02:47:40+0000 | INFO     | roostoo.api | API_REQUEST_OK | method=GET | label=ticker:AVAX/USD | elapsed_ms=172
2026-10-06 02:47:40+0000 | INFO     | roostoo.api | API_REQUEST_START | method=GET | label=ticker:DOT/USD | path=/v3/ticker
2026-10-06 02:47:40+0000 | INFO     | roostoo.api | API_REQUEST_OK | method=GET | label=ticker:DOT/USD | elapsed_ms=185
2026-10-06 02:47:40+0000 | INFO     | roostoo.api | API_REQUEST_START | method=GET | label=ticker:BNB/USD | path=/v3/ticker
2026-10-06 02:47:40+0000 | INFO     | roostoo.api | API_REQUEST_OK | method=GET | label=ticker:BNB/USD | elapsed_ms=172
2026-10-06 02:47:40+0000 | INFO     | roostoo.api | API_REQUEST_START | method=GET | label=ticker:SUI/USD | path=/v3/ticker
2026-10-06 02:47:40+0000 | INFO     | roostoo.api | API_REQUEST_OK | method=GET | label=ticker:SUI/USD | elapsed_ms=186
2026-10-06 02:47:41+0000 | INFO     | roostoo.api | API_REQUEST_START | method=GET | label=ticker:BTC/USD | path=/v3/ticker
2026-10-06 02:47:41+0000 | INFO     | roostoo.api | API_REQUEST_OK | method=GET | label=ticker:BTC/USD | elapsed_ms=187
2026-10-06 02:47:41+0000 | INFO     | bot | LOOP_COMPLETE | elapsed_ms=1113
2026-10-06 02:48:40+0000 | INFO     | roostoo.api | API_REQUEST_START | method=GET | label=ticker:TRX/USD | path=/v3/ticker
2026-10-06 02:48:40+0000 | INFO     | roostoo.api | API_REQUEST_OK | method=GET | label=ticker:TRX/USD | elapsed_ms=173
2026-10-06 02:48:40+0000 | INFO     | roostoo.api | API_REQUEST_START | method=GET | label=ticker:AVAX/USD | path=/v3/ticker
2026-10-06 02:48:40+0000 | INFO     | roostoo.api | API_REQUEST_OK | method=GET | label=ticker:AVAX/USD | elapsed_ms=172
2026-10-06 02:48:40+0000 | INFO     | roostoo.api | API_REQUEST_START | method=GET | label=ticker:DOT/USD | path=/v3/ticker
2026-10-06 02:48:40+0000 | INFO     | roostoo.api | API_REQUEST_OK | method=GET | label=ticker:DOT/USD | elapsed_ms=295
2026-10-06 02:48:40+0000 | INFO     | roostoo.api | API_REQUEST_START | method=GET | label=ticker:BNB/USD | path=/v3/ticker
2026-10-06 02:48:40+0000 | INFO     | roostoo.api | API_REQUEST_OK | method=GET | label=ticker:BNB/USD | elapsed_ms=184
2026-10-06 02:48:40+0000 | INFO     | roostoo.api | API_REQUEST_START | method=GET | label=ticker:SUI/USD | path=/v3/ticker
2026-10-06 02:48:41+0000 | INFO     | roostoo.api | API_REQUEST_OK | method=GET | label=ticker:SUI/USD | elapsed_ms=172
2026-10-06 02:48:41+0000 | INFO     | roostoo.api | API_REQUEST_START | method=GET | label=ticker:BTC/USD | path=/v3/ticker
2026-10-06 02:48:41+0000 | INFO     | roostoo.api | API_REQUEST_OK | method=GET | label=ticker:BTC/USD | elapsed_ms=186
2026-10-06 02:48:41+0000 | INFO     | bot | LOOP_COMPLETE | elapsed_ms=1221
2026-10-06 02:49:40+0000 | INFO     | roostoo.api | API_REQUEST_START | method=GET | label=ticker:TRX/USD | path=/v3/ticker
2026-10-06 02:49:40+0000 | INFO     | roostoo.api | API_REQUEST_OK | method=GET | label=ticker:TRX/USD | elapsed_ms=185
2026-10-06 02:49:40+0000 | INFO     | roostoo.api | API_REQUEST_START | method=GET | label=ticker:AVAX/USD | path=/v3/ticker
2026-10-06 02:49:40+0000 | INFO     | roostoo.api | API_REQUEST_OK | method=GET | label=ticker:AVAX/USD | elapsed_ms=173
2026-10-06 02:49:40+0000 | INFO     | roostoo.api | API_REQUEST_START | method=GET | label=ticker:DOT/USD | path=/v3/ticker
2026-10-06 02:49:40+0000 | INFO     | roostoo.api | API_REQUEST_OK | method=GET | label=ticker:DOT/USD | elapsed_ms=501
2026-10-06 02:49:41+0000 | INFO     | roostoo.api | API_REQUEST_START | method=GET | label=ticker:BNB/USD | path=/v3/ticker
2026-10-06 02:49:41+0000 | INFO     | roostoo.api | API_REQUEST_OK | method=GET | label=ticker:BNB/USD | elapsed_ms=186
2026-10-06 02:49:41+0000 | INFO     | roostoo.api | API_REQUEST_START | method=GET | label=ticker:SUI/USD | path=/v3/ticker
2026-10-06 02:49:41+0000 | INFO     | roostoo.api | API_REQUEST_OK | method=GET | label=ticker:SUI/USD | elapsed_ms=172
2026-10-06 02:49:41+0000 | INFO     | roostoo.api | API_REQUEST_START | method=GET | label=ticker:BTC/USD | path=/v3/ticker
2026-10-06 02:49:41+0000 | INFO     | roostoo.api | API_REQUEST_OK | method=GET | label=ticker:BTC/USD | elapsed_ms=171
2026-10-06 02:49:41+0000 | INFO     | bot | LOOP_COMPLETE | elapsed_ms=1430
2026-10-06 02:50:40+0000 | INFO     | roostoo.api | API_REQUEST_START | method=GET | label=ticker:TRX/USD | path=/v3/ticker
2026-10-06 02:50:40+0000 | INFO     | roostoo.api | API_REQUEST_OK | method=GET | label=ticker:TRX/USD | elapsed_ms=173
2026-10-06 02:50:40+0000 | INFO     | roostoo.api | API_REQUEST_START | method=GET | label=ticker:AVAX/USD | path=/v3/ticker
2026-10-06 02:50:40+0000 | INFO     | roostoo.api | API_REQUEST_OK | method=GET | label=ticker:AVAX/USD | elapsed_ms=172
2026-10-06 02:50:40+0000 | INFO     | roostoo.api | API_REQUEST_START | method=GET | label=ticker:DOT/USD | path=/v3/ticker
2026-10-06 02:50:40+0000 | INFO     | roostoo.api | API_REQUEST_OK | method=GET | label=ticker:DOT/USD | elapsed_ms=184
2026-10-06 02:50:40+0000 | INFO     | roostoo.api | API_REQUEST_START | method=GET | label=ticker:BNB/USD | path=/v3/ticker
2026-10-06 02:50:40+0000 | INFO     | roostoo.api | API_REQUEST_OK | method=GET | label=ticker:BNB/USD | elapsed_ms=171
2026-10-06 02:50:40+0000 | INFO     | roostoo.api | API_REQUEST_START | method=GET | label=ticker:SUI/USD | path=/v3/ticker
2026-10-06 02:50:41+0000 | INFO     | roostoo.api | API_REQUEST_OK | method=GET | label=ticker:SUI/USD | elapsed_ms=541
2026-10-06 02:50:41+0000 | INFO     | roostoo.api | API_REQUEST_START | method=GET | label=ticker:BTC/USD | path=/v3/ticker
2026-10-06 02:50:41+0000 | INFO     | roostoo.api | API_REQUEST_OK | method=GET | label=ticker:BTC/USD | elapsed_ms=184
2026-10-06 02:50:41+0000 | INFO     | bot | LOOP_COMPLETE | elapsed_ms=1464
2026-10-06 02:51:40+0000 | INFO     | roostoo.api | API_REQUEST_START | method=GET | label=ticker:TRX/USD | path=/v3/ticker
2026-10-06 02:51:40+0000 | INFO     | roostoo.api | API_REQUEST_OK | method=GET | label=ticker:TRX/USD | elapsed_ms=189
2026-10-06 02:51:40+0000 | INFO     | roostoo.api | API_REQUEST_START | method=GET | label=ticker:AVAX/USD | path=/v3/ticker
2026-10-06 02:51:40+0000 | INFO     | roostoo.api | API_REQUEST_OK | method=GET | label=ticker:AVAX/USD | elapsed_ms=171
2026-10-06 02:51:40+0000 | INFO     | roostoo.api | API_REQUEST_START | method=GET | label=ticker:DOT/USD | path=/v3/ticker
2026-10-06 02:51:40+0000 | INFO     | roostoo.api | API_REQUEST_OK | method=GET | label=ticker:DOT/USD | elapsed_ms=173
2026-10-06 02:51:40+0000 | INFO     | roostoo.api | API_REQUEST_START | method=GET | label=ticker:BNB/USD | path=/v3/ticker
2026-10-06 02:51:40+0000 | INFO     | roostoo.api | API_REQUEST_OK | method=GET | label=ticker:BNB/USD | elapsed_ms=172
2026-10-06 02:51:40+0000 | INFO     | roostoo.api | API_REQUEST_START | method=GET | label=ticker:SUI/USD | path=/v3/ticker
2026-10-06 02:51:41+0000 | INFO     | roostoo.api | API_REQUEST_OK | method=GET | label=ticker:SUI/USD | elapsed_ms=500
2026-10-06 02:51:41+0000 | INFO     | roostoo.api | API_REQUEST_START | method=GET | label=server_time | path=/v3/serverTime
2026-10-06 02:51:41+0000 | INFO     | roostoo.api | API_REQUEST_OK | method=GET | label=server_time | elapsed_ms=170
2026-10-06 02:51:41+0000 | INFO     | roostoo.api | SERVER_TIME_SYNC | offset_ms=86
2026-10-06 02:51:41+0000 | INFO     | roostoo.api | API_REQUEST_START | method=GET | label=ticker:BTC/USD | path=/v3/ticker
2026-10-06 02:51:41+0000 | INFO     | roostoo.api | API_REQUEST_OK | method=GET | label=ticker:BTC/USD | elapsed_ms=172
2026-10-06 02:51:41+0000 | INFO     | bot | LOOP_COMPLETE | elapsed_ms=1585
2026-10-06 02:52:40+0000 | INFO     | roostoo.api | API_REQUEST_START | method=GET | label=ticker:TRX/USD | path=/v3/ticker
2026-10-06 02:52:40+0000 | INFO     | roostoo.api | API_REQUEST_OK | method=GET | label=ticker:TRX/USD | elapsed_ms=172
2026-10-06 02:52:40+0000 | INFO     | roostoo.api | API_REQUEST_START | method=GET | label=ticker:AVAX/USD | path=/v3/ticker
2026-10-06 02:52:40+0000 | INFO     | roostoo.api | API_REQUEST_OK | method=GET | label=ticker:AVAX/USD | elapsed_ms=172
2026-10-06 02:52:40+0000 | INFO     | roostoo.api | API_REQUEST_START | method=GET | label=ticker:DOT/USD | path=/v3/ticker
2026-10-06 02:52:40+0000 | INFO     | roostoo.api | API_REQUEST_OK | method=GET | label=ticker:DOT/USD | elapsed_ms=172
2026-10-06 02:52:40+0000 | INFO     | roostoo.api | API_REQUEST_START | method=GET | label=ticker:BNB/USD | path=/v3/ticker
2026-10-06 02:52:40+0000 | INFO     | roostoo.api | API_REQUEST_OK | method=GET | label=ticker:BNB/USD | elapsed_ms=171
2026-10-06 02:52:40+0000 | INFO     | roostoo.api | API_REQUEST_START | method=GET | label=ticker:SUI/USD | path=/v3/ticker
2026-10-06 02:52:40+0000 | INFO     | roostoo.api | API_REQUEST_OK | method=GET | label=ticker:SUI/USD | elapsed_ms=171
2026-10-06 02:52:40+0000 | INFO     | roostoo.api | API_REQUEST_START | method=GET | label=ticker:BTC/USD | path=/v3/ticker
2026-10-06 02:52:41+0000 | INFO     | roostoo.api | API_REQUEST_OK | method=GET | label=ticker:BTC/USD | elapsed_ms=171
2026-10-06 02:52:41+0000 | INFO     | bot | LOOP_COMPLETE | elapsed_ms=1067
2026-10-06 02:53:40+0000 | INFO     | roostoo.api | API_REQUEST_START | method=GET | label=ticker:TRX/USD | path=/v3/ticker
2026-10-06 02:53:40+0000 | INFO     | roostoo.api | API_REQUEST_OK | method=GET | label=ticker:TRX/USD | elapsed_ms=185
2026-10-06 02:53:40+0000 | INFO     | roostoo.api | API_REQUEST_START | method=GET | label=ticker:AVAX/USD | path=/v3/ticker
2026-10-06 02:53:40+0000 | INFO     | roostoo.api | API_REQUEST_OK | method=GET | label=ticker:AVAX/USD | elapsed_ms=185
2026-10-06 02:53:40+0000 | INFO     | roostoo.api | API_REQUEST_START | method=GET | label=ticker:DOT/USD | path=/v3/ticker
2026-10-06 02:53:40+0000 | INFO     | roostoo.api | API_REQUEST_OK | method=GET | label=ticker:DOT/USD | elapsed_ms=188
2026-10-06 02:53:40+0000 | INFO     | roostoo.api | API_REQUEST_START | method=GET | label=ticker:BNB/USD | path=/v3/ticker
2026-10-06 02:53:40+0000 | INFO     | roostoo.api | API_REQUEST_OK | method=GET | label=ticker:BNB/USD | elapsed_ms=190
2026-10-06 02:53:40+0000 | INFO     | roostoo.api | API_REQUEST_START | method=GET | label=ticker:SUI/USD | path=/v3/ticker
2026-10-06 02:53:41+0000 | INFO     | roostoo.api | API_REQUEST_OK | method=GET | label=ticker:SUI/USD | elapsed_ms=503
2026-10-06 02:53:41+0000 | INFO     | roostoo.api | API_REQUEST_START | method=GET | label=ticker:BTC/USD | path=/v3/ticker
2026-10-06 02:53:41+0000 | INFO     | roostoo.api | API_REQUEST_OK | method=GET | label=ticker:BTC/USD | elapsed_ms=185
2026-10-06 02:53:41+0000 | INFO     | bot | LOOP_COMPLETE | elapsed_ms=1477
2026-10-06 02:54:40+0000 | INFO     | roostoo.api | API_REQUEST_START | method=GET | label=ticker:TRX/USD | path=/v3/ticker
2026-10-06 02:54:40+0000 | INFO     | roostoo.api | API_REQUEST_OK | method=GET | label=ticker:TRX/USD | elapsed_ms=186
2026-10-06 02:54:40+0000 | INFO     | roostoo.api | API_REQUEST_START | method=GET | label=ticker:AVAX/USD | path=/v3/ticker
2026-10-06 02:54:40+0000 | INFO     | roostoo.api | API_REQUEST_OK | method=GET | label=ticker:AVAX/USD | elapsed_ms=188
2026-10-06 02:54:40+0000 | INFO     | roostoo.api | API_REQUEST_START | method=GET | label=ticker:DOT/USD | path=/v3/ticker
2026-10-06 02:54:40+0000 | INFO     | roostoo.api | API_REQUEST_OK | method=GET | label=ticker:DOT/USD | elapsed_ms=174
2026-10-06 02:54:40+0000 | INFO     | roostoo.api | API_REQUEST_START | method=GET | label=ticker:BNB/USD | path=/v3/ticker
2026-10-06 02:54:40+0000 | INFO     | roostoo.api | API_REQUEST_OK | method=GET | label=ticker:BNB/USD | elapsed_ms=173
2026-10-06 02:54:40+0000 | INFO     | roostoo.api | API_REQUEST_START | method=GET | label=ticker:SUI/USD | path=/v3/ticker
2026-10-06 02:54:41+0000 | INFO     | roostoo.api | API_REQUEST_OK | method=GET | label=ticker:SUI/USD | elapsed_ms=504
2026-10-06 02:54:41+0000 | INFO     | roostoo.api | API_REQUEST_START | method=GET | label=ticker:BTC/USD | path=/v3/ticker
2026-10-06 02:54:41+0000 | INFO     | roostoo.api | API_REQUEST_OK | method=GET | label=ticker:BTC/USD | elapsed_ms=542
2026-10-06 02:54:41+0000 | INFO     | bot | LOOP_COMPLETE | elapsed_ms=1804
2026-10-06 02:55:40+0000 | INFO     | roostoo.api | API_REQUEST_START | method=GET | label=ticker:TRX/USD | path=/v3/ticker
2026-10-06 02:55:40+0000 | INFO     | roostoo.api | API_REQUEST_OK | method=GET | label=ticker:TRX/USD | elapsed_ms=174
2026-10-06 02:55:40+0000 | INFO     | roostoo.api | API_REQUEST_START | method=GET | label=ticker:AVAX/USD | path=/v3/ticker
2026-10-06 02:55:40+0000 | INFO     | roostoo.api | API_REQUEST_OK | method=GET | label=ticker:AVAX/USD | elapsed_ms=171
2026-10-06 02:55:40+0000 | INFO     | roostoo.api | API_REQUEST_START | method=GET | label=ticker:DOT/USD | path=/v3/ticker
2026-10-06 02:55:40+0000 | INFO     | roostoo.api | API_REQUEST_OK | method=GET | label=ticker:DOT/USD | elapsed_ms=174
2026-10-06 02:55:40+0000 | INFO     | roostoo.api | API_REQUEST_START | method=GET | label=ticker:BNB/USD | path=/v3/ticker
2026-10-06 02:55:40+0000 | INFO     | roostoo.api | API_REQUEST_OK | method=GET | label=ticker:BNB/USD | elapsed_ms=277
2026-10-06 02:55:40+0000 | INFO     | roostoo.api | API_REQUEST_START | method=GET | label=ticker:SUI/USD | path=/v3/ticker
2026-10-06 02:55:41+0000 | INFO     | roostoo.api | API_REQUEST_OK | method=GET | label=ticker:SUI/USD | elapsed_ms=186
2026-10-06 02:55:41+0000 | INFO     | roostoo.api | API_REQUEST_START | method=GET | label=ticker:BTC/USD | path=/v3/ticker
2026-10-06 02:55:41+0000 | INFO     | roostoo.api | API_REQUEST_OK | method=GET | label=ticker:BTC/USD | elapsed_ms=185
2026-10-06 02:55:41+0000 | INFO     | bot | LOOP_COMPLETE | elapsed_ms=1204
2026-10-06 02:56:40+0000 | INFO     | roostoo.api | API_REQUEST_START | method=GET | label=ticker:TRX/USD | path=/v3/ticker
2026-10-06 02:56:40+0000 | INFO     | roostoo.api | API_REQUEST_OK | method=GET | label=ticker:TRX/USD | elapsed_ms=174
2026-10-06 02:56:40+0000 | INFO     | roostoo.api | API_REQUEST_START | method=GET | label=ticker:AVAX/USD | path=/v3/ticker
2026-10-06 02:56:40+0000 | INFO     | roostoo.api | API_REQUEST_OK | method=GET | label=ticker:AVAX/USD | elapsed_ms=172
2026-10-06 02:56:40+0000 | INFO     | roostoo.api | API_REQUEST_START | method=GET | label=ticker:DOT/USD | path=/v3/ticker
2026-10-06 02:56:40+0000 | INFO     | roostoo.api | API_REQUEST_OK | method=GET | label=ticker:DOT/USD | elapsed_ms=502
2026-10-06 02:56:40+0000 | INFO     | roostoo.api | API_REQUEST_START | method=GET | label=ticker:BNB/USD | path=/v3/ticker
2026-10-06 02:56:41+0000 | INFO     | roostoo.api | API_REQUEST_OK | method=GET | label=ticker:BNB/USD | elapsed_ms=172
2026-10-06 02:56:41+0000 | INFO     | roostoo.api | API_REQUEST_START | method=GET | label=ticker:SUI/USD | path=/v3/ticker
2026-10-06 02:56:41+0000 | INFO     | roostoo.api | API_REQUEST_OK | method=GET | label=ticker:SUI/USD | elapsed_ms=172
2026-10-06 02:56:41+0000 | INFO     | roostoo.api | API_REQUEST_START | method=GET | label=ticker:BTC/USD | path=/v3/ticker
2026-10-06 02:56:41+0000 | INFO     | roostoo.api | API_REQUEST_OK | method=GET | label=ticker:BTC/USD | elapsed_ms=502
2026-10-06 02:56:41+0000 | INFO     | bot | LOOP_COMPLETE | elapsed_ms=1732
2026-10-06 02:57:40+0000 | INFO     | roostoo.api | API_REQUEST_START | method=GET | label=server_time | path=/v3/serverTime
2026-10-06 02:57:40+0000 | INFO     | roostoo.api | API_REQUEST_OK | method=GET | label=server_time | elapsed_ms=185
2026-10-06 02:57:40+0000 | INFO     | roostoo.api | SERVER_TIME_SYNC | offset_ms=101
2026-10-06 02:57:40+0000 | INFO     | roostoo.api | API_REQUEST_START | method=GET | label=ticker:TRX/USD | path=/v3/ticker
2026-10-06 02:57:40+0000 | INFO     | roostoo.api | API_REQUEST_OK | method=GET | label=ticker:TRX/USD | elapsed_ms=184
2026-10-06 02:57:40+0000 | INFO     | roostoo.api | API_REQUEST_START | method=GET | label=ticker:AVAX/USD | path=/v3/ticker
2026-10-06 02:57:40+0000 | INFO     | roostoo.api | API_REQUEST_OK | method=GET | label=ticker:AVAX/USD | elapsed_ms=187
2026-10-06 02:57:40+0000 | INFO     | roostoo.api | API_REQUEST_START | method=GET | label=ticker:DOT/USD | path=/v3/ticker
2026-10-06 02:57:40+0000 | INFO     | roostoo.api | API_REQUEST_OK | method=GET | label=ticker:DOT/USD | elapsed_ms=172
2026-10-06 02:57:40+0000 | INFO     | roostoo.api | API_REQUEST_START | method=GET | label=ticker:BNB/USD | path=/v3/ticker
2026-10-06 02:57:41+0000 | INFO     | roostoo.api | API_REQUEST_OK | method=GET | label=ticker:BNB/USD | elapsed_ms=186
2026-10-06 02:57:41+0000 | INFO     | roostoo.api | API_REQUEST_START | method=GET | label=ticker:SUI/USD | path=/v3/ticker
2026-10-06 02:57:41+0000 | INFO     | roostoo.api | API_REQUEST_OK | method=GET | label=ticker:SUI/USD | elapsed_ms=501
2026-10-06 02:57:41+0000 | INFO     | roostoo.api | API_REQUEST_START | method=GET | label=ticker:BTC/USD | path=/v3/ticker
2026-10-06 02:57:41+0000 | INFO     | roostoo.api | API_REQUEST_OK | method=GET | label=ticker:BTC/USD | elapsed_ms=172
2026-10-06 02:57:41+0000 | INFO     | bot | LOOP_COMPLETE | elapsed_ms=1632
2026-10-06 02:58:40+0000 | INFO     | roostoo.api | API_REQUEST_START | method=GET | label=ticker:TRX/USD | path=/v3/ticker
2026-10-06 02:58:40+0000 | INFO     | roostoo.api | API_REQUEST_OK | method=GET | label=ticker:TRX/USD | elapsed_ms=173
2026-10-06 02:58:40+0000 | INFO     | roostoo.api | API_REQUEST_START | method=GET | label=ticker:AVAX/USD | path=/v3/ticker
2026-10-06 02:58:40+0000 | INFO     | roostoo.api | API_REQUEST_OK | method=GET | label=ticker:AVAX/USD | elapsed_ms=172
2026-10-06 02:58:40+0000 | INFO     | roostoo.api | API_REQUEST_START | method=GET | label=ticker:DOT/USD | path=/v3/ticker
2026-10-06 02:58:40+0000 | INFO     | roostoo.api | API_REQUEST_OK | method=GET | label=ticker:DOT/USD | elapsed_ms=187
2026-10-06 02:58:40+0000 | INFO     | roostoo.api | API_REQUEST_START | method=GET | label=ticker:BNB/USD | path=/v3/ticker
2026-10-06 02:58:40+0000 | INFO     | roostoo.api | API_REQUEST_OK | method=GET | label=ticker:BNB/USD | elapsed_ms=171
2026-10-06 02:58:40+0000 | INFO     | roostoo.api | API_REQUEST_START | method=GET | label=ticker:SUI/USD | path=/v3/ticker
2026-10-06 02:58:41+0000 | INFO     | roostoo.api | API_REQUEST_OK | method=GET | label=ticker:SUI/USD | elapsed_ms=171
2026-10-06 02:58:41+0000 | INFO     | roostoo.api | API_REQUEST_START | method=GET | label=ticker:BTC/USD | path=/v3/ticker
2026-10-06 02:58:41+0000 | INFO     | roostoo.api | API_REQUEST_OK | method=GET | label=ticker:BTC/USD | elapsed_ms=543
2026-10-06 02:58:41+0000 | INFO     | bot | LOOP_COMPLETE | elapsed_ms=1455
2026-10-06 02:59:40+0000 | INFO     | roostoo.api | API_REQUEST_START | method=GET | label=ticker:TRX/USD | path=/v3/ticker
2026-10-06 02:59:40+0000 | INFO     | roostoo.api | API_REQUEST_OK | method=GET | label=ticker:TRX/USD | elapsed_ms=174
2026-10-06 02:59:40+0000 | INFO     | roostoo.api | API_REQUEST_START | method=GET | label=ticker:AVAX/USD | path=/v3/ticker
2026-10-06 02:59:40+0000 | INFO     | roostoo.api | API_REQUEST_OK | method=GET | label=ticker:AVAX/USD | elapsed_ms=172
2026-10-06 02:59:40+0000 | INFO     | roostoo.api | API_REQUEST_START | method=GET | label=ticker:DOT/USD | path=/v3/ticker
2026-10-06 02:59:40+0000 | INFO     | roostoo.api | API_REQUEST_OK | method=GET | label=ticker:DOT/USD | elapsed_ms=186
2026-10-06 02:59:40+0000 | INFO     | roostoo.api | API_REQUEST_START | method=GET | label=ticker:BNB/USD | path=/v3/ticker
2026-10-06 02:59:40+0000 | INFO     | roostoo.api | API_REQUEST_OK | method=GET | label=ticker:BNB/USD | elapsed_ms=185
2026-10-06 02:59:40+0000 | INFO     | roostoo.api | API_REQUEST_START | method=GET | label=ticker:SUI/USD | path=/v3/ticker
2026-10-06 02:59:41+0000 | INFO     | roostoo.api | API_REQUEST_OK | method=GET | label=ticker:SUI/USD | elapsed_ms=186
2026-10-06 02:59:41+0000 | INFO     | roostoo.api | API_REQUEST_START | method=GET | label=ticker:BTC/USD | path=/v3/ticker
2026-10-06 02:59:41+0000 | INFO     | roostoo.api | API_REQUEST_OK | method=GET | label=ticker:BTC/USD | elapsed_ms=185
2026-10-06 02:59:41+0000 | INFO     | bot | LOOP_COMPLETE | elapsed_ms=1125
2026-10-06 03:00:40+0000 | INFO     | roostoo.api | API_REQUEST_START | method=GET | label=ticker:TRX/USD | path=/v3/ticker
2026-10-06 03:00:40+0000 | INFO     | roostoo.api | API_REQUEST_OK | method=GET | label=ticker:TRX/USD | elapsed_ms=173
2026-10-06 03:00:40+0000 | INFO     | bot | SIGNAL_CANDLE | pair=TRX/USD | candle=1791252000000 | signal=0 | fast=0.33609242 | slow=0.33595146
2026-10-06 03:00:40+0000 | WARNING  | bot | SIGNAL_EXECUTION | pair=TRX/USD | signal_candle=1791252000000 | execution_hour=1791255600000 | price=0.3357 | action=HOLD | reason=NONE | fast=0.33609242 | slow=0.33595146
2026-10-06 03:00:40+0000 | INFO     | roostoo.api | API_REQUEST_START | method=GET | label=ticker:AVAX/USD | path=/v3/ticker
2026-10-06 03:00:40+0000 | INFO     | roostoo.api | API_REQUEST_OK | method=GET | label=ticker:AVAX/USD | elapsed_ms=172
2026-10-06 03:00:40+0000 | INFO     | bot | SIGNAL_CANDLE | pair=AVAX/USD | candle=1791252000000 | signal=0 | fast=11.01967390 | slow=11.01458534
2026-10-06 03:00:40+0000 | WARNING  | bot | SIGNAL_EXECUTION | pair=AVAX/USD | signal_candle=1791252000000 | execution_hour=1791255600000 | price=11.167 | action=HOLD | reason=NONE | fast=11.01967390 | slow=11.01458534
2026-10-06 03:00:40+0000 | INFO     | roostoo.api | API_REQUEST_START | method=GET | label=ticker:DOT/USD | path=/v3/ticker
2026-10-06 03:00:40+0000 | INFO     | roostoo.api | API_REQUEST_OK | method=GET | label=ticker:DOT/USD | elapsed_ms=257
2026-10-06 03:00:40+0000 | INFO     | bot | SIGNAL_CANDLE | pair=DOT/USD | candle=1791252000000 | signal=0 | fast=1.21155317 | slow=1.20612494
2026-10-06 03:00:40+0000 | WARNING  | bot | SIGNAL_EXECUTION | pair=DOT/USD | signal_candle=1791252000000 | execution_hour=1791255600000 | price=1.215 | action=HOLD | reason=NONE | fast=1.21155317 | slow=1.20612494
2026-10-06 03:00:40+0000 | INFO     | roostoo.api | API_REQUEST_START | method=GET | label=ticker:BNB/USD | path=/v3/ticker
2026-10-06 03:00:40+0000 | INFO     | roostoo.api | API_REQUEST_OK | method=GET | label=ticker:BNB/USD | elapsed_ms=185
2026-10-06 03:00:40+0000 | INFO     | bot | SIGNAL_CANDLE | pair=BNB/USD | candle=1791252000000 | signal=0 | fast=787.67522843 | slow=786.11231835
2026-10-06 03:00:40+0000 | WARNING  | bot | SIGNAL_EXECUTION | pair=BNB/USD | signal_candle=1791252000000 | execution_hour=1791255600000 | price=781.35 | action=HOLD | reason=NONE | fast=787.67522843 | slow=786.11231835
2026-10-06 03:00:40+0000 | INFO     | roostoo.api | API_REQUEST_START | method=GET | label=ticker:SUI/USD | path=/v3/ticker
2026-10-06 03:00:41+0000 | INFO     | roostoo.api | API_REQUEST_OK | method=GET | label=ticker:SUI/USD | elapsed_ms=173
2026-10-06 03:00:41+0000 | INFO     | bot | SIGNAL_CANDLE | pair=SUI/USD | candle=1791252000000 | signal=0 | fast=1.20836917 | slow=1.20239815
2026-10-06 03:00:41+0000 | WARNING  | bot | SIGNAL_EXECUTION | pair=SUI/USD | signal_candle=1791252000000 | execution_hour=1791255600000 | price=1.1948 | action=HOLD | reason=NONE | fast=1.20836917 | slow=1.20239815
2026-10-06 03:00:41+0000 | INFO     | roostoo.api | API_REQUEST_START | method=GET | label=ticker:BTC/USD | path=/v3/ticker
2026-10-06 03:00:41+0000 | INFO     | roostoo.api | API_REQUEST_OK | method=GET | label=ticker:BTC/USD | elapsed_ms=185
2026-10-06 03:00:41+0000 | INFO     | bot | SIGNAL_CANDLE | pair=BTC/USD | candle=1791252000000 | signal=0 | fast=85722.71768289 | slow=85556.80998176
2026-10-06 03:00:41+0000 | WARNING  | bot | SIGNAL_EXECUTION | pair=BTC/USD | signal_candle=1791252000000 | execution_hour=1791255600000 | price=85534.01 | action=HOLD | reason=NONE | fast=85722.71768289 | slow=85556.80998176
2026-10-06 03:00:41+0000 | INFO     | bot | LOOP_COMPLETE | elapsed_ms=1219
2026-10-06 03:01:40+0000 | INFO     | roostoo.api | API_REQUEST_START | method=GET | label=ticker:TRX/USD | path=/v3/ticker
2026-10-06 03:01:40+0000 | INFO     | roostoo.api | API_REQUEST_OK | method=GET | label=ticker:TRX/USD | elapsed_ms=174
2026-10-06 03:01:40+0000 | INFO     | roostoo.api | API_REQUEST_START | method=GET | label=ticker:AVAX/USD | path=/v3/ticker
2026-10-06 03:01:40+0000 | INFO     | roostoo.api | API_REQUEST_OK | method=GET | label=ticker:AVAX/USD | elapsed_ms=171
2026-10-06 03:01:40+0000 | INFO     | roostoo.api | API_REQUEST_START | method=GET | label=ticker:DOT/USD | path=/v3/ticker
2026-10-06 03:01:40+0000 | INFO     | roostoo.api | API_REQUEST_OK | method=GET | label=ticker:DOT/USD | elapsed_ms=172
2026-10-06 03:01:40+0000 | INFO     | roostoo.api | API_REQUEST_START | method=GET | label=ticker:BNB/USD | path=/v3/ticker
2026-10-06 03:01:41+0000 | INFO     | roostoo.api | API_REQUEST_OK | method=GET | label=ticker:BNB/USD | elapsed_ms=502
2026-10-06 03:01:41+0000 | INFO     | roostoo.api | API_REQUEST_START | method=GET | label=ticker:SUI/USD | path=/v3/ticker
2026-10-06 03:01:41+0000 | INFO     | roostoo.api | API_REQUEST_OK | method=GET | label=ticker:SUI/USD | elapsed_ms=171
2026-10-06 03:01:41+0000 | INFO     | roostoo.api | API_REQUEST_START | method=GET | label=ticker:BTC/USD | path=/v3/ticker
2026-10-06 03:01:41+0000 | INFO     | roostoo.api | API_REQUEST_OK | method=GET | label=ticker:BTC/USD | elapsed_ms=171
2026-10-06 03:01:41+0000 | INFO     | bot | LOOP_COMPLETE | elapsed_ms=1402
2026-10-06 03:02:40+0000 | INFO     | roostoo.api | API_REQUEST_START | method=GET | label=ticker:TRX/USD | path=/v3/ticker
2026-10-06 03:02:40+0000 | INFO     | roostoo.api | API_REQUEST_OK | method=GET | label=ticker:TRX/USD | elapsed_ms=187
2026-10-06 03:02:40+0000 | INFO     | roostoo.api | API_REQUEST_START | method=GET | label=server_time | path=/v3/serverTime
2026-10-06 03:02:40+0000 | INFO     | roostoo.api | API_REQUEST_OK | method=GET | label=server_time | elapsed_ms=187
2026-10-06 03:02:40+0000 | INFO     | roostoo.api | SERVER_TIME_SYNC | offset_ms=100
2026-10-06 03:02:40+0000 | INFO     | roostoo.api | API_REQUEST_START | method=GET | label=ticker:AVAX/USD | path=/v3/ticker
2026-10-06 03:02:41+0000 | INFO     | roostoo.api | API_REQUEST_OK | method=GET | label=ticker:AVAX/USD | elapsed_ms=506
2026-10-06 03:02:41+0000 | INFO     | roostoo.api | API_REQUEST_START | method=GET | label=ticker:DOT/USD | path=/v3/ticker
2026-10-06 03:02:41+0000 | INFO     | roostoo.api | API_REQUEST_OK | method=GET | label=ticker:DOT/USD | elapsed_ms=172
2026-10-06 03:02:41+0000 | INFO     | roostoo.api | API_REQUEST_START | method=GET | label=ticker:BNB/USD | path=/v3/ticker
2026-10-06 03:02:41+0000 | INFO     | roostoo.api | API_REQUEST_OK | method=GET | label=ticker:BNB/USD | elapsed_ms=171
2026-10-06 03:02:41+0000 | INFO     | roostoo.api | API_REQUEST_START | method=GET | label=ticker:SUI/USD | path=/v3/ticker
2026-10-06 03:02:41+0000 | INFO     | roostoo.api | API_REQUEST_OK | method=GET | label=ticker:SUI/USD | elapsed_ms=502
2026-10-06 03:02:41+0000 | INFO     | roostoo.api | API_REQUEST_START | method=GET | label=ticker:BTC/USD | path=/v3/ticker
2026-10-06 03:02:42+0000 | INFO     | roostoo.api | API_REQUEST_OK | method=GET | label=ticker:BTC/USD | elapsed_ms=503
2026-10-06 03:02:42+0000 | INFO     | bot | LOOP_COMPLETE | elapsed_ms=2273
2026-10-06 03:03:40+0000 | INFO     | roostoo.api | API_REQUEST_START | method=GET | label=ticker:TRX/USD | path=/v3/ticker
2026-10-06 03:03:40+0000 | INFO     | roostoo.api | API_REQUEST_OK | method=GET | label=ticker:TRX/USD | elapsed_ms=184
2026-10-06 03:03:40+0000 | INFO     | roostoo.api | API_REQUEST_START | method=GET | label=ticker:AVAX/USD | path=/v3/ticker
2026-10-06 03:03:40+0000 | INFO     | roostoo.api | API_REQUEST_OK | method=GET | label=ticker:AVAX/USD | elapsed_ms=185
2026-10-06 03:03:40+0000 | INFO     | roostoo.api | API_REQUEST_START | method=GET | label=ticker:DOT/USD | path=/v3/ticker
2026-10-06 03:03:40+0000 | INFO     | roostoo.api | API_REQUEST_OK | method=GET | label=ticker:DOT/USD | elapsed_ms=173
2026-10-06 03:03:40+0000 | INFO     | roostoo.api | API_REQUEST_START | method=GET | label=ticker:BNB/USD | path=/v3/ticker
2026-10-06 03:03:40+0000 | INFO     | roostoo.api | API_REQUEST_OK | method=GET | label=ticker:BNB/USD | elapsed_ms=172
2026-10-06 03:03:40+0000 | INFO     | roostoo.api | API_REQUEST_START | method=GET | label=ticker:SUI/USD | path=/v3/ticker
2026-10-06 03:03:41+0000 | INFO     | roostoo.api | API_REQUEST_OK | method=GET | label=ticker:SUI/USD | elapsed_ms=185
2026-10-06 03:03:41+0000 | INFO     | roostoo.api | API_REQUEST_START | method=GET | label=ticker:BTC/USD | path=/v3/ticker
2026-10-06 03:03:41+0000 | INFO     | roostoo.api | API_REQUEST_OK | method=GET | label=ticker:BTC/USD | elapsed_ms=172
2026-10-06 03:03:41+0000 | INFO     | bot | LOOP_COMPLETE | elapsed_ms=1107
2026-10-06 03:04:40+0000 | INFO     | roostoo.api | API_REQUEST_START | method=GET | label=ticker:TRX/USD | path=/v3/ticker
2026-10-06 03:04:40+0000 | INFO     | roostoo.api | API_REQUEST_OK | method=GET | label=ticker:TRX/USD | elapsed_ms=187
2026-10-06 03:04:40+0000 | INFO     | roostoo.api | API_REQUEST_START | method=GET | label=ticker:AVAX/USD | path=/v3/ticker
2026-10-06 03:04:40+0000 | INFO     | roostoo.api | API_REQUEST_OK | method=GET | label=ticker:AVAX/USD | elapsed_ms=185
2026-10-06 03:04:40+0000 | INFO     | roostoo.api | API_REQUEST_START | method=GET | label=ticker:DOT/USD | path=/v3/ticker
2026-10-06 03:04:40+0000 | INFO     | roostoo.api | API_REQUEST_OK | method=GET | label=ticker:DOT/USD | elapsed_ms=185
2026-10-06 03:04:40+0000 | INFO     | roostoo.api | API_REQUEST_START | method=GET | label=ticker:BNB/USD | path=/v3/ticker
2026-10-06 03:04:40+0000 | INFO     | roostoo.api | API_REQUEST_OK | method=GET | label=ticker:BNB/USD | elapsed_ms=185
2026-10-06 03:04:40+0000 | INFO     | roostoo.api | API_REQUEST_START | method=GET | label=ticker:SUI/USD | path=/v3/ticker
2026-10-06 03:04:41+0000 | INFO     | roostoo.api | API_REQUEST_OK | method=GET | label=ticker:SUI/USD | elapsed_ms=185
2026-10-06 03:04:41+0000 | INFO     | roostoo.api | API_REQUEST_START | method=GET | label=ticker:BTC/USD | path=/v3/ticker
2026-10-06 03:04:41+0000 | INFO     | roostoo.api | API_REQUEST_OK | method=GET | label=ticker:BTC/USD | elapsed_ms=500
2026-10-06 03:04:41+0000 | INFO     | bot | LOOP_COMPLETE | elapsed_ms=1467
2026-10-06 03:05:40+0000 | INFO     | roostoo.api | API_REQUEST_START | method=GET | label=ticker:TRX/USD | path=/v3/ticker
2026-10-06 03:05:40+0000 | INFO     | roostoo.api | API_REQUEST_OK | method=GET | label=ticker:TRX/USD | elapsed_ms=173
2026-10-06 03:05:40+0000 | INFO     | roostoo.api | API_REQUEST_START | method=GET | label=ticker:AVAX/USD | path=/v3/ticker
2026-10-06 03:05:40+0000 | INFO     | roostoo.api | API_REQUEST_OK | method=GET | label=ticker:AVAX/USD | elapsed_ms=173
2026-10-06 03:05:40+0000 | INFO     | roostoo.api | API_REQUEST_START | method=GET | label=ticker:DOT/USD | path=/v3/ticker
2026-10-06 03:05:40+0000 | INFO     | roostoo.api | API_REQUEST_OK | method=GET | label=ticker:DOT/USD | elapsed_ms=186
2026-10-06 03:05:40+0000 | INFO     | roostoo.api | API_REQUEST_START | method=GET | label=ticker:BNB/USD | path=/v3/ticker
2026-10-06 03:05:40+0000 | INFO     | roostoo.api | API_REQUEST_OK | method=GET | label=ticker:BNB/USD | elapsed_ms=185
2026-10-06 03:05:40+0000 | INFO     | roostoo.api | API_REQUEST_START | method=GET | label=ticker:SUI/USD | path=/v3/ticker
2026-10-06 03:05:41+0000 | INFO     | roostoo.api | API_REQUEST_OK | method=GET | label=ticker:SUI/USD | elapsed_ms=185
2026-10-06 03:05:41+0000 | INFO     | roostoo.api | API_REQUEST_START | method=GET | label=ticker:BTC/USD | path=/v3/ticker
2026-10-06 03:05:41+0000 | INFO     | roostoo.api | API_REQUEST_OK | method=GET | label=ticker:BTC/USD | elapsed_ms=503
2026-10-06 03:05:41+0000 | INFO     | bot | LOOP_COMPLETE | elapsed_ms=1441
2026-10-06 03:06:40+0000 | INFO     | roostoo.api | API_REQUEST_START | method=GET | label=ticker:TRX/USD | path=/v3/ticker
2026-10-06 03:06:40+0000 | INFO     | roostoo.api | API_REQUEST_OK | method=GET | label=ticker:TRX/USD | elapsed_ms=188
2026-10-06 03:06:40+0000 | INFO     | roostoo.api | API_REQUEST_START | method=GET | label=ticker:AVAX/USD | path=/v3/ticker
2026-10-06 03:06:40+0000 | INFO     | roostoo.api | API_REQUEST_OK | method=GET | label=ticker:AVAX/USD | elapsed_ms=185
2026-10-06 03:06:40+0000 | INFO     | roostoo.api | API_REQUEST_START | method=GET | label=ticker:DOT/USD | path=/v3/ticker
2026-10-06 03:06:40+0000 | INFO     | roostoo.api | API_REQUEST_OK | method=GET | label=ticker:DOT/USD | elapsed_ms=185
2026-10-06 03:06:40+0000 | INFO     | roostoo.api | API_REQUEST_START | method=GET | label=ticker:BNB/USD | path=/v3/ticker
2026-10-06 03:06:40+0000 | INFO     | roostoo.api | API_REQUEST_OK | method=GET | label=ticker:BNB/USD | elapsed_ms=171
2026-10-06 03:06:40+0000 | INFO     | roostoo.api | API_REQUEST_START | method=GET | label=ticker:SUI/USD | path=/v3/ticker
2026-10-06 03:06:41+0000 | INFO     | roostoo.api | API_REQUEST_OK | method=GET | label=ticker:SUI/USD | elapsed_ms=173
2026-10-06 03:06:41+0000 | INFO     | roostoo.api | API_REQUEST_START | method=GET | label=ticker:BTC/USD | path=/v3/ticker
2026-10-06 03:06:41+0000 | INFO     | roostoo.api | API_REQUEST_OK | method=GET | label=ticker:BTC/USD | elapsed_ms=171
2026-10-06 03:06:41+0000 | INFO     | bot | LOOP_COMPLETE | elapsed_ms=1114
2026-10-06 03:07:40+0000 | INFO     | roostoo.api | API_REQUEST_START | method=GET | label=ticker:TRX/USD | path=/v3/ticker
2026-10-06 03:07:40+0000 | INFO     | roostoo.api | API_REQUEST_OK | method=GET | label=ticker:TRX/USD | elapsed_ms=172
2026-10-06 03:07:40+0000 | INFO     | roostoo.api | API_REQUEST_START | method=GET | label=ticker:AVAX/USD | path=/v3/ticker
2026-10-06 03:07:40+0000 | INFO     | roostoo.api | API_REQUEST_OK | method=GET | label=ticker:AVAX/USD | elapsed_ms=171
2026-10-06 03:07:40+0000 | INFO     | roostoo.api | API_REQUEST_START | method=GET | label=ticker:DOT/USD | path=/v3/ticker
2026-10-06 03:07:40+0000 | INFO     | roostoo.api | API_REQUEST_OK | method=GET | label=ticker:DOT/USD | elapsed_ms=185
2026-10-06 03:07:40+0000 | INFO     | roostoo.api | API_REQUEST_START | method=GET | label=server_time | path=/v3/serverTime
2026-10-06 03:07:40+0000 | INFO     | roostoo.api | API_REQUEST_OK | method=GET | label=server_time | elapsed_ms=172
2026-10-06 03:07:40+0000 | INFO     | roostoo.api | SERVER_TIME_SYNC | offset_ms=88
2026-10-06 03:07:40+0000 | INFO     | roostoo.api | API_REQUEST_START | method=GET | label=ticker:BNB/USD | path=/v3/ticker
2026-10-06 03:07:41+0000 | INFO     | roostoo.api | API_REQUEST_OK | method=GET | label=ticker:BNB/USD | elapsed_ms=185
2026-10-06 03:07:41+0000 | INFO     | roostoo.api | API_REQUEST_START | method=GET | label=ticker:SUI/USD | path=/v3/ticker
2026-10-06 03:07:41+0000 | INFO     | roostoo.api | API_REQUEST_OK | method=GET | label=ticker:SUI/USD | elapsed_ms=189
2026-10-06 03:07:41+0000 | INFO     | roostoo.api | API_REQUEST_START | method=GET | label=ticker:BTC/USD | path=/v3/ticker
2026-10-06 03:07:41+0000 | INFO     | roostoo.api | API_REQUEST_OK | method=GET | label=ticker:BTC/USD | elapsed_ms=503
2026-10-06 03:07:41+0000 | INFO     | bot | LOOP_COMPLETE | elapsed_ms=1617
2026-10-06 03:08:40+0000 | INFO     | roostoo.api | API_REQUEST_START | method=GET | label=ticker:TRX/USD | path=/v3/ticker
2026-10-06 03:08:40+0000 | INFO     | roostoo.api | API_REQUEST_OK | method=GET | label=ticker:TRX/USD | elapsed_ms=173
2026-10-06 03:08:40+0000 | INFO     | roostoo.api | API_REQUEST_START | method=GET | label=ticker:AVAX/USD | path=/v3/ticker
2026-10-06 03:08:40+0000 | INFO     | roostoo.api | API_REQUEST_OK | method=GET | label=ticker:AVAX/USD | elapsed_ms=171
2026-10-06 03:08:40+0000 | INFO     | roostoo.api | API_REQUEST_START | method=GET | label=ticker:DOT/USD | path=/v3/ticker
2026-10-06 03:08:41+0000 | INFO     | roostoo.api | API_REQUEST_OK | method=GET | label=ticker:DOT/USD | elapsed_ms=545
2026-10-06 03:08:41+0000 | INFO     | roostoo.api | API_REQUEST_START | method=GET | label=ticker:BNB/USD | path=/v3/ticker
2026-10-06 03:08:41+0000 | INFO     | roostoo.api | API_REQUEST_OK | method=GET | label=ticker:BNB/USD | elapsed_ms=171
2026-10-06 03:08:41+0000 | INFO     | roostoo.api | API_REQUEST_START | method=GET | label=ticker:SUI/USD | path=/v3/ticker
2026-10-06 03:08:41+0000 | INFO     | roostoo.api | API_REQUEST_OK | method=GET | label=ticker:SUI/USD | elapsed_ms=540
2026-10-06 03:08:41+0000 | INFO     | roostoo.api | API_REQUEST_START | method=GET | label=ticker:BTC/USD | path=/v3/ticker
2026-10-06 03:08:42+0000 | INFO     | roostoo.api | API_REQUEST_OK | method=GET | label=ticker:BTC/USD | elapsed_ms=543
2026-10-06 03:08:42+0000 | INFO     | bot | LOOP_COMPLETE | elapsed_ms=2187
2026-10-06 03:09:40+0000 | INFO     | roostoo.api | API_REQUEST_START | method=GET | label=ticker:TRX/USD | path=/v3/ticker
2026-10-06 03:09:40+0000 | INFO     | roostoo.api | API_REQUEST_OK | method=GET | label=ticker:TRX/USD | elapsed_ms=178
2026-10-06 03:09:40+0000 | INFO     | roostoo.api | API_REQUEST_START | method=GET | label=ticker:AVAX/USD | path=/v3/ticker
2026-10-06 03:09:40+0000 | INFO     | roostoo.api | API_REQUEST_OK | method=GET | label=ticker:AVAX/USD | elapsed_ms=173
2026-10-06 03:09:40+0000 | INFO     | roostoo.api | API_REQUEST_START | method=GET | label=ticker:DOT/USD | path=/v3/ticker
2026-10-06 03:09:40+0000 | INFO     | roostoo.api | API_REQUEST_OK | method=GET | label=ticker:DOT/USD | elapsed_ms=172
2026-10-06 03:09:40+0000 | INFO     | roostoo.api | API_REQUEST_START | method=GET | label=ticker:BNB/USD | path=/v3/ticker
2026-10-06 03:09:40+0000 | INFO     | roostoo.api | API_REQUEST_OK | method=GET | label=ticker:BNB/USD | elapsed_ms=172
2026-10-06 03:09:40+0000 | INFO     | roostoo.api | API_REQUEST_START | method=GET | label=ticker:SUI/USD | path=/v3/ticker
2026-10-06 03:09:41+0000 | INFO     | roostoo.api | API_REQUEST_OK | method=GET | label=ticker:SUI/USD | elapsed_ms=544
2026-10-06 03:09:41+0000 | INFO     | roostoo.api | API_REQUEST_START | method=GET | label=ticker:BTC/USD | path=/v3/ticker
2026-10-06 03:09:41+0000 | INFO     | roostoo.api | API_REQUEST_OK | method=GET | label=ticker:BTC/USD | elapsed_ms=186
2026-10-06 03:09:41+0000 | INFO     | bot | LOOP_COMPLETE | elapsed_ms=1464
2026-10-06 03:10:40+0000 | INFO     | roostoo.api | API_REQUEST_START | method=GET | label=ticker:TRX/USD | path=/v3/ticker
2026-10-06 03:10:40+0000 | INFO     | roostoo.api | API_REQUEST_OK | method=GET | label=ticker:TRX/USD | elapsed_ms=229
2026-10-06 03:10:40+0000 | INFO     | roostoo.api | API_REQUEST_START | method=GET | label=ticker:AVAX/USD | path=/v3/ticker
2026-10-06 03:10:40+0000 | INFO     | roostoo.api | API_REQUEST_OK | method=GET | label=ticker:AVAX/USD | elapsed_ms=186
2026-10-06 03:10:40+0000 | INFO     | roostoo.api | API_REQUEST_START | method=GET | label=ticker:DOT/USD | path=/v3/ticker
2026-10-06 03:10:41+0000 | INFO     | roostoo.api | API_REQUEST_OK | method=GET | label=ticker:DOT/USD | elapsed_ms=505
2026-10-06 03:10:41+0000 | INFO     | roostoo.api | API_REQUEST_START | method=GET | label=ticker:BNB/USD | path=/v3/ticker
2026-10-06 03:10:41+0000 | INFO     | roostoo.api | API_REQUEST_OK | method=GET | label=ticker:BNB/USD | elapsed_ms=171
2026-10-06 03:10:41+0000 | INFO     | roostoo.api | API_REQUEST_START | method=GET | label=ticker:SUI/USD | path=/v3/ticker
2026-10-06 03:10:41+0000 | INFO     | roostoo.api | API_REQUEST_OK | method=GET | label=ticker:SUI/USD | elapsed_ms=185
2026-10-06 03:10:41+0000 | INFO     | roostoo.api | API_REQUEST_START | method=GET | label=ticker:BTC/USD | path=/v3/ticker
2026-10-06 03:10:41+0000 | INFO     | roostoo.api | API_REQUEST_OK | method=GET | label=ticker:BTC/USD | elapsed_ms=543
2026-10-06 03:10:41+0000 | INFO     | bot | LOOP_COMPLETE | elapsed_ms=1859
2026-10-06 03:11:40+0000 | INFO     | roostoo.api | API_REQUEST_START | method=GET | label=ticker:TRX/USD | path=/v3/ticker
2026-10-06 03:11:40+0000 | INFO     | roostoo.api | API_REQUEST_OK | method=GET | label=ticker:TRX/USD | elapsed_ms=172
2026-10-06 03:11:40+0000 | INFO     | roostoo.api | API_REQUEST_START | method=GET | label=ticker:AVAX/USD | path=/v3/ticker
2026-10-06 03:11:40+0000 | INFO     | roostoo.api | API_REQUEST_OK | method=GET | label=ticker:AVAX/USD | elapsed_ms=172
2026-10-06 03:11:40+0000 | INFO     | roostoo.api | API_REQUEST_START | method=GET | label=ticker:DOT/USD | path=/v3/ticker
2026-10-06 03:11:41+0000 | INFO     | roostoo.api | API_REQUEST_OK | method=GET | label=ticker:DOT/USD | elapsed_ms=542
2026-10-06 03:11:41+0000 | INFO     | roostoo.api | API_REQUEST_START | method=GET | label=ticker:BNB/USD | path=/v3/ticker
2026-10-06 03:11:41+0000 | INFO     | roostoo.api | API_REQUEST_OK | method=GET | label=ticker:BNB/USD | elapsed_ms=544
2026-10-06 03:11:41+0000 | INFO     | roostoo.api | API_REQUEST_START | method=GET | label=ticker:SUI/USD | path=/v3/ticker
2026-10-06 03:11:42+0000 | INFO     | roostoo.api | API_REQUEST_OK | method=GET | label=ticker:SUI/USD | elapsed_ms=508
2026-10-06 03:11:42+0000 | INFO     | roostoo.api | API_REQUEST_START | method=GET | label=ticker:BTC/USD | path=/v3/ticker
2026-10-06 03:11:42+0000 | INFO     | roostoo.api | API_REQUEST_OK | method=GET | label=ticker:BTC/USD | elapsed_ms=187
2026-10-06 03:11:42+0000 | INFO     | bot | LOOP_COMPLETE | elapsed_ms=2178
2026-10-06 03:12:40+0000 | INFO     | roostoo.api | API_REQUEST_START | method=GET | label=ticker:TRX/USD | path=/v3/ticker
2026-10-06 03:12:40+0000 | INFO     | roostoo.api | API_REQUEST_OK | method=GET | label=ticker:TRX/USD | elapsed_ms=173
2026-10-06 03:12:40+0000 | INFO     | roostoo.api | API_REQUEST_START | method=GET | label=ticker:AVAX/USD | path=/v3/ticker
2026-10-06 03:12:40+0000 | INFO     | roostoo.api | API_REQUEST_OK | method=GET | label=ticker:AVAX/USD | elapsed_ms=194
2026-10-06 03:12:40+0000 | INFO     | roostoo.api | API_REQUEST_START | method=GET | label=ticker:DOT/USD | path=/v3/ticker
2026-10-06 03:12:40+0000 | INFO     | roostoo.api | API_REQUEST_OK | method=GET | label=ticker:DOT/USD | elapsed_ms=172
2026-10-06 03:12:40+0000 | INFO     | roostoo.api | API_REQUEST_START | method=GET | label=ticker:BNB/USD | path=/v3/ticker
2026-10-06 03:12:40+0000 | INFO     | roostoo.api | API_REQUEST_OK | method=GET | label=ticker:BNB/USD | elapsed_ms=171
2026-10-06 03:12:40+0000 | INFO     | roostoo.api | API_REQUEST_START | method=GET | label=server_time | path=/v3/serverTime
2026-10-06 03:12:41+0000 | INFO     | roostoo.api | API_REQUEST_OK | method=GET | label=server_time | elapsed_ms=185
2026-10-06 03:12:41+0000 | INFO     | roostoo.api | SERVER_TIME_SYNC | offset_ms=100
2026-10-06 03:12:41+0000 | INFO     | roostoo.api | API_REQUEST_START | method=GET | label=ticker:SUI/USD | path=/v3/ticker
2026-10-06 03:12:41+0000 | INFO     | roostoo.api | API_REQUEST_OK | method=GET | label=ticker:SUI/USD | elapsed_ms=185
2026-10-06 03:12:41+0000 | INFO     | roostoo.api | API_REQUEST_START | method=GET | label=ticker:BTC/USD | path=/v3/ticker
2026-10-06 03:12:41+0000 | INFO     | roostoo.api | API_REQUEST_OK | method=GET | label=ticker:BTC/USD | elapsed_ms=185
2026-10-06 03:12:41+0000 | INFO     | bot | LOOP_COMPLETE | elapsed_ms=1323
2026-10-06 03:13:40+0000 | INFO     | roostoo.api | API_REQUEST_START | method=GET | label=ticker:TRX/USD | path=/v3/ticker
2026-10-06 03:13:40+0000 | INFO     | roostoo.api | API_REQUEST_OK | method=GET | label=ticker:TRX/USD | elapsed_ms=185
2026-10-06 03:13:40+0000 | INFO     | roostoo.api | API_REQUEST_START | method=GET | label=ticker:AVAX/USD | path=/v3/ticker
2026-10-06 03:13:40+0000 | INFO     | roostoo.api | API_REQUEST_OK | method=GET | label=ticker:AVAX/USD | elapsed_ms=171
2026-10-06 03:13:40+0000 | INFO     | roostoo.api | API_REQUEST_START | method=GET | label=ticker:DOT/USD | path=/v3/ticker
2026-10-06 03:13:40+0000 | INFO     | roostoo.api | API_REQUEST_OK | method=GET | label=ticker:DOT/USD | elapsed_ms=171
2026-10-06 03:13:40+0000 | INFO     | roostoo.api | API_REQUEST_START | method=GET | label=ticker:BNB/USD | path=/v3/ticker
2026-10-06 03:13:40+0000 | INFO     | roostoo.api | API_REQUEST_OK | method=GET | label=ticker:BNB/USD | elapsed_ms=173
2026-10-06 03:13:40+0000 | INFO     | roostoo.api | API_REQUEST_START | method=GET | label=ticker:SUI/USD | path=/v3/ticker
2026-10-06 03:13:41+0000 | INFO     | roostoo.api | API_REQUEST_OK | method=GET | label=ticker:SUI/USD | elapsed_ms=186
2026-10-06 03:13:41+0000 | INFO     | roostoo.api | API_REQUEST_START | method=GET | label=ticker:BTC/USD | path=/v3/ticker
2026-10-06 03:13:41+0000 | INFO     | roostoo.api | API_REQUEST_OK | method=GET | label=ticker:BTC/USD | elapsed_ms=172
2026-10-06 03:13:41+0000 | INFO     | bot | LOOP_COMPLETE | elapsed_ms=1097
2026-10-06 03:14:40+0000 | INFO     | roostoo.api | API_REQUEST_START | method=GET | label=ticker:TRX/USD | path=/v3/ticker
2026-10-06 03:14:40+0000 | INFO     | roostoo.api | API_REQUEST_OK | method=GET | label=ticker:TRX/USD | elapsed_ms=172
2026-10-06 03:14:40+0000 | INFO     | roostoo.api | API_REQUEST_START | method=GET | label=ticker:AVAX/USD | path=/v3/ticker
2026-10-06 03:14:40+0000 | INFO     | roostoo.api | API_REQUEST_OK | method=GET | label=ticker:AVAX/USD | elapsed_ms=171
2026-10-06 03:14:40+0000 | INFO     | roostoo.api | API_REQUEST_START | method=GET | label=ticker:DOT/USD | path=/v3/ticker
2026-10-06 03:14:40+0000 | INFO     | roostoo.api | API_REQUEST_OK | method=GET | label=ticker:DOT/USD | elapsed_ms=185
2026-10-06 03:14:40+0000 | INFO     | roostoo.api | API_REQUEST_START | method=GET | label=ticker:BNB/USD | path=/v3/ticker
2026-10-06 03:14:40+0000 | INFO     | roostoo.api | API_REQUEST_OK | method=GET | label=ticker:BNB/USD | elapsed_ms=172
2026-10-06 03:14:40+0000 | INFO     | roostoo.api | API_REQUEST_START | method=GET | label=ticker:SUI/USD | path=/v3/ticker
2026-10-06 03:14:40+0000 | INFO     | roostoo.api | API_REQUEST_OK | method=GET | label=ticker:SUI/USD | elapsed_ms=171
2026-10-06 03:14:40+0000 | INFO     | roostoo.api | API_REQUEST_START | method=GET | label=ticker:BTC/USD | path=/v3/ticker
2026-10-06 03:14:41+0000 | INFO     | roostoo.api | API_REQUEST_OK | method=GET | label=ticker:BTC/USD | elapsed_ms=171
2026-10-06 03:14:41+0000 | INFO     | bot | LOOP_COMPLETE | elapsed_ms=1081
2026-10-06 03:15:40+0000 | INFO     | roostoo.api | API_REQUEST_START | method=GET | label=ticker:TRX/USD | path=/v3/ticker
2026-10-06 03:15:40+0000 | INFO     | roostoo.api | API_REQUEST_OK | method=GET | label=ticker:TRX/USD | elapsed_ms=187
2026-10-06 03:15:40+0000 | INFO     | roostoo.api | API_REQUEST_START | method=GET | label=ticker:AVAX/USD | path=/v3/ticker
2026-10-06 03:15:40+0000 | INFO     | roostoo.api | API_REQUEST_OK | method=GET | label=ticker:AVAX/USD | elapsed_ms=186
2026-10-06 03:15:40+0000 | INFO     | roostoo.api | API_REQUEST_START | method=GET | label=ticker:DOT/USD | path=/v3/ticker
2026-10-06 03:15:41+0000 | INFO     | roostoo.api | API_REQUEST_OK | method=GET | label=ticker:DOT/USD | elapsed_ms=505
2026-10-06 03:15:41+0000 | INFO     | roostoo.api | API_REQUEST_START | method=GET | label=ticker:BNB/USD | path=/v3/ticker
2026-10-06 03:15:41+0000 | INFO     | roostoo.api | API_REQUEST_OK | method=GET | label=ticker:BNB/USD | elapsed_ms=174
2026-10-06 03:15:41+0000 | INFO     | roostoo.api | API_REQUEST_START | method=GET | label=ticker:SUI/USD | path=/v3/ticker
2026-10-06 03:15:41+0000 | INFO     | roostoo.api | API_REQUEST_OK | method=GET | label=ticker:SUI/USD | elapsed_ms=186
2026-10-06 03:15:41+0000 | INFO     | roostoo.api | API_REQUEST_START | method=GET | label=ticker:BTC/USD | path=/v3/ticker
2026-10-06 03:15:41+0000 | INFO     | roostoo.api | API_REQUEST_OK | method=GET | label=ticker:BTC/USD | elapsed_ms=504
2026-10-06 03:15:41+0000 | INFO     | bot | LOOP_COMPLETE | elapsed_ms=1780
2026-10-06 03:16:40+0000 | INFO     | roostoo.api | API_REQUEST_START | method=GET | label=ticker:TRX/USD | path=/v3/ticker
2026-10-06 03:16:40+0000 | INFO     | roostoo.api | API_REQUEST_OK | method=GET | label=ticker:TRX/USD | elapsed_ms=174
2026-10-06 03:16:40+0000 | INFO     | roostoo.api | API_REQUEST_START | method=GET | label=ticker:AVAX/USD | path=/v3/ticker
2026-10-06 03:16:40+0000 | INFO     | roostoo.api | API_REQUEST_OK | method=GET | label=ticker:AVAX/USD | elapsed_ms=185
2026-10-06 03:16:40+0000 | INFO     | roostoo.api | API_REQUEST_START | method=GET | label=ticker:DOT/USD | path=/v3/ticker
2026-10-06 03:16:40+0000 | INFO     | roostoo.api | API_REQUEST_OK | method=GET | label=ticker:DOT/USD | elapsed_ms=172
2026-10-06 03:16:40+0000 | INFO     | roostoo.api | API_REQUEST_START | method=GET | label=ticker:BNB/USD | path=/v3/ticker
2026-10-06 03:16:40+0000 | INFO     | roostoo.api | API_REQUEST_OK | method=GET | label=ticker:BNB/USD | elapsed_ms=171
2026-10-06 03:16:40+0000 | INFO     | roostoo.api | API_REQUEST_START | method=GET | label=ticker:SUI/USD | path=/v3/ticker
2026-10-06 03:16:41+0000 | INFO     | roostoo.api | API_REQUEST_OK | method=GET | label=ticker:SUI/USD | elapsed_ms=543
2026-10-06 03:16:41+0000 | INFO     | roostoo.api | API_REQUEST_START | method=GET | label=ticker:BTC/USD | path=/v3/ticker
2026-10-06 03:16:41+0000 | INFO     | roostoo.api | API_REQUEST_OK | method=GET | label=ticker:BTC/USD | elapsed_ms=542
2026-10-06 03:16:41+0000 | INFO     | bot | LOOP_COMPLETE | elapsed_ms=1830
2026-10-06 03:17:40+0000 | INFO     | roostoo.api | API_REQUEST_START | method=GET | label=ticker:TRX/USD | path=/v3/ticker
2026-10-06 03:17:40+0000 | INFO     | roostoo.api | API_REQUEST_OK | method=GET | label=ticker:TRX/USD | elapsed_ms=175
2026-10-06 03:17:40+0000 | INFO     | roostoo.api | API_REQUEST_START | method=GET | label=ticker:AVAX/USD | path=/v3/ticker
2026-10-06 03:17:40+0000 | INFO     | roostoo.api | API_REQUEST_OK | method=GET | label=ticker:AVAX/USD | elapsed_ms=172
2026-10-06 03:17:40+0000 | INFO     | roostoo.api | API_REQUEST_START | method=GET | label=ticker:DOT/USD | path=/v3/ticker
2026-10-06 03:17:40+0000 | INFO     | roostoo.api | API_REQUEST_OK | method=GET | label=ticker:DOT/USD | elapsed_ms=186
2026-10-06 03:17:40+0000 | INFO     | roostoo.api | API_REQUEST_START | method=GET | label=ticker:BNB/USD | path=/v3/ticker
2026-10-06 03:17:40+0000 | INFO     | roostoo.api | API_REQUEST_OK | method=GET | label=ticker:BNB/USD | elapsed_ms=291
2026-10-06 03:17:40+0000 | INFO     | roostoo.api | API_REQUEST_START | method=GET | label=ticker:SUI/USD | path=/v3/ticker
2026-10-06 03:17:41+0000 | INFO     | roostoo.api | API_REQUEST_OK | method=GET | label=ticker:SUI/USD | elapsed_ms=187
2026-10-06 03:17:41+0000 | INFO     | roostoo.api | API_REQUEST_START | method=GET | label=server_time | path=/v3/serverTime
2026-10-06 03:17:41+0000 | INFO     | roostoo.api | API_REQUEST_OK | method=GET | label=server_time | elapsed_ms=173
2026-10-06 03:17:41+0000 | INFO     | roostoo.api | SERVER_TIME_SYNC | offset_ms=88
2026-10-06 03:17:41+0000 | INFO     | roostoo.api | API_REQUEST_START | method=GET | label=ticker:BTC/USD | path=/v3/ticker
2026-10-06 03:17:41+0000 | INFO     | roostoo.api | API_REQUEST_OK | method=GET | label=ticker:BTC/USD | elapsed_ms=171
2026-10-06 03:17:41+0000 | INFO     | bot | LOOP_COMPLETE | elapsed_ms=1399
2026-10-06 03:18:40+0000 | INFO     | roostoo.api | API_REQUEST_START | method=GET | label=ticker:TRX/USD | path=/v3/ticker
2026-10-06 03:18:40+0000 | INFO     | roostoo.api | API_REQUEST_OK | method=GET | label=ticker:TRX/USD | elapsed_ms=319
2026-10-06 03:18:40+0000 | INFO     | roostoo.api | API_REQUEST_START | method=GET | label=ticker:AVAX/USD | path=/v3/ticker
2026-10-06 03:18:40+0000 | INFO     | roostoo.api | API_REQUEST_OK | method=GET | label=ticker:AVAX/USD | elapsed_ms=173
2026-10-06 03:18:40+0000 | INFO     | roostoo.api | API_REQUEST_START | method=GET | label=ticker:DOT/USD | path=/v3/ticker
2026-10-06 03:18:40+0000 | INFO     | roostoo.api | API_REQUEST_OK | method=GET | label=ticker:DOT/USD | elapsed_ms=185
2026-10-06 03:18:40+0000 | INFO     | roostoo.api | API_REQUEST_START | method=GET | label=ticker:BNB/USD | path=/v3/ticker
2026-10-06 03:18:40+0000 | INFO     | roostoo.api | API_REQUEST_OK | method=GET | label=ticker:BNB/USD | elapsed_ms=186
2026-10-06 03:18:40+0000 | INFO     | roostoo.api | API_REQUEST_START | method=GET | label=ticker:SUI/USD | path=/v3/ticker
2026-10-06 03:18:41+0000 | INFO     | roostoo.api | API_REQUEST_OK | method=GET | label=ticker:SUI/USD | elapsed_ms=186
2026-10-06 03:18:41+0000 | INFO     | roostoo.api | API_REQUEST_START | method=GET | label=ticker:BTC/USD | path=/v3/ticker
2026-10-06 03:18:41+0000 | INFO     | roostoo.api | API_REQUEST_OK | method=GET | label=ticker:BTC/USD | elapsed_ms=172
2026-10-06 03:18:41+0000 | INFO     | bot | LOOP_COMPLETE | elapsed_ms=1261
2026-10-06 03:19:40+0000 | INFO     | roostoo.api | API_REQUEST_START | method=GET | label=ticker:TRX/USD | path=/v3/ticker
2026-10-06 03:19:40+0000 | INFO     | roostoo.api | API_REQUEST_OK | method=GET | label=ticker:TRX/USD | elapsed_ms=180
2026-10-06 03:19:40+0000 | INFO     | roostoo.api | API_REQUEST_START | method=GET | label=ticker:AVAX/USD | path=/v3/ticker
2026-10-06 03:19:40+0000 | INFO     | roostoo.api | API_REQUEST_OK | method=GET | label=ticker:AVAX/USD | elapsed_ms=172
2026-10-06 03:19:40+0000 | INFO     | roostoo.api | API_REQUEST_START | method=GET | label=ticker:DOT/USD | path=/v3/ticker
2026-10-06 03:19:40+0000 | INFO     | roostoo.api | API_REQUEST_OK | method=GET | label=ticker:DOT/USD | elapsed_ms=172
2026-10-06 03:19:40+0000 | INFO     | roostoo.api | API_REQUEST_START | method=GET | label=ticker:BNB/USD | path=/v3/ticker
2026-10-06 03:19:40+0000 | INFO     | roostoo.api | API_REQUEST_OK | method=GET | label=ticker:BNB/USD | elapsed_ms=180
2026-10-06 03:19:40+0000 | INFO     | roostoo.api | API_REQUEST_START | method=GET | label=ticker:SUI/USD | path=/v3/ticker
2026-10-06 03:19:41+0000 | INFO     | roostoo.api | API_REQUEST_OK | method=GET | label=ticker:SUI/USD | elapsed_ms=542
2026-10-06 03:19:41+0000 | INFO     | roostoo.api | API_REQUEST_START | method=GET | label=ticker:BTC/USD | path=/v3/ticker
2026-10-06 03:19:41+0000 | INFO     | roostoo.api | API_REQUEST_OK | method=GET | label=ticker:BTC/USD | elapsed_ms=172
2026-10-06 03:19:41+0000 | INFO     | bot | LOOP_COMPLETE | elapsed_ms=1459
2026-10-06 03:20:40+0000 | INFO     | roostoo.api | API_REQUEST_START | method=GET | label=ticker:TRX/USD | path=/v3/ticker
2026-10-06 03:20:40+0000 | INFO     | roostoo.api | API_REQUEST_OK | method=GET | label=ticker:TRX/USD | elapsed_ms=188
2026-10-06 03:20:40+0000 | INFO     | roostoo.api | API_REQUEST_START | method=GET | label=ticker:AVAX/USD | path=/v3/ticker
2026-10-06 03:20:40+0000 | INFO     | roostoo.api | API_REQUEST_OK | method=GET | label=ticker:AVAX/USD | elapsed_ms=186
2026-10-06 03:20:40+0000 | INFO     | roostoo.api | API_REQUEST_START | method=GET | label=ticker:DOT/USD | path=/v3/ticker
2026-10-06 03:20:41+0000 | INFO     | roostoo.api | API_REQUEST_OK | method=GET | label=ticker:DOT/USD | elapsed_ms=544
2026-10-06 03:20:41+0000 | INFO     | roostoo.api | API_REQUEST_START | method=GET | label=ticker:BNB/USD | path=/v3/ticker
2026-10-06 03:20:41+0000 | INFO     | roostoo.api | API_REQUEST_OK | method=GET | label=ticker:BNB/USD | elapsed_ms=171
2026-10-06 03:20:41+0000 | INFO     | roostoo.api | API_REQUEST_START | method=GET | label=ticker:SUI/USD | path=/v3/ticker
2026-10-06 03:20:41+0000 | INFO     | roostoo.api | API_REQUEST_OK | method=GET | label=ticker:SUI/USD | elapsed_ms=543
2026-10-06 03:20:41+0000 | INFO     | roostoo.api | API_REQUEST_START | method=GET | label=ticker:BTC/USD | path=/v3/ticker
2026-10-06 03:20:41+0000 | INFO     | roostoo.api | API_REQUEST_OK | method=GET | label=ticker:BTC/USD | elapsed_ms=185
2026-10-06 03:20:41+0000 | INFO     | bot | LOOP_COMPLETE | elapsed_ms=1857
2026-10-06 03:21:40+0000 | INFO     | roostoo.api | API_REQUEST_START | method=GET | label=ticker:TRX/USD | path=/v3/ticker
2026-10-06 03:21:40+0000 | INFO     | roostoo.api | API_REQUEST_OK | method=GET | label=ticker:TRX/USD | elapsed_ms=172
2026-10-06 03:21:40+0000 | INFO     | roostoo.api | API_REQUEST_START | method=GET | label=ticker:AVAX/USD | path=/v3/ticker
2026-10-06 03:21:40+0000 | INFO     | roostoo.api | API_REQUEST_OK | method=GET | label=ticker:AVAX/USD | elapsed_ms=186
2026-10-06 03:21:40+0000 | INFO     | roostoo.api | API_REQUEST_START | method=GET | label=ticker:DOT/USD | path=/v3/ticker
2026-10-06 03:21:40+0000 | INFO     | roostoo.api | API_REQUEST_OK | method=GET | label=ticker:DOT/USD | elapsed_ms=185
2026-10-06 03:21:40+0000 | INFO     | roostoo.api | API_REQUEST_START | method=GET | label=ticker:BNB/USD | path=/v3/ticker
2026-10-06 03:21:40+0000 | INFO     | roostoo.api | API_REQUEST_OK | method=GET | label=ticker:BNB/USD | elapsed_ms=185
2026-10-06 03:21:40+0000 | INFO     | roostoo.api | API_REQUEST_START | method=GET | label=ticker:SUI/USD | path=/v3/ticker
2026-10-06 03:21:41+0000 | INFO     | roostoo.api | API_REQUEST_OK | method=GET | label=ticker:SUI/USD | elapsed_ms=542
2026-10-06 03:21:41+0000 | INFO     | roostoo.api | API_REQUEST_START | method=GET | label=ticker:BTC/USD | path=/v3/ticker
2026-10-06 03:21:41+0000 | INFO     | roostoo.api | API_REQUEST_OK | method=GET | label=ticker:BTC/USD | elapsed_ms=187
2026-10-06 03:21:41+0000 | INFO     | bot | LOOP_COMPLETE | elapsed_ms=1496
2026-10-06 03:22:40+0000 | INFO     | roostoo.api | API_REQUEST_START | method=GET | label=ticker:TRX/USD | path=/v3/ticker
2026-10-06 03:22:40+0000 | INFO     | roostoo.api | API_REQUEST_OK | method=GET | label=ticker:TRX/USD | elapsed_ms=174
2026-10-06 03:22:40+0000 | INFO     | roostoo.api | API_REQUEST_START | method=GET | label=ticker:AVAX/USD | path=/v3/ticker
2026-10-06 03:22:40+0000 | INFO     | roostoo.api | API_REQUEST_OK | method=GET | label=ticker:AVAX/USD | elapsed_ms=173
2026-10-06 03:22:40+0000 | INFO     | roostoo.api | API_REQUEST_START | method=GET | label=ticker:DOT/USD | path=/v3/ticker
2026-10-06 03:22:40+0000 | INFO     | roostoo.api | API_REQUEST_OK | method=GET | label=ticker:DOT/USD | elapsed_ms=186
2026-10-06 03:22:40+0000 | INFO     | roostoo.api | API_REQUEST_START | method=GET | label=ticker:BNB/USD | path=/v3/ticker
2026-10-06 03:22:40+0000 | INFO     | roostoo.api | API_REQUEST_OK | method=GET | label=ticker:BNB/USD | elapsed_ms=185
2026-10-06 03:22:40+0000 | INFO     | roostoo.api | API_REQUEST_START | method=GET | label=ticker:SUI/USD | path=/v3/ticker
2026-10-06 03:22:41+0000 | INFO     | roostoo.api | API_REQUEST_OK | method=GET | label=ticker:SUI/USD | elapsed_ms=186
2026-10-06 03:22:41+0000 | INFO     | roostoo.api | API_REQUEST_START | method=GET | label=ticker:BTC/USD | path=/v3/ticker
2026-10-06 03:22:41+0000 | INFO     | roostoo.api | API_REQUEST_OK | method=GET | label=ticker:BTC/USD | elapsed_ms=541
2026-10-06 03:22:41+0000 | INFO     | bot | LOOP_COMPLETE | elapsed_ms=1486
2026-10-06 03:23:40+0000 | INFO     | roostoo.api | API_REQUEST_START | method=GET | label=server_time | path=/v3/serverTime
2026-10-06 03:23:40+0000 | INFO     | roostoo.api | API_REQUEST_OK | method=GET | label=server_time | elapsed_ms=185
2026-10-06 03:23:40+0000 | INFO     | roostoo.api | SERVER_TIME_SYNC | offset_ms=101
2026-10-06 03:23:40+0000 | INFO     | roostoo.api | API_REQUEST_START | method=GET | label=ticker:TRX/USD | path=/v3/ticker
2026-10-06 03:23:40+0000 | INFO     | roostoo.api | API_REQUEST_OK | method=GET | label=ticker:TRX/USD | elapsed_ms=186
2026-10-06 03:23:40+0000 | INFO     | roostoo.api | API_REQUEST_START | method=GET | label=ticker:AVAX/USD | path=/v3/ticker
2026-10-06 03:23:40+0000 | INFO     | roostoo.api | API_REQUEST_OK | method=GET | label=ticker:AVAX/USD | elapsed_ms=185
2026-10-06 03:23:40+0000 | INFO     | roostoo.api | API_REQUEST_START | method=GET | label=ticker:DOT/USD | path=/v3/ticker
2026-10-06 03:23:40+0000 | INFO     | roostoo.api | API_REQUEST_OK | method=GET | label=ticker:DOT/USD | elapsed_ms=172
2026-10-06 03:23:40+0000 | INFO     | roostoo.api | API_REQUEST_START | method=GET | label=ticker:BNB/USD | path=/v3/ticker
2026-10-06 03:23:41+0000 | INFO     | roostoo.api | API_REQUEST_OK | method=GET | label=ticker:BNB/USD | elapsed_ms=502
2026-10-06 03:23:41+0000 | INFO     | roostoo.api | API_REQUEST_START | method=GET | label=ticker:SUI/USD | path=/v3/ticker
2026-10-06 03:23:41+0000 | INFO     | roostoo.api | API_REQUEST_OK | method=GET | label=ticker:SUI/USD | elapsed_ms=450
2026-10-06 03:23:41+0000 | INFO     | roostoo.api | API_REQUEST_START | method=GET | label=ticker:BTC/USD | path=/v3/ticker
2026-10-06 03:23:41+0000 | INFO     | roostoo.api | API_REQUEST_OK | method=GET | label=ticker:BTC/USD | elapsed_ms=186
2026-10-06 03:23:41+0000 | INFO     | bot | LOOP_COMPLETE | elapsed_ms=1909
2026-10-06 03:24:40+0000 | INFO     | roostoo.api | API_REQUEST_START | method=GET | label=ticker:TRX/USD | path=/v3/ticker
2026-10-06 03:24:40+0000 | INFO     | roostoo.api | API_REQUEST_OK | method=GET | label=ticker:TRX/USD | elapsed_ms=190
2026-10-06 03:24:40+0000 | INFO     | roostoo.api | API_REQUEST_START | method=GET | label=ticker:AVAX/USD | path=/v3/ticker
2026-10-06 03:24:40+0000 | INFO     | roostoo.api | API_REQUEST_OK | method=GET | label=ticker:AVAX/USD | elapsed_ms=186
2026-10-06 03:24:40+0000 | INFO     | roostoo.api | API_REQUEST_START | method=GET | label=ticker:DOT/USD | path=/v3/ticker
2026-10-06 03:24:40+0000 | INFO     | roostoo.api | API_REQUEST_OK | method=GET | label=ticker:DOT/USD | elapsed_ms=188
2026-10-06 03:24:40+0000 | INFO     | roostoo.api | API_REQUEST_START | method=GET | label=ticker:BNB/USD | path=/v3/ticker
2026-10-06 03:24:40+0000 | INFO     | roostoo.api | API_REQUEST_OK | method=GET | label=ticker:BNB/USD | elapsed_ms=171
2026-10-06 03:24:40+0000 | INFO     | roostoo.api | API_REQUEST_START | method=GET | label=ticker:SUI/USD | path=/v3/ticker
2026-10-06 03:24:41+0000 | INFO     | roostoo.api | API_REQUEST_OK | method=GET | label=ticker:SUI/USD | elapsed_ms=172
2026-10-06 03:24:41+0000 | INFO     | roostoo.api | API_REQUEST_START | method=GET | label=ticker:BTC/USD | path=/v3/ticker
2026-10-06 03:24:41+0000 | INFO     | roostoo.api | API_REQUEST_OK | method=GET | label=ticker:BTC/USD | elapsed_ms=543
2026-10-06 03:24:41+0000 | INFO     | bot | LOOP_COMPLETE | elapsed_ms=1492
2026-10-06 03:25:40+0000 | INFO     | roostoo.api | API_REQUEST_START | method=GET | label=ticker:TRX/USD | path=/v3/ticker
2026-10-06 03:25:40+0000 | INFO     | roostoo.api | API_REQUEST_OK | method=GET | label=ticker:TRX/USD | elapsed_ms=172
2026-10-06 03:25:40+0000 | INFO     | roostoo.api | API_REQUEST_START | method=GET | label=ticker:AVAX/USD | path=/v3/ticker
2026-10-06 03:25:40+0000 | INFO     | roostoo.api | API_REQUEST_OK | method=GET | label=ticker:AVAX/USD | elapsed_ms=176
2026-10-06 03:25:40+0000 | INFO     | roostoo.api | API_REQUEST_START | method=GET | label=ticker:DOT/USD | path=/v3/ticker
2026-10-06 03:25:41+0000 | INFO     | roostoo.api | API_REQUEST_OK | method=GET | label=ticker:DOT/USD | elapsed_ms=541
2026-10-06 03:25:41+0000 | INFO     | roostoo.api | API_REQUEST_START | method=GET | label=ticker:BNB/USD | path=/v3/ticker
2026-10-06 03:25:41+0000 | INFO     | roostoo.api | API_REQUEST_OK | method=GET | label=ticker:BNB/USD | elapsed_ms=172
2026-10-06 03:25:41+0000 | INFO     | roostoo.api | API_REQUEST_START | method=GET | label=ticker:SUI/USD | path=/v3/ticker
2026-10-06 03:25:41+0000 | INFO     | roostoo.api | API_REQUEST_OK | method=GET | label=ticker:SUI/USD | elapsed_ms=328
2026-10-06 03:25:41+0000 | INFO     | roostoo.api | API_REQUEST_START | method=GET | label=ticker:BTC/USD | path=/v3/ticker
2026-10-06 03:25:42+0000 | INFO     | roostoo.api | API_REQUEST_OK | method=GET | label=ticker:BTC/USD | elapsed_ms=504
2026-10-06 03:25:42+0000 | INFO     | bot | LOOP_COMPLETE | elapsed_ms=1937
2026-10-06 03:26:40+0000 | INFO     | roostoo.api | API_REQUEST_START | method=GET | label=ticker:TRX/USD | path=/v3/ticker
2026-10-06 03:26:40+0000 | INFO     | roostoo.api | API_REQUEST_OK | method=GET | label=ticker:TRX/USD | elapsed_ms=186
2026-10-06 03:26:40+0000 | INFO     | roostoo.api | API_REQUEST_START | method=GET | label=ticker:AVAX/USD | path=/v3/ticker
2026-10-06 03:26:40+0000 | INFO     | roostoo.api | API_REQUEST_OK | method=GET | label=ticker:AVAX/USD | elapsed_ms=171
2026-10-06 03:26:40+0000 | INFO     | roostoo.api | API_REQUEST_START | method=GET | label=ticker:DOT/USD | path=/v3/ticker
2026-10-06 03:26:40+0000 | INFO     | roostoo.api | API_REQUEST_OK | method=GET | label=ticker:DOT/USD | elapsed_ms=174
2026-10-06 03:26:40+0000 | INFO     | roostoo.api | API_REQUEST_START | method=GET | label=ticker:BNB/USD | path=/v3/ticker
2026-10-06 03:26:41+0000 | INFO     | roostoo.api | API_REQUEST_OK | method=GET | label=ticker:BNB/USD | elapsed_ms=541
2026-10-06 03:26:41+0000 | INFO     | roostoo.api | API_REQUEST_START | method=GET | label=ticker:SUI/USD | path=/v3/ticker
2026-10-06 03:26:41+0000 | INFO     | roostoo.api | API_REQUEST_OK | method=GET | label=ticker:SUI/USD | elapsed_ms=172
2026-10-06 03:26:41+0000 | INFO     | roostoo.api | API_REQUEST_START | method=GET | label=ticker:BTC/USD | path=/v3/ticker
2026-10-06 03:26:41+0000 | INFO     | roostoo.api | API_REQUEST_OK | method=GET | label=ticker:BTC/USD | elapsed_ms=184
2026-10-06 03:26:41+0000 | INFO     | bot | LOOP_COMPLETE | elapsed_ms=1469
2026-10-06 03:27:40+0000 | INFO     | roostoo.api | API_REQUEST_START | method=GET | label=ticker:TRX/USD | path=/v3/ticker
2026-10-06 03:27:40+0000 | INFO     | roostoo.api | API_REQUEST_OK | method=GET | label=ticker:TRX/USD | elapsed_ms=174
2026-10-06 03:27:40+0000 | INFO     | roostoo.api | API_REQUEST_START | method=GET | label=ticker:AVAX/USD | path=/v3/ticker
2026-10-06 03:27:40+0000 | INFO     | roostoo.api | API_REQUEST_OK | method=GET | label=ticker:AVAX/USD | elapsed_ms=172
2026-10-06 03:27:40+0000 | INFO     | roostoo.api | API_REQUEST_START | method=GET | label=ticker:DOT/USD | path=/v3/ticker
2026-10-06 03:27:40+0000 | INFO     | roostoo.api | API_REQUEST_OK | method=GET | label=ticker:DOT/USD | elapsed_ms=187
2026-10-06 03:27:40+0000 | INFO     | roostoo.api | API_REQUEST_START | method=GET | label=ticker:BNB/USD | path=/v3/ticker
2026-10-06 03:27:40+0000 | INFO     | roostoo.api | API_REQUEST_OK | method=GET | label=ticker:BNB/USD | elapsed_ms=185
2026-10-06 03:27:40+0000 | INFO     | roostoo.api | API_REQUEST_START | method=GET | label=ticker:SUI/USD | path=/v3/ticker
2026-10-06 03:27:41+0000 | INFO     | roostoo.api | API_REQUEST_OK | method=GET | label=ticker:SUI/USD | elapsed_ms=501
2026-10-06 03:27:41+0000 | INFO     | roostoo.api | API_REQUEST_START | method=GET | label=ticker:BTC/USD | path=/v3/ticker
2026-10-06 03:27:41+0000 | INFO     | roostoo.api | API_REQUEST_OK | method=GET | label=ticker:BTC/USD | elapsed_ms=172
2026-10-06 03:27:41+0000 | INFO     | bot | LOOP_COMPLETE | elapsed_ms=1431
2026-10-06 03:28:40+0000 | INFO     | roostoo.api | API_REQUEST_START | method=GET | label=ticker:TRX/USD | path=/v3/ticker
2026-10-06 03:28:40+0000 | INFO     | roostoo.api | API_REQUEST_OK | method=GET | label=ticker:TRX/USD | elapsed_ms=189
2026-10-06 03:28:40+0000 | INFO     | roostoo.api | API_REQUEST_START | method=GET | label=server_time | path=/v3/serverTime
2026-10-06 03:28:40+0000 | INFO     | roostoo.api | API_REQUEST_OK | method=GET | label=server_time | elapsed_ms=171
2026-10-06 03:28:40+0000 | INFO     | roostoo.api | SERVER_TIME_SYNC | offset_ms=87
2026-10-06 03:28:40+0000 | INFO     | roostoo.api | API_REQUEST_START | method=GET | label=ticker:AVAX/USD | path=/v3/ticker
2026-10-06 03:28:40+0000 | INFO     | roostoo.api | API_REQUEST_OK | method=GET | label=ticker:AVAX/USD | elapsed_ms=171
2026-10-06 03:28:40+0000 | INFO     | roostoo.api | API_REQUEST_START | method=GET | label=ticker:DOT/USD | path=/v3/ticker
2026-10-06 03:28:40+0000 | INFO     | roostoo.api | API_REQUEST_OK | method=GET | label=ticker:DOT/USD | elapsed_ms=171
2026-10-06 03:28:40+0000 | INFO     | roostoo.api | API_REQUEST_START | method=GET | label=ticker:BNB/USD | path=/v3/ticker
2026-10-06 03:28:40+0000 | INFO     | roostoo.api | API_REQUEST_OK | method=GET | label=ticker:BNB/USD | elapsed_ms=173
2026-10-06 03:28:40+0000 | INFO     | roostoo.api | API_REQUEST_START | method=GET | label=ticker:SUI/USD | path=/v3/ticker
2026-10-06 03:28:41+0000 | INFO     | roostoo.api | API_REQUEST_OK | method=GET | label=ticker:SUI/USD | elapsed_ms=185
2026-10-06 03:28:41+0000 | INFO     | roostoo.api | API_REQUEST_START | method=GET | label=ticker:BTC/USD | path=/v3/ticker
2026-10-06 03:28:41+0000 | INFO     | roostoo.api | API_REQUEST_OK | method=GET | label=ticker:BTC/USD | elapsed_ms=171
2026-10-06 03:28:41+0000 | INFO     | bot | LOOP_COMPLETE | elapsed_ms=1277
2026-10-06 03:29:40+0000 | INFO     | roostoo.api | API_REQUEST_START | method=GET | label=ticker:TRX/USD | path=/v3/ticker
2026-10-06 03:29:40+0000 | INFO     | roostoo.api | API_REQUEST_OK | method=GET | label=ticker:TRX/USD | elapsed_ms=215
2026-10-06 03:29:40+0000 | INFO     | roostoo.api | API_REQUEST_START | method=GET | label=ticker:AVAX/USD | path=/v3/ticker
2026-10-06 03:29:40+0000 | INFO     | roostoo.api | API_REQUEST_OK | method=GET | label=ticker:AVAX/USD | elapsed_ms=171
2026-10-06 03:29:40+0000 | INFO     | roostoo.api | API_REQUEST_START | method=GET | label=ticker:DOT/USD | path=/v3/ticker
2026-10-06 03:29:40+0000 | INFO     | roostoo.api | API_REQUEST_OK | method=GET | label=ticker:DOT/USD | elapsed_ms=241
2026-10-06 03:29:40+0000 | INFO     | roostoo.api | API_REQUEST_START | method=GET | label=ticker:BNB/USD | path=/v3/ticker
2026-10-06 03:29:40+0000 | INFO     | roostoo.api | API_REQUEST_OK | method=GET | label=ticker:BNB/USD | elapsed_ms=173
2026-10-06 03:29:40+0000 | INFO     | roostoo.api | API_REQUEST_START | method=GET | label=ticker:SUI/USD | path=/v3/ticker
2026-10-06 03:29:41+0000 | INFO     | roostoo.api | API_REQUEST_OK | method=GET | label=ticker:SUI/USD | elapsed_ms=172
2026-10-06 03:29:41+0000 | INFO     | roostoo.api | API_REQUEST_START | method=GET | label=ticker:BTC/USD | path=/v3/ticker
2026-10-06 03:29:41+0000 | INFO     | roostoo.api | API_REQUEST_OK | method=GET | label=ticker:BTC/USD | elapsed_ms=503
2026-10-06 03:29:41+0000 | INFO     | bot | LOOP_COMPLETE | elapsed_ms=1515
2026-10-06 03:30:40+0000 | INFO     | roostoo.api | API_REQUEST_START | method=GET | label=ticker:TRX/USD | path=/v3/ticker
2026-10-06 03:30:40+0000 | INFO     | roostoo.api | API_REQUEST_OK | method=GET | label=ticker:TRX/USD | elapsed_ms=187
2026-10-06 03:30:40+0000 | INFO     | roostoo.api | API_REQUEST_START | method=GET | label=ticker:AVAX/USD | path=/v3/ticker
2026-10-06 03:30:40+0000 | INFO     | roostoo.api | API_REQUEST_OK | method=GET | label=ticker:AVAX/USD | elapsed_ms=185
2026-10-06 03:30:40+0000 | INFO     | roostoo.api | API_REQUEST_START | method=GET | label=ticker:DOT/USD | path=/v3/ticker
2026-10-06 03:30:40+0000 | INFO     | roostoo.api | API_REQUEST_OK | method=GET | label=ticker:DOT/USD | elapsed_ms=188
2026-10-06 03:30:40+0000 | INFO     | roostoo.api | API_REQUEST_START | method=GET | label=ticker:BNB/USD | path=/v3/ticker
2026-10-06 03:30:41+0000 | INFO     | roostoo.api | API_REQUEST_OK | method=GET | label=ticker:BNB/USD | elapsed_ms=364
2026-10-06 03:30:41+0000 | INFO     | roostoo.api | API_REQUEST_START | method=GET | label=ticker:SUI/USD | path=/v3/ticker
2026-10-06 03:30:41+0000 | INFO     | roostoo.api | API_REQUEST_OK | method=GET | label=ticker:SUI/USD | elapsed_ms=503
2026-10-06 03:30:41+0000 | INFO     | roostoo.api | API_REQUEST_START | method=GET | label=ticker:BTC/USD | path=/v3/ticker
2026-10-06 03:30:42+0000 | INFO     | roostoo.api | API_REQUEST_OK | method=GET | label=ticker:BTC/USD | elapsed_ms=503
2026-10-06 03:30:42+0000 | INFO     | bot | LOOP_COMPLETE | elapsed_ms=1984
2026-10-06 03:31:40+0000 | INFO     | roostoo.api | API_REQUEST_START | method=GET | label=ticker:TRX/USD | path=/v3/ticker
2026-10-06 03:31:40+0000 | INFO     | roostoo.api | API_REQUEST_OK | method=GET | label=ticker:TRX/USD | elapsed_ms=186
2026-10-06 03:31:40+0000 | INFO     | roostoo.api | API_REQUEST_START | method=GET | label=ticker:AVAX/USD | path=/v3/ticker
2026-10-06 03:31:40+0000 | INFO     | roostoo.api | API_REQUEST_OK | method=GET | label=ticker:AVAX/USD | elapsed_ms=185
2026-10-06 03:31:40+0000 | INFO     | roostoo.api | API_REQUEST_START | method=GET | label=ticker:DOT/USD | path=/v3/ticker
2026-10-06 03:31:40+0000 | INFO     | roostoo.api | API_REQUEST_OK | method=GET | label=ticker:DOT/USD | elapsed_ms=185
2026-10-06 03:31:40+0000 | INFO     | roostoo.api | API_REQUEST_START | method=GET | label=ticker:BNB/USD | path=/v3/ticker
2026-10-06 03:31:40+0000 | INFO     | roostoo.api | API_REQUEST_OK | method=GET | label=ticker:BNB/USD | elapsed_ms=186
2026-10-06 03:31:40+0000 | INFO     | roostoo.api | API_REQUEST_START | method=GET | label=ticker:SUI/USD | path=/v3/ticker
2026-10-06 03:31:41+0000 | INFO     | roostoo.api | API_REQUEST_OK | method=GET | label=ticker:SUI/USD | elapsed_ms=542
2026-10-06 03:31:41+0000 | INFO     | roostoo.api | API_REQUEST_START | method=GET | label=ticker:BTC/USD | path=/v3/ticker
2026-10-06 03:31:41+0000 | INFO     | roostoo.api | API_REQUEST_OK | method=GET | label=ticker:BTC/USD | elapsed_ms=503
2026-10-06 03:31:41+0000 | INFO     | bot | LOOP_COMPLETE | elapsed_ms=1827
2026-10-06 03:32:40+0000 | INFO     | roostoo.api | API_REQUEST_START | method=GET | label=ticker:TRX/USD | path=/v3/ticker
2026-10-06 03:32:40+0000 | INFO     | roostoo.api | API_REQUEST_OK | method=GET | label=ticker:TRX/USD | elapsed_ms=185
2026-10-06 03:32:40+0000 | INFO     | roostoo.api | API_REQUEST_START | method=GET | label=ticker:AVAX/USD | path=/v3/ticker
2026-10-06 03:32:40+0000 | INFO     | roostoo.api | API_REQUEST_OK | method=GET | label=ticker:AVAX/USD | elapsed_ms=171
2026-10-06 03:32:40+0000 | INFO     | roostoo.api | API_REQUEST_START | method=GET | label=ticker:DOT/USD | path=/v3/ticker
2026-10-06 03:32:40+0000 | INFO     | roostoo.api | API_REQUEST_OK | method=GET | label=ticker:DOT/USD | elapsed_ms=172
2026-10-06 03:32:40+0000 | INFO     | roostoo.api | API_REQUEST_START | method=GET | label=ticker:BNB/USD | path=/v3/ticker
2026-10-06 03:32:40+0000 | INFO     | roostoo.api | API_REQUEST_OK | method=GET | label=ticker:BNB/USD | elapsed_ms=185
2026-10-06 03:32:40+0000 | INFO     | roostoo.api | API_REQUEST_START | method=GET | label=ticker:SUI/USD | path=/v3/ticker
2026-10-06 03:32:41+0000 | INFO     | roostoo.api | API_REQUEST_OK | method=GET | label=ticker:SUI/USD | elapsed_ms=173
2026-10-06 03:32:41+0000 | INFO     | roostoo.api | API_REQUEST_START | method=GET | label=ticker:BTC/USD | path=/v3/ticker
2026-10-06 03:32:41+0000 | INFO     | roostoo.api | API_REQUEST_OK | method=GET | label=ticker:BTC/USD | elapsed_ms=173
2026-10-06 03:32:41+0000 | INFO     | bot | LOOP_COMPLETE | elapsed_ms=1099
2026-10-06 03:33:40+0000 | INFO     | roostoo.api | API_REQUEST_START | method=GET | label=ticker:TRX/USD | path=/v3/ticker
2026-10-06 03:33:40+0000 | INFO     | roostoo.api | API_REQUEST_OK | method=GET | label=ticker:TRX/USD | elapsed_ms=187
2026-10-06 03:33:40+0000 | INFO     | roostoo.api | API_REQUEST_START | method=GET | label=ticker:AVAX/USD | path=/v3/ticker
2026-10-06 03:33:40+0000 | INFO     | roostoo.api | API_REQUEST_OK | method=GET | label=ticker:AVAX/USD | elapsed_ms=185
2026-10-06 03:33:40+0000 | INFO     | roostoo.api | API_REQUEST_START | method=GET | label=server_time | path=/v3/serverTime
2026-10-06 03:33:40+0000 | INFO     | roostoo.api | API_REQUEST_OK | method=GET | label=server_time | elapsed_ms=185
2026-10-06 03:33:40+0000 | INFO     | roostoo.api | SERVER_TIME_SYNC | offset_ms=100
2026-10-06 03:33:40+0000 | INFO     | roostoo.api | API_REQUEST_START | method=GET | label=ticker:DOT/USD | path=/v3/ticker
2026-10-06 03:33:40+0000 | INFO     | roostoo.api | API_REQUEST_OK | method=GET | label=ticker:DOT/USD | elapsed_ms=185
2026-10-06 03:33:40+0000 | INFO     | roostoo.api | API_REQUEST_START | method=GET | label=ticker:BNB/USD | path=/v3/ticker
2026-10-06 03:33:41+0000 | INFO     | roostoo.api | API_REQUEST_OK | method=GET | label=ticker:BNB/USD | elapsed_ms=171
2026-10-06 03:33:41+0000 | INFO     | roostoo.api | API_REQUEST_START | method=GET | label=ticker:SUI/USD | path=/v3/ticker
2026-10-06 03:33:41+0000 | INFO     | roostoo.api | API_REQUEST_OK | method=GET | label=ticker:SUI/USD | elapsed_ms=185
2026-10-06 03:33:41+0000 | INFO     | roostoo.api | API_REQUEST_START | method=GET | label=ticker:BTC/USD | path=/v3/ticker
2026-10-06 03:33:41+0000 | INFO     | roostoo.api | API_REQUEST_OK | method=GET | label=ticker:BTC/USD | elapsed_ms=501
2026-10-06 03:33:41+0000 | INFO     | bot | LOOP_COMPLETE | elapsed_ms=1642
2026-10-06 03:34:40+0000 | INFO     | roostoo.api | API_REQUEST_START | method=GET | label=ticker:TRX/USD | path=/v3/ticker
2026-10-06 03:34:40+0000 | INFO     | roostoo.api | API_REQUEST_OK | method=GET | label=ticker:TRX/USD | elapsed_ms=172
2026-10-06 03:34:40+0000 | INFO     | roostoo.api | API_REQUEST_START | method=GET | label=ticker:AVAX/USD | path=/v3/ticker
2026-10-06 03:34:40+0000 | INFO     | roostoo.api | API_REQUEST_OK | method=GET | label=ticker:AVAX/USD | elapsed_ms=185
2026-10-06 03:34:40+0000 | INFO     | roostoo.api | API_REQUEST_START | method=GET | label=ticker:DOT/USD | path=/v3/ticker
2026-10-06 03:34:40+0000 | INFO     | roostoo.api | API_REQUEST_OK | method=GET | label=ticker:DOT/USD | elapsed_ms=184
2026-10-06 03:34:40+0000 | INFO     | roostoo.api | API_REQUEST_START | method=GET | label=ticker:BNB/USD | path=/v3/ticker
2026-10-06 03:34:40+0000 | INFO     | roostoo.api | API_REQUEST_OK | method=GET | label=ticker:BNB/USD | elapsed_ms=173
2026-10-06 03:34:40+0000 | INFO     | roostoo.api | API_REQUEST_START | method=GET | label=ticker:SUI/USD | path=/v3/ticker
2026-10-06 03:34:41+0000 | INFO     | roostoo.api | API_REQUEST_OK | method=GET | label=ticker:SUI/USD | elapsed_ms=501
2026-10-06 03:34:41+0000 | INFO     | roostoo.api | API_REQUEST_START | method=GET | label=ticker:BTC/USD | path=/v3/ticker
2026-10-06 03:34:41+0000 | INFO     | roostoo.api | API_REQUEST_OK | method=GET | label=ticker:BTC/USD | elapsed_ms=171
2026-10-06 03:34:41+0000 | INFO     | bot | LOOP_COMPLETE | elapsed_ms=1427
2026-10-06 03:35:40+0000 | INFO     | roostoo.api | API_REQUEST_START | method=GET | label=ticker:TRX/USD | path=/v3/ticker
2026-10-06 03:35:40+0000 | INFO     | roostoo.api | API_REQUEST_OK | method=GET | label=ticker:TRX/USD | elapsed_ms=177
2026-10-06 03:35:40+0000 | INFO     | roostoo.api | API_REQUEST_START | method=GET | label=ticker:AVAX/USD | path=/v3/ticker
2026-10-06 03:35:40+0000 | INFO     | roostoo.api | API_REQUEST_OK | method=GET | label=ticker:AVAX/USD | elapsed_ms=174
2026-10-06 03:35:40+0000 | INFO     | roostoo.api | API_REQUEST_START | method=GET | label=ticker:DOT/USD | path=/v3/ticker
2026-10-06 03:35:40+0000 | INFO     | roostoo.api | API_REQUEST_OK | method=GET | label=ticker:DOT/USD | elapsed_ms=312
2026-10-06 03:35:40+0000 | INFO     | roostoo.api | API_REQUEST_START | method=GET | label=ticker:BNB/USD | path=/v3/ticker
2026-10-06 03:35:40+0000 | INFO     | roostoo.api | API_REQUEST_OK | method=GET | label=ticker:BNB/USD | elapsed_ms=172
2026-10-06 03:35:40+0000 | INFO     | roostoo.api | API_REQUEST_START | method=GET | label=ticker:SUI/USD | path=/v3/ticker
2026-10-06 03:35:41+0000 | INFO     | roostoo.api | API_REQUEST_OK | method=GET | label=ticker:SUI/USD | elapsed_ms=542
2026-10-06 03:35:41+0000 | INFO     | roostoo.api | API_REQUEST_START | method=GET | label=ticker:BTC/USD | path=/v3/ticker
2026-10-06 03:35:41+0000 | INFO     | roostoo.api | API_REQUEST_OK | method=GET | label=ticker:BTC/USD | elapsed_ms=187
2026-10-06 03:35:41+0000 | INFO     | bot | LOOP_COMPLETE | elapsed_ms=1609
2026-10-06 03:36:40+0000 | INFO     | roostoo.api | API_REQUEST_START | method=GET | label=ticker:TRX/USD | path=/v3/ticker
2026-10-06 03:36:40+0000 | INFO     | roostoo.api | API_REQUEST_OK | method=GET | label=ticker:TRX/USD | elapsed_ms=172
2026-10-06 03:36:40+0000 | INFO     | roostoo.api | API_REQUEST_START | method=GET | label=ticker:AVAX/USD | path=/v3/ticker
2026-10-06 03:36:40+0000 | INFO     | roostoo.api | API_REQUEST_OK | method=GET | label=ticker:AVAX/USD | elapsed_ms=185
2026-10-06 03:36:40+0000 | INFO     | roostoo.api | API_REQUEST_START | method=GET | label=ticker:DOT/USD | path=/v3/ticker
2026-10-06 03:36:40+0000 | INFO     | roostoo.api | API_REQUEST_OK | method=GET | label=ticker:DOT/USD | elapsed_ms=185
2026-10-06 03:36:40+0000 | INFO     | roostoo.api | API_REQUEST_START | method=GET | label=ticker:BNB/USD | path=/v3/ticker
2026-10-06 03:36:40+0000 | INFO     | roostoo.api | API_REQUEST_OK | method=GET | label=ticker:BNB/USD | elapsed_ms=185
2026-10-06 03:36:40+0000 | INFO     | roostoo.api | API_REQUEST_START | method=GET | label=ticker:SUI/USD | path=/v3/ticker
2026-10-06 03:36:41+0000 | INFO     | roostoo.api | API_REQUEST_OK | method=GET | label=ticker:SUI/USD | elapsed_ms=171
2026-10-06 03:36:41+0000 | INFO     | roostoo.api | API_REQUEST_START | method=GET | label=ticker:BTC/USD | path=/v3/ticker
2026-10-06 03:36:41+0000 | INFO     | roostoo.api | API_REQUEST_OK | method=GET | label=ticker:BTC/USD | elapsed_ms=185
2026-10-06 03:36:41+0000 | INFO     | bot | LOOP_COMPLETE | elapsed_ms=1121
2026-10-06 03:37:40+0000 | INFO     | roostoo.api | API_REQUEST_START | method=GET | label=ticker:TRX/USD | path=/v3/ticker
2026-10-06 03:37:40+0000 | INFO     | roostoo.api | API_REQUEST_OK | method=GET | label=ticker:TRX/USD | elapsed_ms=173
2026-10-06 03:37:40+0000 | INFO     | roostoo.api | API_REQUEST_START | method=GET | label=ticker:AVAX/USD | path=/v3/ticker
2026-10-06 03:37:40+0000 | INFO     | roostoo.api | API_REQUEST_OK | method=GET | label=ticker:AVAX/USD | elapsed_ms=173
2026-10-06 03:37:40+0000 | INFO     | roostoo.api | API_REQUEST_START | method=GET | label=ticker:DOT/USD | path=/v3/ticker
2026-10-06 03:37:40+0000 | INFO     | roostoo.api | API_REQUEST_OK | method=GET | label=ticker:DOT/USD | elapsed_ms=174
2026-10-06 03:37:40+0000 | INFO     | roostoo.api | API_REQUEST_START | method=GET | label=ticker:BNB/USD | path=/v3/ticker
2026-10-06 03:37:40+0000 | INFO     | roostoo.api | API_REQUEST_OK | method=GET | label=ticker:BNB/USD | elapsed_ms=171
2026-10-06 03:37:40+0000 | INFO     | roostoo.api | API_REQUEST_START | method=GET | label=ticker:SUI/USD | path=/v3/ticker
2026-10-06 03:37:41+0000 | INFO     | roostoo.api | API_REQUEST_OK | method=GET | label=ticker:SUI/USD | elapsed_ms=185
2026-10-06 03:37:41+0000 | INFO     | roostoo.api | API_REQUEST_START | method=GET | label=ticker:BTC/USD | path=/v3/ticker
2026-10-06 03:37:41+0000 | INFO     | roostoo.api | API_REQUEST_OK | method=GET | label=ticker:BTC/USD | elapsed_ms=186
2026-10-06 03:37:41+0000 | INFO     | bot | LOOP_COMPLETE | elapsed_ms=1102
2026-10-06 03:38:40+0000 | INFO     | roostoo.api | API_REQUEST_START | method=GET | label=ticker:TRX/USD | path=/v3/ticker
2026-10-06 03:38:40+0000 | INFO     | roostoo.api | API_REQUEST_OK | method=GET | label=ticker:TRX/USD | elapsed_ms=172
2026-10-06 03:38:40+0000 | INFO     | roostoo.api | API_REQUEST_START | method=GET | label=ticker:AVAX/USD | path=/v3/ticker
2026-10-06 03:38:40+0000 | INFO     | roostoo.api | API_REQUEST_OK | method=GET | label=ticker:AVAX/USD | elapsed_ms=173
2026-10-06 03:38:40+0000 | INFO     | roostoo.api | API_REQUEST_START | method=GET | label=ticker:DOT/USD | path=/v3/ticker
2026-10-06 03:38:40+0000 | INFO     | roostoo.api | API_REQUEST_OK | method=GET | label=ticker:DOT/USD | elapsed_ms=188
2026-10-06 03:38:40+0000 | INFO     | roostoo.api | API_REQUEST_START | method=GET | label=ticker:BNB/USD | path=/v3/ticker
2026-10-06 03:38:40+0000 | INFO     | roostoo.api | API_REQUEST_OK | method=GET | label=ticker:BNB/USD | elapsed_ms=172
2026-10-06 03:38:40+0000 | INFO     | roostoo.api | API_REQUEST_START | method=GET | label=server_time | path=/v3/serverTime
2026-10-06 03:38:41+0000 | INFO     | roostoo.api | API_REQUEST_OK | method=GET | label=server_time | elapsed_ms=580
2026-10-06 03:38:41+0000 | INFO     | roostoo.api | SERVER_TIME_SYNC | offset_ms=482
2026-10-06 03:38:41+0000 | INFO     | roostoo.api | API_REQUEST_START | method=GET | label=ticker:SUI/USD | path=/v3/ticker
2026-10-06 03:38:41+0000 | INFO     | roostoo.api | API_REQUEST_OK | method=GET | label=ticker:SUI/USD | elapsed_ms=542
2026-10-06 03:38:41+0000 | INFO     | roostoo.api | API_REQUEST_START | method=GET | label=ticker:BTC/USD | path=/v3/ticker
2026-10-06 03:38:42+0000 | INFO     | roostoo.api | API_REQUEST_OK | method=GET | label=ticker:BTC/USD | elapsed_ms=174
2026-10-06 03:38:42+0000 | INFO     | bot | LOOP_COMPLETE | elapsed_ms=2047
2026-10-06 03:39:40+0000 | INFO     | roostoo.api | API_REQUEST_START | method=GET | label=ticker:TRX/USD | path=/v3/ticker
2026-10-06 03:39:40+0000 | INFO     | roostoo.api | API_REQUEST_OK | method=GET | label=ticker:TRX/USD | elapsed_ms=187
2026-10-06 03:39:40+0000 | INFO     | roostoo.api | API_REQUEST_START | method=GET | label=ticker:AVAX/USD | path=/v3/ticker
2026-10-06 03:39:40+0000 | INFO     | roostoo.api | API_REQUEST_OK | method=GET | label=ticker:AVAX/USD | elapsed_ms=171
2026-10-06 03:39:40+0000 | INFO     | roostoo.api | API_REQUEST_START | method=GET | label=ticker:DOT/USD | path=/v3/ticker
2026-10-06 03:39:40+0000 | INFO     | roostoo.api | API_REQUEST_OK | method=GET | label=ticker:DOT/USD | elapsed_ms=171
2026-10-06 03:39:40+0000 | INFO     | roostoo.api | API_REQUEST_START | method=GET | label=ticker:BNB/USD | path=/v3/ticker
2026-10-06 03:39:40+0000 | INFO     | roostoo.api | API_REQUEST_OK | method=GET | label=ticker:BNB/USD | elapsed_ms=172
2026-10-06 03:39:40+0000 | INFO     | roostoo.api | API_REQUEST_START | method=GET | label=ticker:SUI/USD | path=/v3/ticker
2026-10-06 03:39:41+0000 | INFO     | roostoo.api | API_REQUEST_OK | method=GET | label=ticker:SUI/USD | elapsed_ms=542
2026-10-06 03:39:41+0000 | INFO     | roostoo.api | API_REQUEST_START | method=GET | label=ticker:BTC/USD | path=/v3/ticker
2026-10-06 03:39:41+0000 | INFO     | roostoo.api | API_REQUEST_OK | method=GET | label=ticker:BTC/USD | elapsed_ms=171
2026-10-06 03:39:41+0000 | INFO     | bot | LOOP_COMPLETE | elapsed_ms=1455
2026-10-06 03:40:40+0000 | INFO     | roostoo.api | API_REQUEST_START | method=GET | label=ticker:TRX/USD | path=/v3/ticker
2026-10-06 03:40:40+0000 | INFO     | roostoo.api | API_REQUEST_OK | method=GET | label=ticker:TRX/USD | elapsed_ms=172
2026-10-06 03:40:40+0000 | INFO     | roostoo.api | API_REQUEST_START | method=GET | label=ticker:AVAX/USD | path=/v3/ticker
2026-10-06 03:40:40+0000 | INFO     | roostoo.api | API_REQUEST_OK | method=GET | label=ticker:AVAX/USD | elapsed_ms=172
2026-10-06 03:40:40+0000 | INFO     | roostoo.api | API_REQUEST_START | method=GET | label=ticker:DOT/USD | path=/v3/ticker
2026-10-06 03:40:40+0000 | INFO     | roostoo.api | API_REQUEST_OK | method=GET | label=ticker:DOT/USD | elapsed_ms=187
2026-10-06 03:40:40+0000 | INFO     | roostoo.api | API_REQUEST_START | method=GET | label=ticker:BNB/USD | path=/v3/ticker
2026-10-06 03:40:40+0000 | INFO     | roostoo.api | API_REQUEST_OK | method=GET | label=ticker:BNB/USD | elapsed_ms=173
2026-10-06 03:40:40+0000 | INFO     | roostoo.api | API_REQUEST_START | method=GET | label=ticker:SUI/USD | path=/v3/ticker
2026-10-06 03:40:41+0000 | INFO     | roostoo.api | API_REQUEST_OK | method=GET | label=ticker:SUI/USD | elapsed_ms=331
2026-10-06 03:40:41+0000 | INFO     | roostoo.api | API_REQUEST_START | method=GET | label=ticker:BTC/USD | path=/v3/ticker
2026-10-06 03:40:41+0000 | INFO     | roostoo.api | API_REQUEST_OK | method=GET | label=ticker:BTC/USD | elapsed_ms=501
2026-10-06 03:40:41+0000 | INFO     | bot | LOOP_COMPLETE | elapsed_ms=1578
2026-10-06 03:41:40+0000 | INFO     | roostoo.api | API_REQUEST_START | method=GET | label=ticker:TRX/USD | path=/v3/ticker
2026-10-06 03:41:40+0000 | INFO     | roostoo.api | API_REQUEST_OK | method=GET | label=ticker:TRX/USD | elapsed_ms=174
2026-10-06 03:41:40+0000 | INFO     | roostoo.api | API_REQUEST_START | method=GET | label=ticker:AVAX/USD | path=/v3/ticker
2026-10-06 03:41:40+0000 | INFO     | roostoo.api | API_REQUEST_OK | method=GET | label=ticker:AVAX/USD | elapsed_ms=172
2026-10-06 03:41:40+0000 | INFO     | roostoo.api | API_REQUEST_START | method=GET | label=ticker:DOT/USD | path=/v3/ticker
2026-10-06 03:41:40+0000 | INFO     | roostoo.api | API_REQUEST_OK | method=GET | label=ticker:DOT/USD | elapsed_ms=171
2026-10-06 03:41:40+0000 | INFO     | roostoo.api | API_REQUEST_START | method=GET | label=ticker:BNB/USD | path=/v3/ticker
2026-10-06 03:41:41+0000 | INFO     | roostoo.api | API_REQUEST_OK | method=GET | label=ticker:BNB/USD | elapsed_ms=543
2026-10-06 03:41:41+0000 | INFO     | roostoo.api | API_REQUEST_START | method=GET | label=ticker:SUI/USD | path=/v3/ticker
2026-10-06 03:41:41+0000 | INFO     | roostoo.api | API_REQUEST_OK | method=GET | label=ticker:SUI/USD | elapsed_ms=172
2026-10-06 03:41:41+0000 | INFO     | roostoo.api | API_REQUEST_START | method=GET | label=ticker:BTC/USD | path=/v3/ticker
2026-10-06 03:41:41+0000 | INFO     | roostoo.api | API_REQUEST_OK | method=GET | label=ticker:BTC/USD | elapsed_ms=172
2026-10-06 03:41:41+0000 | INFO     | bot | LOOP_COMPLETE | elapsed_ms=1445
2026-10-06 03:42:40+0000 | INFO     | roostoo.api | API_REQUEST_START | method=GET | label=ticker:TRX/USD | path=/v3/ticker
2026-10-06 03:42:40+0000 | INFO     | roostoo.api | API_REQUEST_OK | method=GET | label=ticker:TRX/USD | elapsed_ms=172
2026-10-06 03:42:40+0000 | INFO     | roostoo.api | API_REQUEST_START | method=GET | label=ticker:AVAX/USD | path=/v3/ticker
2026-10-06 03:42:40+0000 | INFO     | roostoo.api | API_REQUEST_OK | method=GET | label=ticker:AVAX/USD | elapsed_ms=173
2026-10-06 03:42:40+0000 | INFO     | roostoo.api | API_REQUEST_START | method=GET | label=ticker:DOT/USD | path=/v3/ticker
2026-10-06 03:42:40+0000 | INFO     | roostoo.api | API_REQUEST_OK | method=GET | label=ticker:DOT/USD | elapsed_ms=173
2026-10-06 03:42:40+0000 | INFO     | roostoo.api | API_REQUEST_START | method=GET | label=ticker:BNB/USD | path=/v3/ticker
2026-10-06 03:42:40+0000 | INFO     | roostoo.api | API_REQUEST_OK | method=GET | label=ticker:BNB/USD | elapsed_ms=172
2026-10-06 03:42:40+0000 | INFO     | roostoo.api | API_REQUEST_START | method=GET | label=ticker:SUI/USD | path=/v3/ticker
2026-10-06 03:42:41+0000 | INFO     | roostoo.api | API_REQUEST_OK | method=GET | label=ticker:SUI/USD | elapsed_ms=172
2026-10-06 03:42:41+0000 | INFO     | roostoo.api | API_REQUEST_START | method=GET | label=ticker:BTC/USD | path=/v3/ticker
2026-10-06 03:42:41+0000 | INFO     | roostoo.api | API_REQUEST_OK | method=GET | label=ticker:BTC/USD | elapsed_ms=173
2026-10-06 03:42:41+0000 | INFO     | bot | LOOP_COMPLETE | elapsed_ms=1079
2026-10-06 03:43:40+0000 | INFO     | roostoo.api | API_REQUEST_START | method=GET | label=ticker:TRX/USD | path=/v3/ticker
2026-10-06 03:43:40+0000 | INFO     | roostoo.api | API_REQUEST_OK | method=GET | label=ticker:TRX/USD | elapsed_ms=186
2026-10-06 03:43:40+0000 | INFO     | roostoo.api | API_REQUEST_START | method=GET | label=ticker:AVAX/USD | path=/v3/ticker
2026-10-06 03:43:40+0000 | INFO     | roostoo.api | API_REQUEST_OK | method=GET | label=ticker:AVAX/USD | elapsed_ms=185
2026-10-06 03:43:40+0000 | INFO     | roostoo.api | API_REQUEST_START | method=GET | label=ticker:DOT/USD | path=/v3/ticker
2026-10-06 03:43:40+0000 | INFO     | roostoo.api | API_REQUEST_OK | method=GET | label=ticker:DOT/USD | elapsed_ms=185
2026-10-06 03:43:40+0000 | INFO     | roostoo.api | API_REQUEST_START | method=GET | label=ticker:BNB/USD | path=/v3/ticker
2026-10-06 03:43:40+0000 | INFO     | roostoo.api | API_REQUEST_OK | method=GET | label=ticker:BNB/USD | elapsed_ms=171
2026-10-06 03:43:40+0000 | INFO     | roostoo.api | API_REQUEST_START | method=GET | label=ticker:SUI/USD | path=/v3/ticker
2026-10-06 03:43:41+0000 | INFO     | roostoo.api | API_REQUEST_OK | method=GET | label=ticker:SUI/USD | elapsed_ms=172
2026-10-06 03:43:41+0000 | INFO     | roostoo.api | API_REQUEST_START | method=GET | label=ticker:BTC/USD | path=/v3/ticker
2026-10-06 03:43:41+0000 | INFO     | roostoo.api | API_REQUEST_OK | method=GET | label=ticker:BTC/USD | elapsed_ms=172
2026-10-06 03:43:41+0000 | INFO     | bot | LOOP_COMPLETE | elapsed_ms=1110
2026-10-06 03:44:40+0000 | INFO     | roostoo.api | API_REQUEST_START | method=GET | label=server_time | path=/v3/serverTime
2026-10-06 03:44:40+0000 | INFO     | roostoo.api | API_REQUEST_OK | method=GET | label=server_time | elapsed_ms=188
2026-10-06 03:44:40+0000 | INFO     | roostoo.api | SERVER_TIME_SYNC | offset_ms=104
2026-10-06 03:44:40+0000 | INFO     | roostoo.api | API_REQUEST_START | method=GET | label=ticker:TRX/USD | path=/v3/ticker
2026-10-06 03:44:40+0000 | INFO     | roostoo.api | API_REQUEST_OK | method=GET | label=ticker:TRX/USD | elapsed_ms=172
2026-10-06 03:44:40+0000 | INFO     | roostoo.api | API_REQUEST_START | method=GET | label=ticker:AVAX/USD | path=/v3/ticker
2026-10-06 03:44:40+0000 | INFO     | roostoo.api | API_REQUEST_OK | method=GET | label=ticker:AVAX/USD | elapsed_ms=173
2026-10-06 03:44:40+0000 | INFO     | roostoo.api | API_REQUEST_START | method=GET | label=ticker:DOT/USD | path=/v3/ticker
2026-10-06 03:44:40+0000 | INFO     | roostoo.api | API_REQUEST_OK | method=GET | label=ticker:DOT/USD | elapsed_ms=172
2026-10-06 03:44:40+0000 | INFO     | roostoo.api | API_REQUEST_START | method=GET | label=ticker:BNB/USD | path=/v3/ticker
2026-10-06 03:44:41+0000 | INFO     | roostoo.api | API_REQUEST_OK | method=GET | label=ticker:BNB/USD | elapsed_ms=543
2026-10-06 03:44:41+0000 | INFO     | roostoo.api | API_REQUEST_START | method=GET | label=ticker:SUI/USD | path=/v3/ticker
2026-10-06 03:44:41+0000 | INFO     | roostoo.api | API_REQUEST_OK | method=GET | label=ticker:SUI/USD | elapsed_ms=172
2026-10-06 03:44:41+0000 | INFO     | roostoo.api | API_REQUEST_START | method=GET | label=ticker:BTC/USD | path=/v3/ticker
2026-10-06 03:44:41+0000 | INFO     | roostoo.api | API_REQUEST_OK | method=GET | label=ticker:BTC/USD | elapsed_ms=173
2026-10-06 03:44:41+0000 | INFO     | bot | LOOP_COMPLETE | elapsed_ms=1635
2026-10-06 03:45:40+0000 | INFO     | roostoo.api | API_REQUEST_START | method=GET | label=ticker:TRX/USD | path=/v3/ticker
2026-10-06 03:45:40+0000 | INFO     | roostoo.api | API_REQUEST_OK | method=GET | label=ticker:TRX/USD | elapsed_ms=188
2026-10-06 03:45:40+0000 | INFO     | roostoo.api | API_REQUEST_START | method=GET | label=ticker:AVAX/USD | path=/v3/ticker
2026-10-06 03:45:40+0000 | INFO     | roostoo.api | API_REQUEST_OK | method=GET | label=ticker:AVAX/USD | elapsed_ms=188
2026-10-06 03:45:40+0000 | INFO     | roostoo.api | API_REQUEST_START | method=GET | label=ticker:DOT/USD | path=/v3/ticker
2026-10-06 03:45:40+0000 | INFO     | roostoo.api | API_REQUEST_OK | method=GET | label=ticker:DOT/USD | elapsed_ms=188
2026-10-06 03:45:40+0000 | INFO     | roostoo.api | API_REQUEST_START | method=GET | label=ticker:BNB/USD | path=/v3/ticker
2026-10-06 03:45:40+0000 | INFO     | roostoo.api | API_REQUEST_OK | method=GET | label=ticker:BNB/USD | elapsed_ms=172
2026-10-06 03:45:40+0000 | INFO     | roostoo.api | API_REQUEST_START | method=GET | label=ticker:SUI/USD | path=/v3/ticker
2026-10-06 03:45:41+0000 | INFO     | roostoo.api | API_REQUEST_OK | method=GET | label=ticker:SUI/USD | elapsed_ms=173
2026-10-06 03:45:41+0000 | INFO     | roostoo.api | API_REQUEST_START | method=GET | label=ticker:BTC/USD | path=/v3/ticker
2026-10-06 03:45:41+0000 | INFO     | roostoo.api | API_REQUEST_OK | method=GET | label=ticker:BTC/USD | elapsed_ms=172
2026-10-06 03:45:41+0000 | INFO     | bot | LOOP_COMPLETE | elapsed_ms=1125
2026-10-06 03:46:40+0000 | INFO     | roostoo.api | API_REQUEST_START | method=GET | label=ticker:TRX/USD | path=/v3/ticker
2026-10-06 03:46:40+0000 | INFO     | roostoo.api | API_REQUEST_OK | method=GET | label=ticker:TRX/USD | elapsed_ms=186
2026-10-06 03:46:40+0000 | INFO     | roostoo.api | API_REQUEST_START | method=GET | label=ticker:AVAX/USD | path=/v3/ticker
2026-10-06 03:46:40+0000 | INFO     | roostoo.api | API_REQUEST_OK | method=GET | label=ticker:AVAX/USD | elapsed_ms=173
2026-10-06 03:46:40+0000 | INFO     | roostoo.api | API_REQUEST_START | method=GET | label=ticker:DOT/USD | path=/v3/ticker
2026-10-06 03:46:40+0000 | INFO     | roostoo.api | API_REQUEST_OK | method=GET | label=ticker:DOT/USD | elapsed_ms=186
2026-10-06 03:46:40+0000 | INFO     | roostoo.api | API_REQUEST_START | method=GET | label=ticker:BNB/USD | path=/v3/ticker
2026-10-06 03:46:40+0000 | INFO     | roostoo.api | API_REQUEST_OK | method=GET | label=ticker:BNB/USD | elapsed_ms=185
2026-10-06 03:46:40+0000 | INFO     | roostoo.api | API_REQUEST_START | method=GET | label=ticker:SUI/USD | path=/v3/ticker
2026-10-06 03:46:41+0000 | INFO     | roostoo.api | API_REQUEST_OK | method=GET | label=ticker:SUI/USD | elapsed_ms=186
2026-10-06 03:46:41+0000 | INFO     | roostoo.api | API_REQUEST_START | method=GET | label=ticker:BTC/USD | path=/v3/ticker
2026-10-06 03:46:41+0000 | INFO     | roostoo.api | API_REQUEST_OK | method=GET | label=ticker:BTC/USD | elapsed_ms=171
2026-10-06 03:46:41+0000 | INFO     | bot | LOOP_COMPLETE | elapsed_ms=1128
2026-10-06 03:47:40+0000 | INFO     | roostoo.api | API_REQUEST_START | method=GET | label=ticker:TRX/USD | path=/v3/ticker
2026-10-06 03:47:40+0000 | INFO     | roostoo.api | API_REQUEST_OK | method=GET | label=ticker:TRX/USD | elapsed_ms=189
2026-10-06 03:47:40+0000 | INFO     | roostoo.api | API_REQUEST_START | method=GET | label=ticker:AVAX/USD | path=/v3/ticker
2026-10-06 03:47:40+0000 | INFO     | roostoo.api | API_REQUEST_OK | method=GET | label=ticker:AVAX/USD | elapsed_ms=187
2026-10-06 03:47:40+0000 | INFO     | roostoo.api | API_REQUEST_START | method=GET | label=ticker:DOT/USD | path=/v3/ticker
2026-10-06 03:47:41+0000 | INFO     | roostoo.api | API_REQUEST_OK | method=GET | label=ticker:DOT/USD | elapsed_ms=502
2026-10-06 03:47:41+0000 | INFO     | roostoo.api | API_REQUEST_START | method=GET | label=ticker:BNB/USD | path=/v3/ticker
2026-10-06 03:47:41+0000 | INFO     | roostoo.api | API_REQUEST_OK | method=GET | label=ticker:BNB/USD | elapsed_ms=465
2026-10-06 03:47:41+0000 | INFO     | roostoo.api | API_REQUEST_START | method=GET | label=ticker:SUI/USD | path=/v3/ticker
2026-10-06 03:47:41+0000 | INFO     | roostoo.api | API_REQUEST_OK | method=GET | label=ticker:SUI/USD | elapsed_ms=171
2026-10-06 03:47:41+0000 | INFO     | roostoo.api | API_REQUEST_START | method=GET | label=ticker:BTC/USD | path=/v3/ticker
2026-10-06 03:47:42+0000 | INFO     | roostoo.api | API_REQUEST_OK | method=GET | label=ticker:BTC/USD | elapsed_ms=501
2026-10-06 03:47:42+0000 | INFO     | bot | LOOP_COMPLETE | elapsed_ms=2059
2026-10-06 03:48:40+0000 | INFO     | roostoo.api | API_REQUEST_START | method=GET | label=ticker:TRX/USD | path=/v3/ticker
2026-10-06 03:48:40+0000 | INFO     | roostoo.api | API_REQUEST_OK | method=GET | label=ticker:TRX/USD | elapsed_ms=172
2026-10-06 03:48:40+0000 | INFO     | roostoo.api | API_REQUEST_START | method=GET | label=ticker:AVAX/USD | path=/v3/ticker
2026-10-06 03:48:40+0000 | INFO     | roostoo.api | API_REQUEST_OK | method=GET | label=ticker:AVAX/USD | elapsed_ms=172
2026-10-06 03:48:40+0000 | INFO     | roostoo.api | API_REQUEST_START | method=GET | label=ticker:DOT/USD | path=/v3/ticker
2026-10-06 03:48:40+0000 | INFO     | roostoo.api | API_REQUEST_OK | method=GET | label=ticker:DOT/USD | elapsed_ms=173
2026-10-06 03:48:40+0000 | INFO     | roostoo.api | API_REQUEST_START | method=GET | label=ticker:BNB/USD | path=/v3/ticker
2026-10-06 03:48:40+0000 | INFO     | roostoo.api | API_REQUEST_OK | method=GET | label=ticker:BNB/USD | elapsed_ms=172
2026-10-06 03:48:40+0000 | INFO     | roostoo.api | API_REQUEST_START | method=GET | label=ticker:SUI/USD | path=/v3/ticker
2026-10-06 03:48:41+0000 | INFO     | roostoo.api | API_REQUEST_OK | method=GET | label=ticker:SUI/USD | elapsed_ms=185
2026-10-06 03:48:41+0000 | INFO     | roostoo.api | API_REQUEST_START | method=GET | label=ticker:BTC/USD | path=/v3/ticker
2026-10-06 03:48:41+0000 | INFO     | roostoo.api | API_REQUEST_OK | method=GET | label=ticker:BTC/USD | elapsed_ms=185
2026-10-06 03:48:41+0000 | INFO     | bot | LOOP_COMPLETE | elapsed_ms=1099
2026-10-06 03:49:40+0000 | INFO     | roostoo.api | API_REQUEST_START | method=GET | label=ticker:TRX/USD | path=/v3/ticker
2026-10-06 03:49:40+0000 | INFO     | roostoo.api | API_REQUEST_OK | method=GET | label=ticker:TRX/USD | elapsed_ms=174
2026-10-06 03:49:40+0000 | INFO     | roostoo.api | API_REQUEST_START | method=GET | label=ticker:AVAX/USD | path=/v3/ticker
2026-10-06 03:49:40+0000 | INFO     | roostoo.api | API_REQUEST_OK | method=GET | label=ticker:AVAX/USD | elapsed_ms=171
2026-10-06 03:49:40+0000 | INFO     | roostoo.api | API_REQUEST_START | method=GET | label=server_time | path=/v3/serverTime
2026-10-06 03:49:40+0000 | INFO     | roostoo.api | API_REQUEST_OK | method=GET | label=server_time | elapsed_ms=502
2026-10-06 03:49:40+0000 | INFO     | roostoo.api | SERVER_TIME_SYNC | offset_ms=417
2026-10-06 03:49:40+0000 | INFO     | roostoo.api | API_REQUEST_START | method=GET | label=ticker:DOT/USD | path=/v3/ticker
2026-10-06 03:49:41+0000 | INFO     | roostoo.api | API_REQUEST_OK | method=GET | label=ticker:DOT/USD | elapsed_ms=172
2026-10-06 03:49:41+0000 | INFO     | roostoo.api | API_REQUEST_START | method=GET | label=ticker:BNB/USD | path=/v3/ticker
2026-10-06 03:49:41+0000 | INFO     | roostoo.api | API_REQUEST_OK | method=GET | label=ticker:BNB/USD | elapsed_ms=502
2026-10-06 03:49:41+0000 | INFO     | roostoo.api | API_REQUEST_START | method=GET | label=ticker:SUI/USD | path=/v3/ticker
2026-10-06 03:49:41+0000 | INFO     | roostoo.api | API_REQUEST_OK | method=GET | label=ticker:SUI/USD | elapsed_ms=187
2026-10-06 03:49:41+0000 | INFO     | roostoo.api | API_REQUEST_START | method=GET | label=ticker:BTC/USD | path=/v3/ticker
2026-10-06 03:49:42+0000 | INFO     | roostoo.api | API_REQUEST_OK | method=GET | label=ticker:BTC/USD | elapsed_ms=189
2026-10-06 03:49:42+0000 | INFO     | bot | LOOP_COMPLETE | elapsed_ms=1945
2026-10-06 03:50:40+0000 | INFO     | roostoo.api | API_REQUEST_START | method=GET | label=ticker:TRX/USD | path=/v3/ticker
2026-10-06 03:50:40+0000 | INFO     | roostoo.api | API_REQUEST_OK | method=GET | label=ticker:TRX/USD | elapsed_ms=187
2026-10-06 03:50:40+0000 | INFO     | roostoo.api | API_REQUEST_START | method=GET | label=ticker:AVAX/USD | path=/v3/ticker
2026-10-06 03:50:40+0000 | INFO     | roostoo.api | API_REQUEST_OK | method=GET | label=ticker:AVAX/USD | elapsed_ms=187
2026-10-06 03:50:40+0000 | INFO     | roostoo.api | API_REQUEST_START | method=GET | label=ticker:DOT/USD | path=/v3/ticker
2026-10-06 03:50:40+0000 | INFO     | roostoo.api | API_REQUEST_OK | method=GET | label=ticker:DOT/USD | elapsed_ms=173
2026-10-06 03:50:40+0000 | INFO     | roostoo.api | API_REQUEST_START | method=GET | label=ticker:BNB/USD | path=/v3/ticker
2026-10-06 03:50:40+0000 | INFO     | roostoo.api | API_REQUEST_OK | method=GET | label=ticker:BNB/USD | elapsed_ms=172
2026-10-06 03:50:40+0000 | INFO     | roostoo.api | API_REQUEST_START | method=GET | label=ticker:SUI/USD | path=/v3/ticker
2026-10-06 03:50:41+0000 | INFO     | roostoo.api | API_REQUEST_OK | method=GET | label=ticker:SUI/USD | elapsed_ms=211
2026-10-06 03:50:41+0000 | INFO     | roostoo.api | API_REQUEST_START | method=GET | label=ticker:BTC/USD | path=/v3/ticker
2026-10-06 03:50:41+0000 | INFO     | roostoo.api | API_REQUEST_OK | method=GET | label=ticker:BTC/USD | elapsed_ms=185
2026-10-06 03:50:41+0000 | INFO     | bot | LOOP_COMPLETE | elapsed_ms=1159
2026-10-06 03:51:40+0000 | INFO     | roostoo.api | API_REQUEST_START | method=GET | label=ticker:TRX/USD | path=/v3/ticker
2026-10-06 03:51:40+0000 | INFO     | roostoo.api | API_REQUEST_OK | method=GET | label=ticker:TRX/USD | elapsed_ms=188
2026-10-06 03:51:40+0000 | INFO     | roostoo.api | API_REQUEST_START | method=GET | label=ticker:AVAX/USD | path=/v3/ticker
2026-10-06 03:51:40+0000 | INFO     | roostoo.api | API_REQUEST_OK | method=GET | label=ticker:AVAX/USD | elapsed_ms=186
2026-10-06 03:51:40+0000 | INFO     | roostoo.api | API_REQUEST_START | method=GET | label=ticker:DOT/USD | path=/v3/ticker
2026-10-06 03:51:40+0000 | INFO     | roostoo.api | API_REQUEST_OK | method=GET | label=ticker:DOT/USD | elapsed_ms=185
2026-10-06 03:51:40+0000 | INFO     | roostoo.api | API_REQUEST_START | method=GET | label=ticker:BNB/USD | path=/v3/ticker
2026-10-06 03:51:40+0000 | INFO     | roostoo.api | API_REQUEST_OK | method=GET | label=ticker:BNB/USD | elapsed_ms=172
2026-10-06 03:51:40+0000 | INFO     | roostoo.api | API_REQUEST_START | method=GET | label=ticker:SUI/USD | path=/v3/ticker
2026-10-06 03:51:41+0000 | INFO     | roostoo.api | API_REQUEST_OK | method=GET | label=ticker:SUI/USD | elapsed_ms=171
2026-10-06 03:51:41+0000 | INFO     | roostoo.api | API_REQUEST_START | method=GET | label=ticker:BTC/USD | path=/v3/ticker
2026-10-06 03:51:41+0000 | INFO     | roostoo.api | API_REQUEST_OK | method=GET | label=ticker:BTC/USD | elapsed_ms=186
2026-10-06 03:51:41+0000 | INFO     | bot | LOOP_COMPLETE | elapsed_ms=1130
2026-10-06 03:52:40+0000 | INFO     | roostoo.api | API_REQUEST_START | method=GET | label=ticker:TRX/USD | path=/v3/ticker
2026-10-06 03:52:40+0000 | INFO     | roostoo.api | API_REQUEST_OK | method=GET | label=ticker:TRX/USD | elapsed_ms=176
2026-10-06 03:52:40+0000 | INFO     | roostoo.api | API_REQUEST_START | method=GET | label=ticker:AVAX/USD | path=/v3/ticker
2026-10-06 03:52:40+0000 | INFO     | roostoo.api | API_REQUEST_OK | method=GET | label=ticker:AVAX/USD | elapsed_ms=172
2026-10-06 03:52:40+0000 | INFO     | roostoo.api | API_REQUEST_START | method=GET | label=ticker:DOT/USD | path=/v3/ticker
2026-10-06 03:52:40+0000 | INFO     | roostoo.api | API_REQUEST_OK | method=GET | label=ticker:DOT/USD | elapsed_ms=171
2026-10-06 03:52:40+0000 | INFO     | roostoo.api | API_REQUEST_START | method=GET | label=ticker:BNB/USD | path=/v3/ticker
2026-10-06 03:52:40+0000 | INFO     | roostoo.api | API_REQUEST_OK | method=GET | label=ticker:BNB/USD | elapsed_ms=185
2026-10-06 03:52:40+0000 | INFO     | roostoo.api | API_REQUEST_START | method=GET | label=ticker:SUI/USD | path=/v3/ticker
2026-10-06 03:52:41+0000 | INFO     | roostoo.api | API_REQUEST_OK | method=GET | label=ticker:SUI/USD | elapsed_ms=501
2026-10-06 03:52:41+0000 | INFO     | roostoo.api | API_REQUEST_START | method=GET | label=ticker:BTC/USD | path=/v3/ticker
2026-10-06 03:52:41+0000 | INFO     | roostoo.api | API_REQUEST_OK | method=GET | label=ticker:BTC/USD | elapsed_ms=185
2026-10-06 03:52:41+0000 | INFO     | bot | LOOP_COMPLETE | elapsed_ms=1433
2026-10-06 03:53:40+0000 | INFO     | roostoo.api | API_REQUEST_START | method=GET | label=ticker:TRX/USD | path=/v3/ticker
2026-10-06 03:53:40+0000 | INFO     | roostoo.api | API_REQUEST_OK | method=GET | label=ticker:TRX/USD | elapsed_ms=173
2026-10-06 03:53:40+0000 | INFO     | roostoo.api | API_REQUEST_START | method=GET | label=ticker:AVAX/USD | path=/v3/ticker
2026-10-06 03:53:40+0000 | INFO     | roostoo.api | API_REQUEST_OK | method=GET | label=ticker:AVAX/USD | elapsed_ms=184
2026-10-06 03:53:40+0000 | INFO     | roostoo.api | API_REQUEST_START | method=GET | label=ticker:DOT/USD | path=/v3/ticker
2026-10-06 03:53:40+0000 | INFO     | roostoo.api | API_REQUEST_OK | method=GET | label=ticker:DOT/USD | elapsed_ms=173
2026-10-06 03:53:40+0000 | INFO     | roostoo.api | API_REQUEST_START | method=GET | label=ticker:BNB/USD | path=/v3/ticker
2026-10-06 03:53:40+0000 | INFO     | roostoo.api | API_REQUEST_OK | method=GET | label=ticker:BNB/USD | elapsed_ms=172
2026-10-06 03:53:40+0000 | INFO     | roostoo.api | API_REQUEST_START | method=GET | label=ticker:SUI/USD | path=/v3/ticker
2026-10-06 03:53:41+0000 | INFO     | roostoo.api | API_REQUEST_OK | method=GET | label=ticker:SUI/USD | elapsed_ms=503
2026-10-06 03:53:41+0000 | INFO     | roostoo.api | API_REQUEST_START | method=GET | label=ticker:BTC/USD | path=/v3/ticker
2026-10-06 03:53:41+0000 | INFO     | roostoo.api | API_REQUEST_OK | method=GET | label=ticker:BTC/USD | elapsed_ms=543
2026-10-06 03:53:41+0000 | INFO     | bot | LOOP_COMPLETE | elapsed_ms=1787
2026-10-06 03:54:40+0000 | INFO     | roostoo.api | API_REQUEST_START | method=GET | label=ticker:TRX/USD | path=/v3/ticker
2026-10-06 03:54:40+0000 | INFO     | roostoo.api | API_REQUEST_OK | method=GET | label=ticker:TRX/USD | elapsed_ms=187
2026-10-06 03:54:40+0000 | INFO     | roostoo.api | API_REQUEST_START | method=GET | label=ticker:AVAX/USD | path=/v3/ticker
2026-10-06 03:54:40+0000 | INFO     | roostoo.api | API_REQUEST_OK | method=GET | label=ticker:AVAX/USD | elapsed_ms=186
2026-10-06 03:54:40+0000 | INFO     | roostoo.api | API_REQUEST_START | method=GET | label=ticker:DOT/USD | path=/v3/ticker
2026-10-06 03:54:40+0000 | INFO     | roostoo.api | API_REQUEST_OK | method=GET | label=ticker:DOT/USD | elapsed_ms=172
2026-10-06 03:54:40+0000 | INFO     | roostoo.api | API_REQUEST_START | method=GET | label=ticker:BNB/USD | path=/v3/ticker
2026-10-06 03:54:40+0000 | INFO     | roostoo.api | API_REQUEST_OK | method=GET | label=ticker:BNB/USD | elapsed_ms=184
2026-10-06 03:54:40+0000 | INFO     | roostoo.api | API_REQUEST_START | method=GET | label=ticker:SUI/USD | path=/v3/ticker
2026-10-06 03:54:41+0000 | INFO     | roostoo.api | API_REQUEST_OK | method=GET | label=ticker:SUI/USD | elapsed_ms=173
2026-10-06 03:54:41+0000 | INFO     | roostoo.api | API_REQUEST_START | method=GET | label=server_time | path=/v3/serverTime
2026-10-06 03:54:41+0000 | INFO     | roostoo.api | API_REQUEST_OK | method=GET | label=server_time | elapsed_ms=171
2026-10-06 03:54:41+0000 | INFO     | roostoo.api | SERVER_TIME_SYNC | offset_ms=87
2026-10-06 03:54:41+0000 | INFO     | roostoo.api | API_REQUEST_START | method=GET | label=ticker:BTC/USD | path=/v3/ticker
2026-10-06 03:54:41+0000 | INFO     | roostoo.api | API_REQUEST_OK | method=GET | label=ticker:BTC/USD | elapsed_ms=171
2026-10-06 03:54:41+0000 | INFO     | bot | LOOP_COMPLETE | elapsed_ms=1287
2026-10-06 03:55:40+0000 | INFO     | roostoo.api | API_REQUEST_START | method=GET | label=ticker:TRX/USD | path=/v3/ticker
2026-10-06 03:55:40+0000 | INFO     | roostoo.api | API_REQUEST_OK | method=GET | label=ticker:TRX/USD | elapsed_ms=173
2026-10-06 03:55:40+0000 | INFO     | roostoo.api | API_REQUEST_START | method=GET | label=ticker:AVAX/USD | path=/v3/ticker
2026-10-06 03:55:40+0000 | INFO     | roostoo.api | API_REQUEST_OK | method=GET | label=ticker:AVAX/USD | elapsed_ms=269
2026-10-06 03:55:40+0000 | INFO     | roostoo.api | API_REQUEST_START | method=GET | label=ticker:DOT/USD | path=/v3/ticker
2026-10-06 03:55:40+0000 | INFO     | roostoo.api | API_REQUEST_OK | method=GET | label=ticker:DOT/USD | elapsed_ms=173
2026-10-06 03:55:40+0000 | INFO     | roostoo.api | API_REQUEST_START | method=GET | label=ticker:BNB/USD | path=/v3/ticker
2026-10-06 03:55:40+0000 | INFO     | roostoo.api | API_REQUEST_OK | method=GET | label=ticker:BNB/USD | elapsed_ms=173
2026-10-06 03:55:40+0000 | INFO     | roostoo.api | API_REQUEST_START | method=GET | label=ticker:SUI/USD | path=/v3/ticker
2026-10-06 03:55:41+0000 | INFO     | roostoo.api | API_REQUEST_OK | method=GET | label=ticker:SUI/USD | elapsed_ms=542
2026-10-06 03:55:41+0000 | INFO     | roostoo.api | API_REQUEST_START | method=GET | label=ticker:BTC/USD | path=/v3/ticker
2026-10-06 03:55:41+0000 | INFO     | roostoo.api | API_REQUEST_OK | method=GET | label=ticker:BTC/USD | elapsed_ms=185
2026-10-06 03:55:41+0000 | INFO     | bot | LOOP_COMPLETE | elapsed_ms=1555
2026-10-06 03:56:40+0000 | INFO     | roostoo.api | API_REQUEST_START | method=GET | label=ticker:TRX/USD | path=/v3/ticker
2026-10-06 03:56:40+0000 | INFO     | roostoo.api | API_REQUEST_OK | method=GET | label=ticker:TRX/USD | elapsed_ms=175
2026-10-06 03:56:40+0000 | INFO     | roostoo.api | API_REQUEST_START | method=GET | label=ticker:AVAX/USD | path=/v3/ticker
2026-10-06 03:56:40+0000 | INFO     | roostoo.api | API_REQUEST_OK | method=GET | label=ticker:AVAX/USD | elapsed_ms=173
2026-10-06 03:56:40+0000 | INFO     | roostoo.api | API_REQUEST_START | method=GET | label=ticker:DOT/USD | path=/v3/ticker
2026-10-06 03:56:40+0000 | INFO     | roostoo.api | API_REQUEST_OK | method=GET | label=ticker:DOT/USD | elapsed_ms=172
2026-10-06 03:56:40+0000 | INFO     | roostoo.api | API_REQUEST_START | method=GET | label=ticker:BNB/USD | path=/v3/ticker
2026-10-06 03:56:40+0000 | INFO     | roostoo.api | API_REQUEST_OK | method=GET | label=ticker:BNB/USD | elapsed_ms=187
2026-10-06 03:56:40+0000 | INFO     | roostoo.api | API_REQUEST_START | method=GET | label=ticker:SUI/USD | path=/v3/ticker
2026-10-06 03:56:41+0000 | INFO     | roostoo.api | API_REQUEST_OK | method=GET | label=ticker:SUI/USD | elapsed_ms=173
2026-10-06 03:56:41+0000 | INFO     | roostoo.api | API_REQUEST_START | method=GET | label=ticker:BTC/USD | path=/v3/ticker
2026-10-06 03:56:41+0000 | INFO     | roostoo.api | API_REQUEST_OK | method=GET | label=ticker:BTC/USD | elapsed_ms=171
2026-10-06 03:56:41+0000 | INFO     | bot | LOOP_COMPLETE | elapsed_ms=1093
2026-10-06 03:57:40+0000 | INFO     | roostoo.api | API_REQUEST_START | method=GET | label=ticker:TRX/USD | path=/v3/ticker
2026-10-06 03:57:40+0000 | INFO     | roostoo.api | API_REQUEST_OK | method=GET | label=ticker:TRX/USD | elapsed_ms=173
2026-10-06 03:57:40+0000 | INFO     | roostoo.api | API_REQUEST_START | method=GET | label=ticker:AVAX/USD | path=/v3/ticker
2026-10-06 03:57:40+0000 | INFO     | roostoo.api | API_REQUEST_OK | method=GET | label=ticker:AVAX/USD | elapsed_ms=171
2026-10-06 03:57:40+0000 | INFO     | roostoo.api | API_REQUEST_START | method=GET | label=ticker:DOT/USD | path=/v3/ticker
2026-10-06 03:57:40+0000 | INFO     | roostoo.api | API_REQUEST_OK | method=GET | label=ticker:DOT/USD | elapsed_ms=175
2026-10-06 03:57:40+0000 | INFO     | roostoo.api | API_REQUEST_START | method=GET | label=ticker:BNB/USD | path=/v3/ticker
2026-10-06 03:57:40+0000 | INFO     | roostoo.api | API_REQUEST_OK | method=GET | label=ticker:BNB/USD | elapsed_ms=172
2026-10-06 03:57:40+0000 | INFO     | roostoo.api | API_REQUEST_START | method=GET | label=ticker:SUI/USD | path=/v3/ticker
2026-10-06 03:57:41+0000 | INFO     | roostoo.api | API_REQUEST_OK | method=GET | label=ticker:SUI/USD | elapsed_ms=172
2026-10-06 03:57:41+0000 | INFO     | roostoo.api | API_REQUEST_START | method=GET | label=ticker:BTC/USD | path=/v3/ticker
2026-10-06 03:57:41+0000 | INFO     | roostoo.api | API_REQUEST_OK | method=GET | label=ticker:BTC/USD | elapsed_ms=174
2026-10-06 03:57:41+0000 | INFO     | bot | LOOP_COMPLETE | elapsed_ms=1088
2026-10-06 03:58:40+0000 | INFO     | roostoo.api | API_REQUEST_START | method=GET | label=ticker:TRX/USD | path=/v3/ticker
2026-10-06 03:58:40+0000 | INFO     | roostoo.api | API_REQUEST_OK | method=GET | label=ticker:TRX/USD | elapsed_ms=173
2026-10-06 03:58:40+0000 | INFO     | roostoo.api | API_REQUEST_START | method=GET | label=ticker:AVAX/USD | path=/v3/ticker
2026-10-06 03:58:40+0000 | INFO     | roostoo.api | API_REQUEST_OK | method=GET | label=ticker:AVAX/USD | elapsed_ms=172
2026-10-06 03:58:40+0000 | INFO     | roostoo.api | API_REQUEST_START | method=GET | label=ticker:DOT/USD | path=/v3/ticker
2026-10-06 03:58:40+0000 | INFO     | roostoo.api | API_REQUEST_OK | method=GET | label=ticker:DOT/USD | elapsed_ms=171
2026-10-06 03:58:40+0000 | INFO     | roostoo.api | API_REQUEST_START | method=GET | label=ticker:BNB/USD | path=/v3/ticker
2026-10-06 03:58:40+0000 | INFO     | roostoo.api | API_REQUEST_OK | method=GET | label=ticker:BNB/USD | elapsed_ms=172
2026-10-06 03:58:40+0000 | INFO     | roostoo.api | API_REQUEST_START | method=GET | label=ticker:SUI/USD | path=/v3/ticker
2026-10-06 03:58:41+0000 | INFO     | roostoo.api | API_REQUEST_OK | method=GET | label=ticker:SUI/USD | elapsed_ms=172
2026-10-06 03:58:41+0000 | INFO     | roostoo.api | API_REQUEST_START | method=GET | label=ticker:BTC/USD | path=/v3/ticker
2026-10-06 03:58:41+0000 | INFO     | roostoo.api | API_REQUEST_OK | method=GET | label=ticker:BTC/USD | elapsed_ms=542
2026-10-06 03:58:41+0000 | INFO     | bot | LOOP_COMPLETE | elapsed_ms=1445
2026-10-06 03:59:40+0000 | INFO     | roostoo.api | API_REQUEST_START | method=GET | label=ticker:TRX/USD | path=/v3/ticker
2026-10-06 03:59:40+0000 | INFO     | roostoo.api | API_REQUEST_OK | method=GET | label=ticker:TRX/USD | elapsed_ms=172
2026-10-06 03:59:40+0000 | INFO     | roostoo.api | API_REQUEST_START | method=GET | label=ticker:AVAX/USD | path=/v3/ticker
2026-10-06 03:59:40+0000 | INFO     | roostoo.api | API_REQUEST_OK | method=GET | label=ticker:AVAX/USD | elapsed_ms=172
2026-10-06 03:59:40+0000 | INFO     | roostoo.api | API_REQUEST_START | method=GET | label=ticker:DOT/USD | path=/v3/ticker
2026-10-06 03:59:40+0000 | INFO     | roostoo.api | API_REQUEST_OK | method=GET | label=ticker:DOT/USD | elapsed_ms=185
2026-10-06 03:59:40+0000 | INFO     | roostoo.api | API_REQUEST_START | method=GET | label=ticker:BNB/USD | path=/v3/ticker
2026-10-06 03:59:40+0000 | INFO     | roostoo.api | API_REQUEST_OK | method=GET | label=ticker:BNB/USD | elapsed_ms=189
2026-10-06 03:59:40+0000 | INFO     | roostoo.api | API_REQUEST_START | method=GET | label=ticker:SUI/USD | path=/v3/ticker
2026-10-06 03:59:41+0000 | INFO     | roostoo.api | API_REQUEST_OK | method=GET | label=ticker:SUI/USD | elapsed_ms=503
2026-10-06 03:59:41+0000 | INFO     | roostoo.api | API_REQUEST_START | method=GET | label=server_time | path=/v3/serverTime
2026-10-06 03:59:41+0000 | INFO     | roostoo.api | API_REQUEST_OK | method=GET | label=server_time | elapsed_ms=187
2026-10-06 03:59:41+0000 | INFO     | roostoo.api | SERVER_TIME_SYNC | offset_ms=102
2026-10-06 03:59:41+0000 | INFO     | roostoo.api | API_REQUEST_START | method=GET | label=ticker:BTC/USD | path=/v3/ticker
2026-10-06 03:59:42+0000 | INFO     | roostoo.api | API_REQUEST_OK | method=GET | label=ticker:BTC/USD | elapsed_ms=502
2026-10-06 03:59:42+0000 | INFO     | bot | LOOP_COMPLETE | elapsed_ms=1950
2026-10-06 04:00:40+0000 | INFO     | roostoo.api | API_REQUEST_START | method=GET | label=ticker:TRX/USD | path=/v3/ticker
2026-10-06 04:00:40+0000 | INFO     | roostoo.api | API_REQUEST_OK | method=GET | label=ticker:TRX/USD | elapsed_ms=199
2026-10-06 04:00:40+0000 | INFO     | bot | SIGNAL_CANDLE | pair=TRX/USD | candle=1791255600000 | signal=0 | fast=0.33606506 | slow=0.33593994
2026-10-06 04:00:40+0000 | WARNING  | bot | SIGNAL_EXECUTION | pair=TRX/USD | signal_candle=1791255600000 | execution_hour=1791259200000 | price=0.3357 | action=HOLD | reason=NONE | fast=0.33606506 | slow=0.33593994
2026-10-06 04:00:40+0000 | INFO     | roostoo.api | API_REQUEST_START | method=GET | label=ticker:AVAX/USD | path=/v3/ticker
2026-10-06 04:00:40+0000 | INFO     | roostoo.api | API_REQUEST_OK | method=GET | label=ticker:AVAX/USD | elapsed_ms=186
2026-10-06 04:00:40+0000 | INFO     | bot | SIGNAL_CANDLE | pair=AVAX/USD | candle=1791255600000 | signal=0 | fast=11.02913646 | slow=11.02033664
2026-10-06 04:00:40+0000 | WARNING  | bot | SIGNAL_EXECUTION | pair=AVAX/USD | signal_candle=1791255600000 | execution_hour=1791259200000 | price=11.198 | action=HOLD | reason=NONE | fast=11.02913646 | slow=11.02033664
2026-10-06 04:00:40+0000 | INFO     | roostoo.api | API_REQUEST_START | method=GET | label=ticker:DOT/USD | path=/v3/ticker
2026-10-06 04:00:40+0000 | INFO     | roostoo.api | API_REQUEST_OK | method=GET | label=ticker:DOT/USD | elapsed_ms=172
2026-10-06 04:00:40+0000 | INFO     | bot | SIGNAL_CANDLE | pair=DOT/USD | candle=1791255600000 | signal=0 | fast=1.21218911 | slow=1.20667822
2026-10-06 04:00:40+0000 | WARNING  | bot | SIGNAL_EXECUTION | pair=DOT/USD | signal_candle=1791255600000 | execution_hour=1791259200000 | price=1.225 | action=HOLD | reason=NONE | fast=1.21218911 | slow=1.20667822
2026-10-06 04:00:40+0000 | INFO     | roostoo.api | API_REQUEST_START | method=GET | label=ticker:BNB/USD | path=/v3/ticker
2026-10-06 04:00:40+0000 | INFO     | roostoo.api | API_REQUEST_OK | method=GET | label=ticker:BNB/USD | elapsed_ms=186
2026-10-06 04:00:40+0000 | INFO     | bot | SIGNAL_CANDLE | pair=BNB/USD | candle=1791255600000 | signal=0 | fast=787.29549352 | slow=785.93945545
2026-10-06 04:00:40+0000 | WARNING  | bot | SIGNAL_EXECUTION | pair=BNB/USD | signal_candle=1791255600000 | execution_hour=1791259200000 | price=780.97 | action=HOLD | reason=NONE | fast=787.29549352 | slow=785.93945545
2026-10-06 04:00:40+0000 | INFO     | roostoo.api | API_REQUEST_START | method=GET | label=ticker:SUI/USD | path=/v3/ticker
2026-10-06 04:00:41+0000 | INFO     | roostoo.api | API_REQUEST_OK | method=GET | label=ticker:SUI/USD | elapsed_ms=173
2026-10-06 04:00:41+0000 | INFO     | bot | SIGNAL_CANDLE | pair=SUI/USD | candle=1791255600000 | signal=0 | fast=1.20725977 | slow=1.20193919
2026-10-06 04:00:41+0000 | WARNING  | bot | SIGNAL_EXECUTION | pair=SUI/USD | signal_candle=1791255600000 | execution_hour=1791259200000 | price=1.1888 | action=HOLD | reason=NONE | fast=1.20725977 | slow=1.20193919
2026-10-06 04:00:41+0000 | INFO     | roostoo.api | API_REQUEST_START | method=GET | label=ticker:BTC/USD | path=/v3/ticker
2026-10-06 04:00:41+0000 | INFO     | roostoo.api | API_REQUEST_OK | method=GET | label=ticker:BTC/USD | elapsed_ms=204
2026-10-06 04:00:41+0000 | INFO     | bot | SIGNAL_CANDLE | pair=BTC/USD | candle=1791255600000 | signal=0 | fast=85710.44781162 | slow=85555.00834301
2026-10-06 04:00:41+0000 | WARNING  | bot | SIGNAL_EXECUTION | pair=BTC/USD | signal_candle=1791255600000 | execution_hour=1791259200000 | price=85536 | action=HOLD | reason=NONE | fast=85710.44781162 | slow=85555.00834301
2026-10-06 04:00:41+0000 | INFO     | bot | LOOP_COMPLETE | elapsed_ms=1196
2026-10-06 04:01:40+0000 | INFO     | roostoo.api | API_REQUEST_START | method=GET | label=ticker:TRX/USD | path=/v3/ticker
2026-10-06 04:01:40+0000 | INFO     | roostoo.api | API_REQUEST_OK | method=GET | label=ticker:TRX/USD | elapsed_ms=187
2026-10-06 04:01:40+0000 | INFO     | roostoo.api | API_REQUEST_START | method=GET | label=ticker:AVAX/USD | path=/v3/ticker
2026-10-06 04:01:40+0000 | INFO     | roostoo.api | API_REQUEST_OK | method=GET | label=ticker:AVAX/USD | elapsed_ms=171
2026-10-06 04:01:40+0000 | INFO     | roostoo.api | API_REQUEST_START | method=GET | label=ticker:DOT/USD | path=/v3/ticker
2026-10-06 04:01:40+0000 | INFO     | roostoo.api | API_REQUEST_OK | method=GET | label=ticker:DOT/USD | elapsed_ms=185
2026-10-06 04:01:40+0000 | INFO     | roostoo.api | API_REQUEST_START | method=GET | label=ticker:BNB/USD | path=/v3/ticker
2026-10-06 04:01:40+0000 | INFO     | roostoo.api | API_REQUEST_OK | method=GET | label=ticker:BNB/USD | elapsed_ms=187
2026-10-06 04:01:40+0000 | INFO     | roostoo.api | API_REQUEST_START | method=GET | label=ticker:SUI/USD | path=/v3/ticker
2026-10-06 04:01:41+0000 | INFO     | roostoo.api | API_REQUEST_OK | method=GET | label=ticker:SUI/USD | elapsed_ms=186
2026-10-06 04:01:41+0000 | INFO     | roostoo.api | API_REQUEST_START | method=GET | label=ticker:BTC/USD | path=/v3/ticker
2026-10-06 04:01:41+0000 | INFO     | roostoo.api | API_REQUEST_OK | method=GET | label=ticker:BTC/USD | elapsed_ms=503
2026-10-06 04:01:41+0000 | INFO     | bot | LOOP_COMPLETE | elapsed_ms=1463
2026-10-06 04:02:40+0000 | INFO     | roostoo.api | API_REQUEST_START | method=GET | label=ticker:TRX/USD | path=/v3/ticker
2026-10-06 04:02:40+0000 | INFO     | roostoo.api | API_REQUEST_OK | method=GET | label=ticker:TRX/USD | elapsed_ms=319
2026-10-06 04:02:40+0000 | INFO     | roostoo.api | API_REQUEST_START | method=GET | label=ticker:AVAX/USD | path=/v3/ticker
2026-10-06 04:02:40+0000 | INFO     | roostoo.api | API_REQUEST_OK | method=GET | label=ticker:AVAX/USD | elapsed_ms=174
2026-10-06 04:02:40+0000 | INFO     | roostoo.api | API_REQUEST_START | method=GET | label=ticker:DOT/USD | path=/v3/ticker
2026-10-06 04:02:40+0000 | INFO     | roostoo.api | API_REQUEST_OK | method=GET | label=ticker:DOT/USD | elapsed_ms=172
2026-10-06 04:02:40+0000 | INFO     | roostoo.api | API_REQUEST_START | method=GET | label=ticker:BNB/USD | path=/v3/ticker
2026-10-06 04:02:40+0000 | INFO     | roostoo.api | API_REQUEST_OK | method=GET | label=ticker:BNB/USD | elapsed_ms=173
2026-10-06 04:02:40+0000 | INFO     | roostoo.api | API_REQUEST_START | method=GET | label=ticker:SUI/USD | path=/v3/ticker
2026-10-06 04:02:41+0000 | INFO     | roostoo.api | API_REQUEST_OK | method=GET | label=ticker:SUI/USD | elapsed_ms=172
2026-10-06 04:02:41+0000 | INFO     | roostoo.api | API_REQUEST_START | method=GET | label=ticker:BTC/USD | path=/v3/ticker
2026-10-06 04:02:41+0000 | INFO     | roostoo.api | API_REQUEST_OK | method=GET | label=ticker:BTC/USD | elapsed_ms=171
2026-10-06 04:02:41+0000 | INFO     | bot | LOOP_COMPLETE | elapsed_ms=1220
2026-10-06 04:03:40+0000 | INFO     | roostoo.api | API_REQUEST_START | method=GET | label=ticker:TRX/USD | path=/v3/ticker
2026-10-06 04:03:40+0000 | INFO     | roostoo.api | API_REQUEST_OK | method=GET | label=ticker:TRX/USD | elapsed_ms=186
2026-10-06 04:03:40+0000 | INFO     | roostoo.api | API_REQUEST_START | method=GET | label=ticker:AVAX/USD | path=/v3/ticker
2026-10-06 04:03:40+0000 | INFO     | roostoo.api | API_REQUEST_OK | method=GET | label=ticker:AVAX/USD | elapsed_ms=186
2026-10-06 04:03:40+0000 | INFO     | roostoo.api | API_REQUEST_START | method=GET | label=ticker:DOT/USD | path=/v3/ticker
2026-10-06 04:03:40+0000 | INFO     | roostoo.api | API_REQUEST_OK | method=GET | label=ticker:DOT/USD | elapsed_ms=185
2026-10-06 04:03:40+0000 | INFO     | roostoo.api | API_REQUEST_START | method=GET | label=ticker:BNB/USD | path=/v3/ticker
2026-10-06 04:03:40+0000 | INFO     | roostoo.api | API_REQUEST_OK | method=GET | label=ticker:BNB/USD | elapsed_ms=186
2026-10-06 04:03:40+0000 | INFO     | roostoo.api | API_REQUEST_START | method=GET | label=ticker:SUI/USD | path=/v3/ticker
2026-10-06 04:03:41+0000 | INFO     | roostoo.api | API_REQUEST_OK | method=GET | label=ticker:SUI/USD | elapsed_ms=172
2026-10-06 04:03:41+0000 | INFO     | roostoo.api | API_REQUEST_START | method=GET | label=ticker:BTC/USD | path=/v3/ticker
2026-10-06 04:03:41+0000 | INFO     | roostoo.api | API_REQUEST_OK | method=GET | label=ticker:BTC/USD | elapsed_ms=172
2026-10-06 04:03:41+0000 | INFO     | bot | LOOP_COMPLETE | elapsed_ms=1129
2026-10-06 04:04:40+0000 | INFO     | roostoo.api | API_REQUEST_START | method=GET | label=ticker:TRX/USD | path=/v3/ticker
2026-10-06 04:04:40+0000 | INFO     | roostoo.api | API_REQUEST_OK | method=GET | label=ticker:TRX/USD | elapsed_ms=186
2026-10-06 04:04:40+0000 | INFO     | roostoo.api | API_REQUEST_START | method=GET | label=ticker:AVAX/USD | path=/v3/ticker
2026-10-06 04:04:40+0000 | INFO     | roostoo.api | API_REQUEST_OK | method=GET | label=ticker:AVAX/USD | elapsed_ms=186
2026-10-06 04:04:40+0000 | INFO     | roostoo.api | API_REQUEST_START | method=GET | label=ticker:DOT/USD | path=/v3/ticker
2026-10-06 04:04:40+0000 | INFO     | roostoo.api | API_REQUEST_OK | method=GET | label=ticker:DOT/USD | elapsed_ms=185
2026-10-06 04:04:40+0000 | INFO     | roostoo.api | API_REQUEST_START | method=GET | label=ticker:BNB/USD | path=/v3/ticker
2026-10-06 04:04:40+0000 | INFO     | roostoo.api | API_REQUEST_OK | method=GET | label=ticker:BNB/USD | elapsed_ms=186
2026-10-06 04:04:40+0000 | INFO     | roostoo.api | API_REQUEST_START | method=GET | label=ticker:SUI/USD | path=/v3/ticker
2026-10-06 04:04:41+0000 | INFO     | roostoo.api | API_REQUEST_OK | method=GET | label=ticker:SUI/USD | elapsed_ms=186
2026-10-06 04:04:41+0000 | INFO     | roostoo.api | API_REQUEST_START | method=GET | label=ticker:BTC/USD | path=/v3/ticker
2026-10-06 04:04:41+0000 | INFO     | roostoo.api | API_REQUEST_OK | method=GET | label=ticker:BTC/USD | elapsed_ms=184
2026-10-06 04:04:41+0000 | INFO     | bot | LOOP_COMPLETE | elapsed_ms=1158
2026-10-06 04:05:40+0000 | INFO     | roostoo.api | API_REQUEST_START | method=GET | label=server_time | path=/v3/serverTime
2026-10-06 04:05:40+0000 | INFO     | roostoo.api | API_REQUEST_OK | method=GET | label=server_time | elapsed_ms=188
2026-10-06 04:05:40+0000 | INFO     | roostoo.api | SERVER_TIME_SYNC | offset_ms=103
2026-10-06 04:05:40+0000 | INFO     | roostoo.api | API_REQUEST_START | method=GET | label=ticker:TRX/USD | path=/v3/ticker
2026-10-06 04:05:40+0000 | INFO     | roostoo.api | API_REQUEST_OK | method=GET | label=ticker:TRX/USD | elapsed_ms=186
2026-10-06 04:05:40+0000 | INFO     | roostoo.api | API_REQUEST_START | method=GET | label=ticker:AVAX/USD | path=/v3/ticker
2026-10-06 04:05:40+0000 | INFO     | roostoo.api | API_REQUEST_OK | method=GET | label=ticker:AVAX/USD | elapsed_ms=173
2026-10-06 04:05:40+0000 | INFO     | roostoo.api | API_REQUEST_START | method=GET | label=ticker:DOT/USD | path=/v3/ticker
2026-10-06 04:05:40+0000 | INFO     | roostoo.api | API_REQUEST_OK | method=GET | label=ticker:DOT/USD | elapsed_ms=185
2026-10-06 04:05:40+0000 | INFO     | roostoo.api | API_REQUEST_START | method=GET | label=ticker:BNB/USD | path=/v3/ticker
2026-10-06 04:05:41+0000 | INFO     | roostoo.api | API_REQUEST_OK | method=GET | label=ticker:BNB/USD | elapsed_ms=186
2026-10-06 04:05:41+0000 | INFO     | roostoo.api | API_REQUEST_START | method=GET | label=ticker:SUI/USD | path=/v3/ticker
2026-10-06 04:05:41+0000 | INFO     | roostoo.api | API_REQUEST_OK | method=GET | label=ticker:SUI/USD | elapsed_ms=543
2026-10-06 04:05:41+0000 | INFO     | roostoo.api | API_REQUEST_START | method=GET | label=ticker:BTC/USD | path=/v3/ticker
2026-10-06 04:05:41+0000 | INFO     | roostoo.api | API_REQUEST_OK | method=GET | label=ticker:BTC/USD | elapsed_ms=184
2026-10-06 04:05:41+0000 | INFO     | bot | LOOP_COMPLETE | elapsed_ms=1686
2026-10-06 04:06:40+0000 | INFO     | roostoo.api | API_REQUEST_START | method=GET | label=ticker:TRX/USD | path=/v3/ticker
2026-10-06 04:06:40+0000 | INFO     | roostoo.api | API_REQUEST_OK | method=GET | label=ticker:TRX/USD | elapsed_ms=186
2026-10-06 04:06:40+0000 | INFO     | roostoo.api | API_REQUEST_START | method=GET | label=ticker:AVAX/USD | path=/v3/ticker
2026-10-06 04:06:40+0000 | INFO     | roostoo.api | API_REQUEST_OK | method=GET | label=ticker:AVAX/USD | elapsed_ms=185
2026-10-06 04:06:40+0000 | INFO     | roostoo.api | API_REQUEST_START | method=GET | label=ticker:DOT/USD | path=/v3/ticker
2026-10-06 04:06:40+0000 | INFO     | roostoo.api | API_REQUEST_OK | method=GET | label=ticker:DOT/USD | elapsed_ms=172
2026-10-06 04:06:40+0000 | INFO     | roostoo.api | API_REQUEST_START | method=GET | label=ticker:BNB/USD | path=/v3/ticker
2026-10-06 04:06:40+0000 | INFO     | roostoo.api | API_REQUEST_OK | method=GET | label=ticker:BNB/USD | elapsed_ms=305
2026-10-06 04:06:40+0000 | INFO     | roostoo.api | API_REQUEST_START | method=GET | label=ticker:SUI/USD | path=/v3/ticker
2026-10-06 04:06:41+0000 | INFO     | roostoo.api | API_REQUEST_OK | method=GET | label=ticker:SUI/USD | elapsed_ms=503
2026-10-06 04:06:41+0000 | INFO     | roostoo.api | API_REQUEST_START | method=GET | label=ticker:BTC/USD | path=/v3/ticker
2026-10-06 04:06:41+0000 | INFO     | roostoo.api | API_REQUEST_OK | method=GET | label=ticker:BTC/USD | elapsed_ms=185
2026-10-06 04:06:41+0000 | INFO     | bot | LOOP_COMPLETE | elapsed_ms=1577
2026-10-06 04:07:40+0000 | INFO     | roostoo.api | API_REQUEST_START | method=GET | label=ticker:TRX/USD | path=/v3/ticker
2026-10-06 04:07:40+0000 | INFO     | roostoo.api | API_REQUEST_OK | method=GET | label=ticker:TRX/USD | elapsed_ms=187
2026-10-06 04:07:40+0000 | INFO     | roostoo.api | API_REQUEST_START | method=GET | label=ticker:AVAX/USD | path=/v3/ticker
2026-10-06 04:07:40+0000 | INFO     | roostoo.api | API_REQUEST_OK | method=GET | label=ticker:AVAX/USD | elapsed_ms=187
2026-10-06 04:07:40+0000 | INFO     | roostoo.api | API_REQUEST_START | method=GET | label=ticker:DOT/USD | path=/v3/ticker
2026-10-06 04:07:41+0000 | INFO     | roostoo.api | API_REQUEST_OK | method=GET | label=ticker:DOT/USD | elapsed_ms=546
2026-10-06 04:07:41+0000 | INFO     | roostoo.api | API_REQUEST_START | method=GET | label=ticker:BNB/USD | path=/v3/ticker
2026-10-06 04:07:41+0000 | INFO     | roostoo.api | API_REQUEST_OK | method=GET | label=ticker:BNB/USD | elapsed_ms=186
2026-10-06 04:07:41+0000 | INFO     | roostoo.api | API_REQUEST_START | method=GET | label=ticker:SUI/USD | path=/v3/ticker
2026-10-06 04:07:41+0000 | INFO     | roostoo.api | API_REQUEST_OK | method=GET | label=ticker:SUI/USD | elapsed_ms=172
2026-10-06 04:07:41+0000 | INFO     | roostoo.api | API_REQUEST_START | method=GET | label=ticker:BTC/USD | path=/v3/ticker
2026-10-06 04:07:41+0000 | INFO     | roostoo.api | API_REQUEST_OK | method=GET | label=ticker:BTC/USD | elapsed_ms=185
2026-10-06 04:07:41+0000 | INFO     | bot | LOOP_COMPLETE | elapsed_ms=1519
2026-10-06 04:08:40+0000 | INFO     | roostoo.api | API_REQUEST_START | method=GET | label=ticker:TRX/USD | path=/v3/ticker
2026-10-06 04:08:40+0000 | INFO     | roostoo.api | API_REQUEST_OK | method=GET | label=ticker:TRX/USD | elapsed_ms=175
2026-10-06 04:08:40+0000 | INFO     | roostoo.api | API_REQUEST_START | method=GET | label=ticker:AVAX/USD | path=/v3/ticker
2026-10-06 04:08:40+0000 | INFO     | roostoo.api | API_REQUEST_OK | method=GET | label=ticker:AVAX/USD | elapsed_ms=174
2026-10-06 04:08:40+0000 | INFO     | roostoo.api | API_REQUEST_START | method=GET | label=ticker:DOT/USD | path=/v3/ticker
2026-10-06 04:08:40+0000 | INFO     | roostoo.api | API_REQUEST_OK | method=GET | label=ticker:DOT/USD | elapsed_ms=186
2026-10-06 04:08:40+0000 | INFO     | roostoo.api | API_REQUEST_START | method=GET | label=ticker:BNB/USD | path=/v3/ticker
2026-10-06 04:08:40+0000 | INFO     | roostoo.api | API_REQUEST_OK | method=GET | label=ticker:BNB/USD | elapsed_ms=186
2026-10-06 04:08:40+0000 | INFO     | roostoo.api | API_REQUEST_START | method=GET | label=ticker:SUI/USD | path=/v3/ticker
2026-10-06 04:08:41+0000 | INFO     | roostoo.api | API_REQUEST_OK | method=GET | label=ticker:SUI/USD | elapsed_ms=208
2026-10-06 04:08:41+0000 | INFO     | roostoo.api | API_REQUEST_START | method=GET | label=ticker:BTC/USD | path=/v3/ticker
2026-10-06 04:08:41+0000 | INFO     | roostoo.api | API_REQUEST_OK | method=GET | label=ticker:BTC/USD | elapsed_ms=190
2026-10-06 04:08:41+0000 | INFO     | bot | LOOP_COMPLETE | elapsed_ms=1171
2026-10-06 04:09:40+0000 | INFO     | roostoo.api | API_REQUEST_START | method=GET | label=ticker:TRX/USD | path=/v3/ticker
2026-10-06 04:09:40+0000 | INFO     | roostoo.api | API_REQUEST_OK | method=GET | label=ticker:TRX/USD | elapsed_ms=171
2026-10-06 04:09:40+0000 | INFO     | roostoo.api | API_REQUEST_START | method=GET | label=ticker:AVAX/USD | path=/v3/ticker
2026-10-06 04:09:40+0000 | INFO     | roostoo.api | API_REQUEST_OK | method=GET | label=ticker:AVAX/USD | elapsed_ms=308
2026-10-06 04:09:40+0000 | INFO     | roostoo.api | API_REQUEST_START | method=GET | label=ticker:DOT/USD | path=/v3/ticker
2026-10-06 04:09:40+0000 | INFO     | roostoo.api | API_REQUEST_OK | method=GET | label=ticker:DOT/USD | elapsed_ms=173
2026-10-06 04:09:40+0000 | INFO     | roostoo.api | API_REQUEST_START | method=GET | label=ticker:BNB/USD | path=/v3/ticker
2026-10-06 04:09:40+0000 | INFO     | roostoo.api | API_REQUEST_OK | method=GET | label=ticker:BNB/USD | elapsed_ms=186
2026-10-06 04:09:40+0000 | INFO     | roostoo.api | API_REQUEST_START | method=GET | label=ticker:SUI/USD | path=/v3/ticker
2026-10-06 04:09:41+0000 | INFO     | roostoo.api | API_REQUEST_OK | method=GET | label=ticker:SUI/USD | elapsed_ms=541
2026-10-06 04:09:41+0000 | INFO     | roostoo.api | API_REQUEST_START | method=GET | label=ticker:BTC/USD | path=/v3/ticker
2026-10-06 04:09:41+0000 | INFO     | roostoo.api | API_REQUEST_OK | method=GET | label=ticker:BTC/USD | elapsed_ms=186
2026-10-06 04:09:41+0000 | INFO     | bot | LOOP_COMPLETE | elapsed_ms=1605
2026-10-06 04:10:40+0000 | INFO     | roostoo.api | API_REQUEST_START | method=GET | label=ticker:TRX/USD | path=/v3/ticker
2026-10-06 04:10:40+0000 | INFO     | roostoo.api | API_REQUEST_OK | method=GET | label=ticker:TRX/USD | elapsed_ms=173
2026-10-06 04:10:40+0000 | INFO     | roostoo.api | API_REQUEST_START | method=GET | label=ticker:AVAX/USD | path=/v3/ticker
2026-10-06 04:10:40+0000 | INFO     | roostoo.api | API_REQUEST_OK | method=GET | label=ticker:AVAX/USD | elapsed_ms=173
2026-10-06 04:10:40+0000 | INFO     | roostoo.api | API_REQUEST_START | method=GET | label=server_time | path=/v3/serverTime
2026-10-06 04:10:40+0000 | INFO     | roostoo.api | API_REQUEST_OK | method=GET | label=server_time | elapsed_ms=173
2026-10-06 04:10:40+0000 | INFO     | roostoo.api | SERVER_TIME_SYNC | offset_ms=87
2026-10-06 04:10:40+0000 | INFO     | roostoo.api | API_REQUEST_START | method=GET | label=ticker:DOT/USD | path=/v3/ticker
2026-10-06 04:10:40+0000 | INFO     | roostoo.api | API_REQUEST_OK | method=GET | label=ticker:DOT/USD | elapsed_ms=172
2026-10-06 04:10:40+0000 | INFO     | roostoo.api | API_REQUEST_START | method=GET | label=ticker:BNB/USD | path=/v3/ticker
2026-10-06 04:10:41+0000 | INFO     | roostoo.api | API_REQUEST_OK | method=GET | label=ticker:BNB/USD | elapsed_ms=543
2026-10-06 04:10:41+0000 | INFO     | roostoo.api | API_REQUEST_START | method=GET | label=ticker:SUI/USD | path=/v3/ticker
2026-10-06 04:10:41+0000 | INFO     | roostoo.api | API_REQUEST_OK | method=GET | label=ticker:SUI/USD | elapsed_ms=184
2026-10-06 04:10:41+0000 | INFO     | roostoo.api | API_REQUEST_START | method=GET | label=ticker:BTC/USD | path=/v3/ticker
2026-10-06 04:10:41+0000 | INFO     | roostoo.api | API_REQUEST_OK | method=GET | label=ticker:BTC/USD | elapsed_ms=172
2026-10-06 04:10:41+0000 | INFO     | bot | LOOP_COMPLETE | elapsed_ms=1634
2026-10-06 04:11:40+0000 | INFO     | roostoo.api | API_REQUEST_START | method=GET | label=ticker:TRX/USD | path=/v3/ticker
2026-10-06 04:11:40+0000 | INFO     | roostoo.api | API_REQUEST_OK | method=GET | label=ticker:TRX/USD | elapsed_ms=186
2026-10-06 04:11:40+0000 | INFO     | roostoo.api | API_REQUEST_START | method=GET | label=ticker:AVAX/USD | path=/v3/ticker
2026-10-06 04:11:40+0000 | INFO     | roostoo.api | API_REQUEST_OK | method=GET | label=ticker:AVAX/USD | elapsed_ms=172
2026-10-06 04:11:40+0000 | INFO     | roostoo.api | API_REQUEST_START | method=GET | label=ticker:DOT/USD | path=/v3/ticker
2026-10-06 04:11:40+0000 | INFO     | roostoo.api | API_REQUEST_OK | method=GET | label=ticker:DOT/USD | elapsed_ms=197
2026-10-06 04:11:40+0000 | INFO     | roostoo.api | API_REQUEST_START | method=GET | label=ticker:BNB/USD | path=/v3/ticker
2026-10-06 04:11:40+0000 | INFO     | roostoo.api | API_REQUEST_OK | method=GET | label=ticker:BNB/USD | elapsed_ms=185
2026-10-06 04:11:40+0000 | INFO     | roostoo.api | API_REQUEST_START | method=GET | label=ticker:SUI/USD | path=/v3/ticker
2026-10-06 04:11:41+0000 | INFO     | roostoo.api | API_REQUEST_OK | method=GET | label=ticker:SUI/USD | elapsed_ms=185
2026-10-06 04:11:41+0000 | INFO     | roostoo.api | API_REQUEST_START | method=GET | label=ticker:BTC/USD | path=/v3/ticker
2026-10-06 04:11:41+0000 | INFO     | roostoo.api | API_REQUEST_OK | method=GET | label=ticker:BTC/USD | elapsed_ms=172
2026-10-06 04:11:41+0000 | INFO     | bot | LOOP_COMPLETE | elapsed_ms=1139
2026-10-06 04:12:40+0000 | INFO     | roostoo.api | API_REQUEST_START | method=GET | label=ticker:TRX/USD | path=/v3/ticker
2026-10-06 04:12:40+0000 | INFO     | roostoo.api | API_REQUEST_OK | method=GET | label=ticker:TRX/USD | elapsed_ms=186
2026-10-06 04:12:40+0000 | INFO     | roostoo.api | API_REQUEST_START | method=GET | label=ticker:AVAX/USD | path=/v3/ticker
2026-10-06 04:12:40+0000 | INFO     | roostoo.api | API_REQUEST_OK | method=GET | label=ticker:AVAX/USD | elapsed_ms=171
2026-10-06 04:12:40+0000 | INFO     | roostoo.api | API_REQUEST_START | method=GET | label=ticker:DOT/USD | path=/v3/ticker
2026-10-06 04:12:40+0000 | INFO     | roostoo.api | API_REQUEST_OK | method=GET | label=ticker:DOT/USD | elapsed_ms=172
2026-10-06 04:12:40+0000 | INFO     | roostoo.api | API_REQUEST_START | method=GET | label=ticker:BNB/USD | path=/v3/ticker
2026-10-06 04:12:40+0000 | INFO     | roostoo.api | API_REQUEST_OK | method=GET | label=ticker:BNB/USD | elapsed_ms=171
2026-10-06 04:12:40+0000 | INFO     | roostoo.api | API_REQUEST_START | method=GET | label=ticker:SUI/USD | path=/v3/ticker
2026-10-06 04:12:40+0000 | INFO     | roostoo.api | API_REQUEST_OK | method=GET | label=ticker:SUI/USD | elapsed_ms=185
2026-10-06 04:12:40+0000 | INFO     | roostoo.api | API_REQUEST_START | method=GET | label=ticker:BTC/USD | path=/v3/ticker
2026-10-06 04:12:41+0000 | INFO     | roostoo.api | API_REQUEST_OK | method=GET | label=ticker:BTC/USD | elapsed_ms=186
2026-10-06 04:12:41+0000 | INFO     | bot | LOOP_COMPLETE | elapsed_ms=1115
2026-10-06 04:13:40+0000 | INFO     | roostoo.api | API_REQUEST_START | method=GET | label=ticker:TRX/USD | path=/v3/ticker
2026-10-06 04:13:40+0000 | INFO     | roostoo.api | API_REQUEST_OK | method=GET | label=ticker:TRX/USD | elapsed_ms=173
2026-10-06 04:13:40+0000 | INFO     | roostoo.api | API_REQUEST_START | method=GET | label=ticker:AVAX/USD | path=/v3/ticker
2026-10-06 04:13:40+0000 | INFO     | roostoo.api | API_REQUEST_OK | method=GET | label=ticker:AVAX/USD | elapsed_ms=173
2026-10-06 04:13:40+0000 | INFO     | roostoo.api | API_REQUEST_START | method=GET | label=ticker:DOT/USD | path=/v3/ticker
2026-10-06 04:13:40+0000 | INFO     | roostoo.api | API_REQUEST_OK | method=GET | label=ticker:DOT/USD | elapsed_ms=185
2026-10-06 04:13:40+0000 | INFO     | roostoo.api | API_REQUEST_START | method=GET | label=ticker:BNB/USD | path=/v3/ticker
2026-10-06 04:13:40+0000 | INFO     | roostoo.api | API_REQUEST_OK | method=GET | label=ticker:BNB/USD | elapsed_ms=186
2026-10-06 04:13:40+0000 | INFO     | roostoo.api | API_REQUEST_START | method=GET | label=ticker:SUI/USD | path=/v3/ticker
2026-10-06 04:13:41+0000 | INFO     | roostoo.api | API_REQUEST_OK | method=GET | label=ticker:SUI/USD | elapsed_ms=542
2026-10-06 04:13:41+0000 | INFO     | roostoo.api | API_REQUEST_START | method=GET | label=ticker:BTC/USD | path=/v3/ticker
2026-10-06 04:13:41+0000 | INFO     | roostoo.api | API_REQUEST_OK | method=GET | label=ticker:BTC/USD | elapsed_ms=172
2026-10-06 04:13:41+0000 | INFO     | bot | LOOP_COMPLETE | elapsed_ms=1472
2026-10-06 04:14:40+0000 | INFO     | roostoo.api | API_REQUEST_START | method=GET | label=ticker:TRX/USD | path=/v3/ticker
2026-10-06 04:14:40+0000 | INFO     | roostoo.api | API_REQUEST_OK | method=GET | label=ticker:TRX/USD | elapsed_ms=185
2026-10-06 04:14:40+0000 | INFO     | roostoo.api | API_REQUEST_START | method=GET | label=ticker:AVAX/USD | path=/v3/ticker
2026-10-06 04:14:40+0000 | INFO     | roostoo.api | API_REQUEST_OK | method=GET | label=ticker:AVAX/USD | elapsed_ms=184
2026-10-06 04:14:40+0000 | INFO     | roostoo.api | API_REQUEST_START | method=GET | label=ticker:DOT/USD | path=/v3/ticker
2026-10-06 04:14:41+0000 | INFO     | roostoo.api | API_REQUEST_OK | method=GET | label=ticker:DOT/USD | elapsed_ms=544
2026-10-06 04:14:41+0000 | INFO     | roostoo.api | API_REQUEST_START | method=GET | label=ticker:BNB/USD | path=/v3/ticker
2026-10-06 04:14:41+0000 | INFO     | roostoo.api | API_REQUEST_OK | method=GET | label=ticker:BNB/USD | elapsed_ms=419
2026-10-06 04:14:41+0000 | INFO     | roostoo.api | API_REQUEST_START | method=GET | label=ticker:SUI/USD | path=/v3/ticker
2026-10-06 04:14:41+0000 | INFO     | roostoo.api | API_REQUEST_OK | method=GET | label=ticker:SUI/USD | elapsed_ms=172
2026-10-06 04:14:41+0000 | INFO     | roostoo.api | API_REQUEST_START | method=GET | label=ticker:BTC/USD | path=/v3/ticker
2026-10-06 04:14:41+0000 | INFO     | roostoo.api | API_REQUEST_OK | method=GET | label=ticker:BTC/USD | elapsed_ms=186
2026-10-06 04:14:41+0000 | INFO     | bot | LOOP_COMPLETE | elapsed_ms=1731
2026-10-06 04:15:40+0000 | INFO     | roostoo.api | API_REQUEST_START | method=GET | label=ticker:TRX/USD | path=/v3/ticker
2026-10-06 04:15:40+0000 | INFO     | roostoo.api | API_REQUEST_OK | method=GET | label=ticker:TRX/USD | elapsed_ms=186
2026-10-06 04:15:40+0000 | INFO     | roostoo.api | API_REQUEST_START | method=GET | label=ticker:AVAX/USD | path=/v3/ticker
2026-10-06 04:15:40+0000 | INFO     | roostoo.api | API_REQUEST_OK | method=GET | label=ticker:AVAX/USD | elapsed_ms=186
2026-10-06 04:15:40+0000 | INFO     | roostoo.api | API_REQUEST_START | method=GET | label=ticker:DOT/USD | path=/v3/ticker
2026-10-06 04:15:40+0000 | INFO     | roostoo.api | API_REQUEST_OK | method=GET | label=ticker:DOT/USD | elapsed_ms=173
2026-10-06 04:15:40+0000 | INFO     | roostoo.api | API_REQUEST_START | method=GET | label=server_time | path=/v3/serverTime
2026-10-06 04:15:40+0000 | INFO     | roostoo.api | API_REQUEST_OK | method=GET | label=server_time | elapsed_ms=197
2026-10-06 04:15:40+0000 | INFO     | roostoo.api | SERVER_TIME_SYNC | offset_ms=100
2026-10-06 04:15:40+0000 | INFO     | roostoo.api | API_REQUEST_START | method=GET | label=ticker:BNB/USD | path=/v3/ticker
2026-10-06 04:15:41+0000 | INFO     | roostoo.api | API_REQUEST_OK | method=GET | label=ticker:BNB/USD | elapsed_ms=172
2026-10-06 04:15:41+0000 | INFO     | roostoo.api | API_REQUEST_START | method=GET | label=ticker:SUI/USD | path=/v3/ticker
2026-10-06 04:15:41+0000 | INFO     | roostoo.api | API_REQUEST_OK | method=GET | label=ticker:SUI/USD | elapsed_ms=502
2026-10-06 04:15:41+0000 | INFO     | roostoo.api | API_REQUEST_START | method=GET | label=ticker:BTC/USD | path=/v3/ticker
2026-10-06 04:15:41+0000 | INFO     | roostoo.api | API_REQUEST_OK | method=GET | label=ticker:BTC/USD | elapsed_ms=176
2026-10-06 04:15:41+0000 | INFO     | bot | LOOP_COMPLETE | elapsed_ms=1633
2026-10-06 04:16:40+0000 | INFO     | roostoo.api | API_REQUEST_START | method=GET | label=ticker:TRX/USD | path=/v3/ticker
2026-10-06 04:16:40+0000 | INFO     | roostoo.api | API_REQUEST_OK | method=GET | label=ticker:TRX/USD | elapsed_ms=186
2026-10-06 04:16:40+0000 | INFO     | roostoo.api | API_REQUEST_START | method=GET | label=ticker:AVAX/USD | path=/v3/ticker
2026-10-06 04:16:40+0000 | INFO     | roostoo.api | API_REQUEST_OK | method=GET | label=ticker:AVAX/USD | elapsed_ms=185
2026-10-06 04:16:40+0000 | INFO     | roostoo.api | API_REQUEST_START | method=GET | label=ticker:DOT/USD | path=/v3/ticker
2026-10-06 04:16:40+0000 | INFO     | roostoo.api | API_REQUEST_OK | method=GET | label=ticker:DOT/USD | elapsed_ms=186
2026-10-06 04:16:40+0000 | INFO     | roostoo.api | API_REQUEST_START | method=GET | label=ticker:BNB/USD | path=/v3/ticker
2026-10-06 04:16:40+0000 | INFO     | roostoo.api | API_REQUEST_OK | method=GET | label=ticker:BNB/USD | elapsed_ms=186
2026-10-06 04:16:40+0000 | INFO     | roostoo.api | API_REQUEST_START | method=GET | label=ticker:SUI/USD | path=/v3/ticker
2026-10-06 04:16:41+0000 | INFO     | roostoo.api | API_REQUEST_OK | method=GET | label=ticker:SUI/USD | elapsed_ms=184
2026-10-06 04:16:41+0000 | INFO     | roostoo.api | API_REQUEST_START | method=GET | label=ticker:BTC/USD | path=/v3/ticker
2026-10-06 04:16:41+0000 | INFO     | roostoo.api | API_REQUEST_OK | method=GET | label=ticker:BTC/USD | elapsed_ms=185
2026-10-06 04:16:41+0000 | INFO     | bot | LOOP_COMPLETE | elapsed_ms=1155
2026-10-06 04:17:40+0000 | INFO     | roostoo.api | API_REQUEST_START | method=GET | label=ticker:TRX/USD | path=/v3/ticker
2026-10-06 04:17:40+0000 | INFO     | roostoo.api | API_REQUEST_OK | method=GET | label=ticker:TRX/USD | elapsed_ms=235
2026-10-06 04:17:40+0000 | INFO     | roostoo.api | API_REQUEST_START | method=GET | label=ticker:AVAX/USD | path=/v3/ticker
2026-10-06 04:17:40+0000 | INFO     | roostoo.api | API_REQUEST_OK | method=GET | label=ticker:AVAX/USD | elapsed_ms=185
2026-10-06 04:17:40+0000 | INFO     | roostoo.api | API_REQUEST_START | method=GET | label=ticker:DOT/USD | path=/v3/ticker
2026-10-06 04:17:40+0000 | INFO     | roostoo.api | API_REQUEST_OK | method=GET | label=ticker:DOT/USD | elapsed_ms=175
2026-10-06 04:17:40+0000 | INFO     | roostoo.api | API_REQUEST_START | method=GET | label=ticker:BNB/USD | path=/v3/ticker
2026-10-06 04:17:40+0000 | INFO     | roostoo.api | API_REQUEST_OK | method=GET | label=ticker:BNB/USD | elapsed_ms=185
2026-10-06 04:17:40+0000 | INFO     | roostoo.api | API_REQUEST_START | method=GET | label=ticker:SUI/USD | path=/v3/ticker
2026-10-06 04:17:41+0000 | INFO     | roostoo.api | API_REQUEST_OK | method=GET | label=ticker:SUI/USD | elapsed_ms=185
2026-10-06 04:17:41+0000 | INFO     | roostoo.api | API_REQUEST_START | method=GET | label=ticker:BTC/USD | path=/v3/ticker
2026-10-06 04:17:41+0000 | INFO     | roostoo.api | API_REQUEST_OK | method=GET | label=ticker:BTC/USD | elapsed_ms=544
2026-10-06 04:17:41+0000 | INFO     | bot | LOOP_COMPLETE | elapsed_ms=1554
2026-10-06 04:18:40+0000 | INFO     | roostoo.api | API_REQUEST_START | method=GET | label=ticker:TRX/USD | path=/v3/ticker
2026-10-06 04:18:40+0000 | INFO     | roostoo.api | API_REQUEST_OK | method=GET | label=ticker:TRX/USD | elapsed_ms=173
2026-10-06 04:18:40+0000 | INFO     | roostoo.api | API_REQUEST_START | method=GET | label=ticker:AVAX/USD | path=/v3/ticker
2026-10-06 04:18:40+0000 | INFO     | roostoo.api | API_REQUEST_OK | method=GET | label=ticker:AVAX/USD | elapsed_ms=172
2026-10-06 04:18:40+0000 | INFO     | roostoo.api | API_REQUEST_START | method=GET | label=ticker:DOT/USD | path=/v3/ticker
2026-10-06 04:18:40+0000 | INFO     | roostoo.api | API_REQUEST_OK | method=GET | label=ticker:DOT/USD | elapsed_ms=173
2026-10-06 04:18:40+0000 | INFO     | roostoo.api | API_REQUEST_START | method=GET | label=ticker:BNB/USD | path=/v3/ticker
2026-10-06 04:18:40+0000 | INFO     | roostoo.api | API_REQUEST_OK | method=GET | label=ticker:BNB/USD | elapsed_ms=175
2026-10-06 04:18:40+0000 | INFO     | roostoo.api | API_REQUEST_START | method=GET | label=ticker:SUI/USD | path=/v3/ticker
2026-10-06 04:18:41+0000 | INFO     | roostoo.api | API_REQUEST_OK | method=GET | label=ticker:SUI/USD | elapsed_ms=174
2026-10-06 04:18:41+0000 | INFO     | roostoo.api | API_REQUEST_START | method=GET | label=ticker:BTC/USD | path=/v3/ticker
2026-10-06 04:18:41+0000 | INFO     | roostoo.api | API_REQUEST_OK | method=GET | label=ticker:BTC/USD | elapsed_ms=173
2026-10-06 04:18:41+0000 | INFO     | bot | LOOP_COMPLETE | elapsed_ms=1082
2026-10-06 04:19:40+0000 | INFO     | roostoo.api | API_REQUEST_START | method=GET | label=ticker:TRX/USD | path=/v3/ticker
2026-10-06 04:19:40+0000 | INFO     | roostoo.api | API_REQUEST_OK | method=GET | label=ticker:TRX/USD | elapsed_ms=172
2026-10-06 04:19:40+0000 | INFO     | roostoo.api | API_REQUEST_START | method=GET | label=ticker:AVAX/USD | path=/v3/ticker
2026-10-06 04:19:40+0000 | INFO     | roostoo.api | API_REQUEST_OK | method=GET | label=ticker:AVAX/USD | elapsed_ms=172
2026-10-06 04:19:40+0000 | INFO     | roostoo.api | API_REQUEST_START | method=GET | label=ticker:DOT/USD | path=/v3/ticker
2026-10-06 04:19:40+0000 | INFO     | roostoo.api | API_REQUEST_OK | method=GET | label=ticker:DOT/USD | elapsed_ms=186
2026-10-06 04:19:40+0000 | INFO     | roostoo.api | API_REQUEST_START | method=GET | label=ticker:BNB/USD | path=/v3/ticker
2026-10-06 04:19:40+0000 | INFO     | roostoo.api | API_REQUEST_OK | method=GET | label=ticker:BNB/USD | elapsed_ms=186
2026-10-06 04:19:40+0000 | INFO     | roostoo.api | API_REQUEST_START | method=GET | label=ticker:SUI/USD | path=/v3/ticker
2026-10-06 04:19:41+0000 | INFO     | roostoo.api | API_REQUEST_OK | method=GET | label=ticker:SUI/USD | elapsed_ms=172
2026-10-06 04:19:41+0000 | INFO     | roostoo.api | API_REQUEST_START | method=GET | label=ticker:BTC/USD | path=/v3/ticker
2026-10-06 04:19:41+0000 | INFO     | roostoo.api | API_REQUEST_OK | method=GET | label=ticker:BTC/USD | elapsed_ms=503
2026-10-06 04:19:41+0000 | INFO     | bot | LOOP_COMPLETE | elapsed_ms=1431
2026-10-06 04:20:40+0000 | INFO     | roostoo.api | API_REQUEST_START | method=GET | label=ticker:TRX/USD | path=/v3/ticker
2026-10-06 04:20:40+0000 | INFO     | roostoo.api | API_REQUEST_OK | method=GET | label=ticker:TRX/USD | elapsed_ms=172
2026-10-06 04:20:40+0000 | INFO     | roostoo.api | API_REQUEST_START | method=GET | label=ticker:AVAX/USD | path=/v3/ticker
2026-10-06 04:20:40+0000 | INFO     | roostoo.api | API_REQUEST_OK | method=GET | label=ticker:AVAX/USD | elapsed_ms=172
2026-10-06 04:20:40+0000 | INFO     | roostoo.api | API_REQUEST_START | method=GET | label=ticker:DOT/USD | path=/v3/ticker
2026-10-06 04:20:40+0000 | INFO     | roostoo.api | API_REQUEST_OK | method=GET | label=ticker:DOT/USD | elapsed_ms=185
2026-10-06 04:20:40+0000 | INFO     | roostoo.api | API_REQUEST_START | method=GET | label=ticker:BNB/USD | path=/v3/ticker
2026-10-06 04:20:40+0000 | INFO     | roostoo.api | API_REQUEST_OK | method=GET | label=ticker:BNB/USD | elapsed_ms=187
2026-10-06 04:20:40+0000 | INFO     | roostoo.api | API_REQUEST_START | method=GET | label=server_time | path=/v3/serverTime
2026-10-06 04:20:41+0000 | INFO     | roostoo.api | API_REQUEST_OK | method=GET | label=server_time | elapsed_ms=185
2026-10-06 04:20:41+0000 | INFO     | roostoo.api | SERVER_TIME_SYNC | offset_ms=101
2026-10-06 04:20:41+0000 | INFO     | roostoo.api | API_REQUEST_START | method=GET | label=ticker:SUI/USD | path=/v3/ticker
2026-10-06 04:20:41+0000 | INFO     | roostoo.api | API_REQUEST_OK | method=GET | label=ticker:SUI/USD | elapsed_ms=186
2026-10-06 04:20:41+0000 | INFO     | roostoo.api | API_REQUEST_START | method=GET | label=ticker:BTC/USD | path=/v3/ticker
2026-10-06 04:20:41+0000 | INFO     | roostoo.api | API_REQUEST_OK | method=GET | label=ticker:BTC/USD | elapsed_ms=185
2026-10-06 04:20:41+0000 | INFO     | bot | LOOP_COMPLETE | elapsed_ms=1317
2026-10-06 04:21:40+0000 | INFO     | roostoo.api | API_REQUEST_START | method=GET | label=ticker:TRX/USD | path=/v3/ticker
2026-10-06 04:21:40+0000 | INFO     | roostoo.api | API_REQUEST_OK | method=GET | label=ticker:TRX/USD | elapsed_ms=176
2026-10-06 04:21:40+0000 | INFO     | roostoo.api | API_REQUEST_START | method=GET | label=ticker:AVAX/USD | path=/v3/ticker
2026-10-06 04:21:40+0000 | INFO     | roostoo.api | API_REQUEST_OK | method=GET | label=ticker:AVAX/USD | elapsed_ms=185
2026-10-06 04:21:40+0000 | INFO     | roostoo.api | API_REQUEST_START | method=GET | label=ticker:DOT/USD | path=/v3/ticker
2026-10-06 04:21:40+0000 | INFO     | roostoo.api | API_REQUEST_OK | method=GET | label=ticker:DOT/USD | elapsed_ms=503
2026-10-06 04:21:40+0000 | INFO     | roostoo.api | API_REQUEST_START | method=GET | label=ticker:BNB/USD | path=/v3/ticker
2026-10-06 04:21:41+0000 | INFO     | roostoo.api | API_REQUEST_OK | method=GET | label=ticker:BNB/USD | elapsed_ms=186
2026-10-06 04:21:41+0000 | INFO     | roostoo.api | API_REQUEST_START | method=GET | label=ticker:SUI/USD | path=/v3/ticker
2026-10-06 04:21:41+0000 | INFO     | roostoo.api | API_REQUEST_OK | method=GET | label=ticker:SUI/USD | elapsed_ms=543
2026-10-06 04:21:41+0000 | INFO     | roostoo.api | API_REQUEST_START | method=GET | label=ticker:BTC/USD | path=/v3/ticker
2026-10-06 04:21:41+0000 | INFO     | roostoo.api | API_REQUEST_OK | method=GET | label=ticker:BTC/USD | elapsed_ms=189
2026-10-06 04:21:41+0000 | INFO     | bot | LOOP_COMPLETE | elapsed_ms=1834
2026-10-06 04:22:40+0000 | INFO     | roostoo.api | API_REQUEST_START | method=GET | label=ticker:TRX/USD | path=/v3/ticker
2026-10-06 04:22:40+0000 | INFO     | roostoo.api | API_REQUEST_OK | method=GET | label=ticker:TRX/USD | elapsed_ms=186
2026-10-06 04:22:40+0000 | INFO     | roostoo.api | API_REQUEST_START | method=GET | label=ticker:AVAX/USD | path=/v3/ticker
2026-10-06 04:22:40+0000 | INFO     | roostoo.api | API_REQUEST_OK | method=GET | label=ticker:AVAX/USD | elapsed_ms=173
2026-10-06 04:22:40+0000 | INFO     | roostoo.api | API_REQUEST_START | method=GET | label=ticker:DOT/USD | path=/v3/ticker
2026-10-06 04:22:40+0000 | INFO     | roostoo.api | API_REQUEST_OK | method=GET | label=ticker:DOT/USD | elapsed_ms=185
2026-10-06 04:22:40+0000 | INFO     | roostoo.api | API_REQUEST_START | method=GET | label=ticker:BNB/USD | path=/v3/ticker
2026-10-06 04:22:40+0000 | INFO     | roostoo.api | API_REQUEST_OK | method=GET | label=ticker:BNB/USD | elapsed_ms=186
2026-10-06 04:22:40+0000 | INFO     | roostoo.api | API_REQUEST_START | method=GET | label=ticker:SUI/USD | path=/v3/ticker
2026-10-06 04:22:41+0000 | INFO     | roostoo.api | API_REQUEST_OK | method=GET | label=ticker:SUI/USD | elapsed_ms=186
2026-10-06 04:22:41+0000 | INFO     | roostoo.api | API_REQUEST_START | method=GET | label=ticker:BTC/USD | path=/v3/ticker
2026-10-06 04:22:41+0000 | INFO     | roostoo.api | API_REQUEST_OK | method=GET | label=ticker:BTC/USD | elapsed_ms=186
2026-10-06 04:22:41+0000 | INFO     | bot | LOOP_COMPLETE | elapsed_ms=1144
2026-10-06 04:23:40+0000 | INFO     | roostoo.api | API_REQUEST_START | method=GET | label=ticker:TRX/USD | path=/v3/ticker
2026-10-06 04:23:40+0000 | INFO     | roostoo.api | API_REQUEST_OK | method=GET | label=ticker:TRX/USD | elapsed_ms=178
2026-10-06 04:23:40+0000 | INFO     | roostoo.api | API_REQUEST_START | method=GET | label=ticker:AVAX/USD | path=/v3/ticker
2026-10-06 04:23:40+0000 | INFO     | roostoo.api | API_REQUEST_OK | method=GET | label=ticker:AVAX/USD | elapsed_ms=172
2026-10-06 04:23:40+0000 | INFO     | roostoo.api | API_REQUEST_START | method=GET | label=ticker:DOT/USD | path=/v3/ticker
2026-10-06 04:23:40+0000 | INFO     | roostoo.api | API_REQUEST_OK | method=GET | label=ticker:DOT/USD | elapsed_ms=173
2026-10-06 04:23:40+0000 | INFO     | roostoo.api | API_REQUEST_START | method=GET | label=ticker:BNB/USD | path=/v3/ticker
2026-10-06 04:23:40+0000 | INFO     | roostoo.api | API_REQUEST_OK | method=GET | label=ticker:BNB/USD | elapsed_ms=173
2026-10-06 04:23:40+0000 | INFO     | roostoo.api | API_REQUEST_START | method=GET | label=ticker:SUI/USD | path=/v3/ticker
2026-10-06 04:23:40+0000 | INFO     | roostoo.api | API_REQUEST_OK | method=GET | label=ticker:SUI/USD | elapsed_ms=173
2026-10-06 04:23:40+0000 | INFO     | roostoo.api | API_REQUEST_START | method=GET | label=ticker:BTC/USD | path=/v3/ticker
2026-10-06 04:23:41+0000 | INFO     | roostoo.api | API_REQUEST_OK | method=GET | label=ticker:BTC/USD | elapsed_ms=172
2026-10-06 04:23:41+0000 | INFO     | bot | LOOP_COMPLETE | elapsed_ms=1080
2026-10-06 04:24:40+0000 | INFO     | roostoo.api | API_REQUEST_START | method=GET | label=ticker:TRX/USD | path=/v3/ticker
2026-10-06 04:24:40+0000 | INFO     | roostoo.api | API_REQUEST_OK | method=GET | label=ticker:TRX/USD | elapsed_ms=175
2026-10-06 04:24:40+0000 | INFO     | roostoo.api | API_REQUEST_START | method=GET | label=ticker:AVAX/USD | path=/v3/ticker
2026-10-06 04:24:40+0000 | INFO     | roostoo.api | API_REQUEST_OK | method=GET | label=ticker:AVAX/USD | elapsed_ms=187
2026-10-06 04:24:40+0000 | INFO     | roostoo.api | API_REQUEST_START | method=GET | label=ticker:DOT/USD | path=/v3/ticker
2026-10-06 04:24:40+0000 | INFO     | roostoo.api | API_REQUEST_OK | method=GET | label=ticker:DOT/USD | elapsed_ms=188
2026-10-06 04:24:40+0000 | INFO     | roostoo.api | API_REQUEST_START | method=GET | label=ticker:BNB/USD | path=/v3/ticker
2026-10-06 04:24:40+0000 | INFO     | roostoo.api | API_REQUEST_OK | method=GET | label=ticker:BNB/USD | elapsed_ms=173
2026-10-06 04:24:40+0000 | INFO     | roostoo.api | API_REQUEST_START | method=GET | label=ticker:SUI/USD | path=/v3/ticker
2026-10-06 04:24:41+0000 | INFO     | roostoo.api | API_REQUEST_OK | method=GET | label=ticker:SUI/USD | elapsed_ms=172
2026-10-06 04:24:41+0000 | INFO     | roostoo.api | API_REQUEST_START | method=GET | label=ticker:BTC/USD | path=/v3/ticker
2026-10-06 04:24:41+0000 | INFO     | roostoo.api | API_REQUEST_OK | method=GET | label=ticker:BTC/USD | elapsed_ms=171
2026-10-06 04:24:41+0000 | INFO     | bot | LOOP_COMPLETE | elapsed_ms=1111
2026-10-06 04:25:40+0000 | INFO     | roostoo.api | API_REQUEST_START | method=GET | label=ticker:TRX/USD | path=/v3/ticker
2026-10-06 04:25:40+0000 | INFO     | roostoo.api | API_REQUEST_OK | method=GET | label=ticker:TRX/USD | elapsed_ms=211
2026-10-06 04:25:40+0000 | INFO     | roostoo.api | API_REQUEST_START | method=GET | label=ticker:AVAX/USD | path=/v3/ticker
2026-10-06 04:25:40+0000 | INFO     | roostoo.api | API_REQUEST_OK | method=GET | label=ticker:AVAX/USD | elapsed_ms=186
2026-10-06 04:25:40+0000 | INFO     | roostoo.api | API_REQUEST_START | method=GET | label=ticker:DOT/USD | path=/v3/ticker
2026-10-06 04:25:40+0000 | INFO     | roostoo.api | API_REQUEST_OK | method=GET | label=ticker:DOT/USD | elapsed_ms=173
2026-10-06 04:25:40+0000 | INFO     | roostoo.api | API_REQUEST_START | method=GET | label=ticker:BNB/USD | path=/v3/ticker
2026-10-06 04:25:40+0000 | INFO     | roostoo.api | API_REQUEST_OK | method=GET | label=ticker:BNB/USD | elapsed_ms=173
2026-10-06 04:25:40+0000 | INFO     | roostoo.api | API_REQUEST_START | method=GET | label=ticker:SUI/USD | path=/v3/ticker
2026-10-06 04:25:41+0000 | INFO     | roostoo.api | API_REQUEST_OK | method=GET | label=ticker:SUI/USD | elapsed_ms=543
2026-10-06 04:25:41+0000 | INFO     | roostoo.api | API_REQUEST_START | method=GET | label=server_time | path=/v3/serverTime
2026-10-06 04:25:41+0000 | INFO     | roostoo.api | API_REQUEST_OK | method=GET | label=server_time | elapsed_ms=174
2026-10-06 04:25:41+0000 | INFO     | roostoo.api | SERVER_TIME_SYNC | offset_ms=88
2026-10-06 04:25:41+0000 | INFO     | roostoo.api | API_REQUEST_START | method=GET | label=ticker:BTC/USD | path=/v3/ticker
2026-10-06 04:25:41+0000 | INFO     | roostoo.api | API_REQUEST_OK | method=GET | label=ticker:BTC/USD | elapsed_ms=185
2026-10-06 04:25:41+0000 | INFO     | bot | LOOP_COMPLETE | elapsed_ms=1687
2026-10-06 04:26:40+0000 | INFO     | roostoo.api | API_REQUEST_START | method=GET | label=ticker:TRX/USD | path=/v3/ticker
2026-10-06 04:26:40+0000 | INFO     | roostoo.api | API_REQUEST_OK | method=GET | label=ticker:TRX/USD | elapsed_ms=187
2026-10-06 04:26:40+0000 | INFO     | roostoo.api | API_REQUEST_START | method=GET | label=ticker:AVAX/USD | path=/v3/ticker
2026-10-06 04:26:40+0000 | INFO     | roostoo.api | API_REQUEST_OK | method=GET | label=ticker:AVAX/USD | elapsed_ms=186
2026-10-06 04:26:40+0000 | INFO     | roostoo.api | API_REQUEST_START | method=GET | label=ticker:DOT/USD | path=/v3/ticker
2026-10-06 04:26:41+0000 | INFO     | roostoo.api | API_REQUEST_OK | method=GET | label=ticker:DOT/USD | elapsed_ms=544
2026-10-06 04:26:41+0000 | INFO     | roostoo.api | API_REQUEST_START | method=GET | label=ticker:BNB/USD | path=/v3/ticker
2026-10-06 04:26:41+0000 | INFO     | roostoo.api | API_REQUEST_OK | method=GET | label=ticker:BNB/USD | elapsed_ms=188
2026-10-06 04:26:41+0000 | INFO     | roostoo.api | API_REQUEST_START | method=GET | label=ticker:SUI/USD | path=/v3/ticker
2026-10-06 04:26:41+0000 | INFO     | roostoo.api | API_REQUEST_OK | method=GET | label=ticker:SUI/USD | elapsed_ms=172
2026-10-06 04:26:41+0000 | INFO     | roostoo.api | API_REQUEST_START | method=GET | label=ticker:BTC/USD | path=/v3/ticker
2026-10-06 04:26:41+0000 | INFO     | roostoo.api | API_REQUEST_OK | method=GET | label=ticker:BTC/USD | elapsed_ms=500
2026-10-06 04:26:41+0000 | INFO     | bot | LOOP_COMPLETE | elapsed_ms=1821
2026-10-06 04:27:40+0000 | INFO     | roostoo.api | API_REQUEST_START | method=GET | label=ticker:TRX/USD | path=/v3/ticker
2026-10-06 04:27:40+0000 | INFO     | roostoo.api | API_REQUEST_OK | method=GET | label=ticker:TRX/USD | elapsed_ms=172
2026-10-06 04:27:40+0000 | INFO     | roostoo.api | API_REQUEST_START | method=GET | label=ticker:AVAX/USD | path=/v3/ticker
2026-10-06 04:27:40+0000 | INFO     | roostoo.api | API_REQUEST_OK | method=GET | label=ticker:AVAX/USD | elapsed_ms=171
2026-10-06 04:27:40+0000 | INFO     | roostoo.api | API_REQUEST_START | method=GET | label=ticker:DOT/USD | path=/v3/ticker
2026-10-06 04:27:40+0000 | INFO     | roostoo.api | API_REQUEST_OK | method=GET | label=ticker:DOT/USD | elapsed_ms=184
2026-10-06 04:27:40+0000 | INFO     | roostoo.api | API_REQUEST_START | method=GET | label=ticker:BNB/USD | path=/v3/ticker
2026-10-06 04:27:40+0000 | INFO     | roostoo.api | API_REQUEST_OK | method=GET | label=ticker:BNB/USD | elapsed_ms=172
2026-10-06 04:27:40+0000 | INFO     | roostoo.api | API_REQUEST_START | method=GET | label=ticker:SUI/USD | path=/v3/ticker
2026-10-06 04:27:41+0000 | INFO     | roostoo.api | API_REQUEST_OK | method=GET | label=ticker:SUI/USD | elapsed_ms=187
2026-10-06 04:27:41+0000 | INFO     | roostoo.api | API_REQUEST_START | method=GET | label=ticker:BTC/USD | path=/v3/ticker
2026-10-06 04:27:41+0000 | INFO     | roostoo.api | API_REQUEST_OK | method=GET | label=ticker:BTC/USD | elapsed_ms=172
2026-10-06 04:27:41+0000 | INFO     | bot | LOOP_COMPLETE | elapsed_ms=1097
2026-10-06 04:28:40+0000 | INFO     | roostoo.api | API_REQUEST_START | method=GET | label=ticker:TRX/USD | path=/v3/ticker
2026-10-06 04:28:40+0000 | INFO     | roostoo.api | API_REQUEST_OK | method=GET | label=ticker:TRX/USD | elapsed_ms=174
2026-10-06 04:28:40+0000 | INFO     | roostoo.api | API_REQUEST_START | method=GET | label=ticker:AVAX/USD | path=/v3/ticker
2026-10-06 04:28:40+0000 | INFO     | roostoo.api | API_REQUEST_OK | method=GET | label=ticker:AVAX/USD | elapsed_ms=171
2026-10-06 04:28:40+0000 | INFO     | roostoo.api | API_REQUEST_START | method=GET | label=ticker:DOT/USD | path=/v3/ticker
2026-10-06 04:28:40+0000 | INFO     | roostoo.api | API_REQUEST_OK | method=GET | label=ticker:DOT/USD | elapsed_ms=172
2026-10-06 04:28:40+0000 | INFO     | roostoo.api | API_REQUEST_START | method=GET | label=ticker:BNB/USD | path=/v3/ticker
2026-10-06 04:28:40+0000 | INFO     | roostoo.api | API_REQUEST_OK | method=GET | label=ticker:BNB/USD | elapsed_ms=186
2026-10-06 04:28:40+0000 | INFO     | roostoo.api | API_REQUEST_START | method=GET | label=ticker:SUI/USD | path=/v3/ticker
2026-10-06 04:28:41+0000 | INFO     | roostoo.api | API_REQUEST_OK | method=GET | label=ticker:SUI/USD | elapsed_ms=172
2026-10-06 04:28:41+0000 | INFO     | roostoo.api | API_REQUEST_START | method=GET | label=ticker:BTC/USD | path=/v3/ticker
2026-10-06 04:28:41+0000 | INFO     | roostoo.api | API_REQUEST_OK | method=GET | label=ticker:BTC/USD | elapsed_ms=187
2026-10-06 04:28:41+0000 | INFO     | bot | LOOP_COMPLETE | elapsed_ms=1102
2026-10-06 04:29:40+0000 | INFO     | roostoo.api | API_REQUEST_START | method=GET | label=ticker:TRX/USD | path=/v3/ticker
2026-10-06 04:29:40+0000 | INFO     | roostoo.api | API_REQUEST_OK | method=GET | label=ticker:TRX/USD | elapsed_ms=173
2026-10-06 04:29:40+0000 | INFO     | roostoo.api | API_REQUEST_START | method=GET | label=ticker:AVAX/USD | path=/v3/ticker
2026-10-06 04:29:40+0000 | INFO     | roostoo.api | API_REQUEST_OK | method=GET | label=ticker:AVAX/USD | elapsed_ms=171
2026-10-06 04:29:40+0000 | INFO     | roostoo.api | API_REQUEST_START | method=GET | label=ticker:DOT/USD | path=/v3/ticker
2026-10-06 04:29:40+0000 | INFO     | roostoo.api | API_REQUEST_OK | method=GET | label=ticker:DOT/USD | elapsed_ms=187
2026-10-06 04:29:40+0000 | INFO     | roostoo.api | API_REQUEST_START | method=GET | label=ticker:BNB/USD | path=/v3/ticker
2026-10-06 04:29:40+0000 | INFO     | roostoo.api | API_REQUEST_OK | method=GET | label=ticker:BNB/USD | elapsed_ms=185
2026-10-06 04:29:40+0000 | INFO     | roostoo.api | API_REQUEST_START | method=GET | label=ticker:SUI/USD | path=/v3/ticker
2026-10-06 04:29:41+0000 | INFO     | roostoo.api | API_REQUEST_OK | method=GET | label=ticker:SUI/USD | elapsed_ms=175
2026-10-06 04:29:41+0000 | INFO     | roostoo.api | API_REQUEST_START | method=GET | label=ticker:BTC/USD | path=/v3/ticker
2026-10-06 04:29:41+0000 | INFO     | roostoo.api | API_REQUEST_OK | method=GET | label=ticker:BTC/USD | elapsed_ms=543
2026-10-06 04:29:41+0000 | INFO     | bot | LOOP_COMPLETE | elapsed_ms=1477
2026-10-06 04:30:40+0000 | INFO     | roostoo.api | API_REQUEST_START | method=GET | label=ticker:TRX/USD | path=/v3/ticker
2026-10-06 04:30:40+0000 | INFO     | roostoo.api | API_REQUEST_OK | method=GET | label=ticker:TRX/USD | elapsed_ms=175
2026-10-06 04:30:40+0000 | INFO     | roostoo.api | API_REQUEST_START | method=GET | label=ticker:AVAX/USD | path=/v3/ticker
2026-10-06 04:30:40+0000 | INFO     | roostoo.api | API_REQUEST_OK | method=GET | label=ticker:AVAX/USD | elapsed_ms=171
2026-10-06 04:30:40+0000 | INFO     | roostoo.api | API_REQUEST_START | method=GET | label=ticker:DOT/USD | path=/v3/ticker
2026-10-06 04:30:40+0000 | INFO     | roostoo.api | API_REQUEST_OK | method=GET | label=ticker:DOT/USD | elapsed_ms=185
2026-10-06 04:30:40+0000 | INFO     | roostoo.api | API_REQUEST_START | method=GET | label=ticker:BNB/USD | path=/v3/ticker
2026-10-06 04:30:40+0000 | INFO     | roostoo.api | API_REQUEST_OK | method=GET | label=ticker:BNB/USD | elapsed_ms=185
2026-10-06 04:30:40+0000 | INFO     | roostoo.api | API_REQUEST_START | method=GET | label=ticker:SUI/USD | path=/v3/ticker
2026-10-06 04:30:40+0000 | INFO     | roostoo.api | API_REQUEST_OK | method=GET | label=ticker:SUI/USD | elapsed_ms=171
2026-10-06 04:30:41+0000 | INFO     | roostoo.api | API_REQUEST_START | method=GET | label=ticker:BTC/USD | path=/v3/ticker
2026-10-06 04:30:41+0000 | INFO     | roostoo.api | API_REQUEST_OK | method=GET | label=ticker:BTC/USD | elapsed_ms=186
2026-10-06 04:30:41+0000 | INFO     | bot | LOOP_COMPLETE | elapsed_ms=1119
2026-10-06 04:31:40+0000 | INFO     | roostoo.api | API_REQUEST_START | method=GET | label=server_time | path=/v3/serverTime
2026-10-06 04:31:40+0000 | INFO     | roostoo.api | API_REQUEST_OK | method=GET | label=server_time | elapsed_ms=172
2026-10-06 04:31:40+0000 | INFO     | roostoo.api | SERVER_TIME_SYNC | offset_ms=88
2026-10-06 04:31:40+0000 | INFO     | roostoo.api | API_REQUEST_START | method=GET | label=ticker:TRX/USD | path=/v3/ticker
2026-10-06 04:31:40+0000 | INFO     | roostoo.api | API_REQUEST_OK | method=GET | label=ticker:TRX/USD | elapsed_ms=171
2026-10-06 04:31:40+0000 | INFO     | roostoo.api | API_REQUEST_START | method=GET | label=ticker:AVAX/USD | path=/v3/ticker
2026-10-06 04:31:40+0000 | INFO     | roostoo.api | API_REQUEST_OK | method=GET | label=ticker:AVAX/USD | elapsed_ms=186
2026-10-06 04:31:40+0000 | INFO     | roostoo.api | API_REQUEST_START | method=GET | label=ticker:DOT/USD | path=/v3/ticker
2026-10-06 04:31:40+0000 | INFO     | roostoo.api | API_REQUEST_OK | method=GET | label=ticker:DOT/USD | elapsed_ms=185
2026-10-06 04:31:40+0000 | INFO     | roostoo.api | API_REQUEST_START | method=GET | label=ticker:BNB/USD | path=/v3/ticker
2026-10-06 04:31:41+0000 | INFO     | roostoo.api | API_REQUEST_OK | method=GET | label=ticker:BNB/USD | elapsed_ms=185
2026-10-06 04:31:41+0000 | INFO     | roostoo.api | API_REQUEST_START | method=GET | label=ticker:SUI/USD | path=/v3/ticker
2026-10-06 04:31:41+0000 | INFO     | roostoo.api | API_REQUEST_OK | method=GET | label=ticker:SUI/USD | elapsed_ms=545
2026-10-06 04:31:41+0000 | INFO     | roostoo.api | API_REQUEST_START | method=GET | label=ticker:BTC/USD | path=/v3/ticker
2026-10-06 04:31:41+0000 | INFO     | roostoo.api | API_REQUEST_OK | method=GET | label=ticker:BTC/USD | elapsed_ms=188
2026-10-06 04:31:41+0000 | INFO     | bot | LOOP_COMPLETE | elapsed_ms=1676
2026-10-06 04:32:40+0000 | INFO     | roostoo.api | API_REQUEST_START | method=GET | label=ticker:TRX/USD | path=/v3/ticker
2026-10-06 04:32:40+0000 | INFO     | roostoo.api | API_REQUEST_OK | method=GET | label=ticker:TRX/USD | elapsed_ms=187
2026-10-06 04:32:40+0000 | INFO     | roostoo.api | API_REQUEST_START | method=GET | label=ticker:AVAX/USD | path=/v3/ticker
2026-10-06 04:32:40+0000 | INFO     | roostoo.api | API_REQUEST_OK | method=GET | label=ticker:AVAX/USD | elapsed_ms=186
2026-10-06 04:32:40+0000 | INFO     | roostoo.api | API_REQUEST_START | method=GET | label=ticker:DOT/USD | path=/v3/ticker
2026-10-06 04:32:40+0000 | INFO     | roostoo.api | API_REQUEST_OK | method=GET | label=ticker:DOT/USD | elapsed_ms=171
2026-10-06 04:32:40+0000 | INFO     | roostoo.api | API_REQUEST_START | method=GET | label=ticker:BNB/USD | path=/v3/ticker
2026-10-06 04:32:40+0000 | INFO     | roostoo.api | API_REQUEST_OK | method=GET | label=ticker:BNB/USD | elapsed_ms=172
2026-10-06 04:32:40+0000 | INFO     | roostoo.api | API_REQUEST_START | method=GET | label=ticker:SUI/USD | path=/v3/ticker
2026-10-06 04:32:41+0000 | INFO     | roostoo.api | API_REQUEST_OK | method=GET | label=ticker:SUI/USD | elapsed_ms=186
2026-10-06 04:32:41+0000 | INFO     | roostoo.api | API_REQUEST_START | method=GET | label=ticker:BTC/USD | path=/v3/ticker
2026-10-06 04:32:41+0000 | INFO     | roostoo.api | API_REQUEST_OK | method=GET | label=ticker:BTC/USD | elapsed_ms=500
2026-10-06 04:32:41+0000 | INFO     | bot | LOOP_COMPLETE | elapsed_ms=1443
2026-10-06 04:33:40+0000 | INFO     | roostoo.api | API_REQUEST_START | method=GET | label=ticker:TRX/USD | path=/v3/ticker
2026-10-06 04:33:40+0000 | INFO     | roostoo.api | API_REQUEST_OK | method=GET | label=ticker:TRX/USD | elapsed_ms=187
2026-10-06 04:33:40+0000 | INFO     | roostoo.api | API_REQUEST_START | method=GET | label=ticker:AVAX/USD | path=/v3/ticker
2026-10-06 04:33:40+0000 | INFO     | roostoo.api | API_REQUEST_OK | method=GET | label=ticker:AVAX/USD | elapsed_ms=296
2026-10-06 04:33:40+0000 | INFO     | roostoo.api | API_REQUEST_START | method=GET | label=ticker:DOT/USD | path=/v3/ticker
2026-10-06 04:33:40+0000 | INFO     | roostoo.api | API_REQUEST_OK | method=GET | label=ticker:DOT/USD | elapsed_ms=186
2026-10-06 04:33:40+0000 | INFO     | roostoo.api | API_REQUEST_START | method=GET | label=ticker:BNB/USD | path=/v3/ticker
2026-10-06 04:33:40+0000 | INFO     | roostoo.api | API_REQUEST_OK | method=GET | label=ticker:BNB/USD | elapsed_ms=173
2026-10-06 04:33:40+0000 | INFO     | roostoo.api | API_REQUEST_START | method=GET | label=ticker:SUI/USD | path=/v3/ticker
2026-10-06 04:33:41+0000 | INFO     | roostoo.api | API_REQUEST_OK | method=GET | label=ticker:SUI/USD | elapsed_ms=544
2026-10-06 04:33:41+0000 | INFO     | roostoo.api | API_REQUEST_START | method=GET | label=ticker:BTC/USD | path=/v3/ticker
2026-10-06 04:33:42+0000 | INFO     | roostoo.api | API_REQUEST_OK | method=GET | label=ticker:BTC/USD | elapsed_ms=546
2026-10-06 04:33:42+0000 | INFO     | bot | LOOP_COMPLETE | elapsed_ms=1978
2026-10-06 04:34:40+0000 | INFO     | roostoo.api | API_REQUEST_START | method=GET | label=ticker:TRX/USD | path=/v3/ticker
2026-10-06 04:34:40+0000 | INFO     | roostoo.api | API_REQUEST_OK | method=GET | label=ticker:TRX/USD | elapsed_ms=187
2026-10-06 04:34:40+0000 | INFO     | roostoo.api | API_REQUEST_START | method=GET | label=ticker:AVAX/USD | path=/v3/ticker
2026-10-06 04:34:40+0000 | INFO     | roostoo.api | API_REQUEST_OK | method=GET | label=ticker:AVAX/USD | elapsed_ms=185
2026-10-06 04:34:40+0000 | INFO     | roostoo.api | API_REQUEST_START | method=GET | label=ticker:DOT/USD | path=/v3/ticker
2026-10-06 04:34:40+0000 | INFO     | roostoo.api | API_REQUEST_OK | method=GET | label=ticker:DOT/USD | elapsed_ms=171
2026-10-06 04:34:40+0000 | INFO     | roostoo.api | API_REQUEST_START | method=GET | label=ticker:BNB/USD | path=/v3/ticker
2026-10-06 04:34:40+0000 | INFO     | roostoo.api | API_REQUEST_OK | method=GET | label=ticker:BNB/USD | elapsed_ms=186
2026-10-06 04:34:40+0000 | INFO     | roostoo.api | API_REQUEST_START | method=GET | label=ticker:SUI/USD | path=/v3/ticker
2026-10-06 04:34:41+0000 | INFO     | roostoo.api | API_REQUEST_OK | method=GET | label=ticker:SUI/USD | elapsed_ms=187
2026-10-06 04:34:41+0000 | INFO     | roostoo.api | API_REQUEST_START | method=GET | label=ticker:BTC/USD | path=/v3/ticker
2026-10-06 04:34:41+0000 | INFO     | roostoo.api | API_REQUEST_OK | method=GET | label=ticker:BTC/USD | elapsed_ms=174
2026-10-06 04:34:41+0000 | INFO     | bot | LOOP_COMPLETE | elapsed_ms=1132
2026-10-06 04:35:40+0000 | INFO     | roostoo.api | API_REQUEST_START | method=GET | label=ticker:TRX/USD | path=/v3/ticker
2026-10-06 04:35:40+0000 | INFO     | roostoo.api | API_REQUEST_OK | method=GET | label=ticker:TRX/USD | elapsed_ms=185
2026-10-06 04:35:40+0000 | INFO     | roostoo.api | API_REQUEST_START | method=GET | label=ticker:AVAX/USD | path=/v3/ticker
2026-10-06 04:35:40+0000 | INFO     | roostoo.api | API_REQUEST_OK | method=GET | label=ticker:AVAX/USD | elapsed_ms=184
2026-10-06 04:35:40+0000 | INFO     | roostoo.api | API_REQUEST_START | method=GET | label=ticker:DOT/USD | path=/v3/ticker
2026-10-06 04:35:41+0000 | INFO     | roostoo.api | API_REQUEST_OK | method=GET | label=ticker:DOT/USD | elapsed_ms=503
2026-10-06 04:35:41+0000 | INFO     | roostoo.api | API_REQUEST_START | method=GET | label=ticker:BNB/USD | path=/v3/ticker
2026-10-06 04:35:41+0000 | INFO     | roostoo.api | API_REQUEST_OK | method=GET | label=ticker:BNB/USD | elapsed_ms=186
2026-10-06 04:35:41+0000 | INFO     | roostoo.api | API_REQUEST_START | method=GET | label=ticker:SUI/USD | path=/v3/ticker
2026-10-06 04:35:41+0000 | INFO     | roostoo.api | API_REQUEST_OK | method=GET | label=ticker:SUI/USD | elapsed_ms=174
2026-10-06 04:35:41+0000 | INFO     | roostoo.api | API_REQUEST_START | method=GET | label=ticker:BTC/USD | path=/v3/ticker
2026-10-06 04:35:41+0000 | INFO     | roostoo.api | API_REQUEST_OK | method=GET | label=ticker:BTC/USD | elapsed_ms=172
2026-10-06 04:35:41+0000 | INFO     | bot | LOOP_COMPLETE | elapsed_ms=1446
2026-10-06 04:36:40+0000 | INFO     | roostoo.api | API_REQUEST_START | method=GET | label=ticker:TRX/USD | path=/v3/ticker
2026-10-06 04:36:40+0000 | INFO     | roostoo.api | API_REQUEST_OK | method=GET | label=ticker:TRX/USD | elapsed_ms=188
2026-10-06 04:36:40+0000 | INFO     | roostoo.api | API_REQUEST_START | method=GET | label=ticker:AVAX/USD | path=/v3/ticker
2026-10-06 04:36:40+0000 | INFO     | roostoo.api | API_REQUEST_OK | method=GET | label=ticker:AVAX/USD | elapsed_ms=185
2026-10-06 04:36:40+0000 | INFO     | roostoo.api | API_REQUEST_START | method=GET | label=server_time | path=/v3/serverTime
2026-10-06 04:36:40+0000 | INFO     | roostoo.api | API_REQUEST_OK | method=GET | label=server_time | elapsed_ms=184
2026-10-06 04:36:40+0000 | INFO     | roostoo.api | SERVER_TIME_SYNC | offset_ms=87
2026-10-06 04:36:40+0000 | INFO     | roostoo.api | API_REQUEST_START | method=GET | label=ticker:DOT/USD | path=/v3/ticker
2026-10-06 04:36:40+0000 | INFO     | roostoo.api | API_REQUEST_OK | method=GET | label=ticker:DOT/USD | elapsed_ms=184
2026-10-06 04:36:40+0000 | INFO     | roostoo.api | API_REQUEST_START | method=GET | label=ticker:BNB/USD | path=/v3/ticker
2026-10-06 04:36:41+0000 | INFO     | roostoo.api | API_REQUEST_OK | method=GET | label=ticker:BNB/USD | elapsed_ms=541
2026-10-06 04:36:41+0000 | INFO     | roostoo.api | API_REQUEST_START | method=GET | label=ticker:SUI/USD | path=/v3/ticker
2026-10-06 04:36:41+0000 | INFO     | roostoo.api | API_REQUEST_OK | method=GET | label=ticker:SUI/USD | elapsed_ms=185
2026-10-06 04:36:41+0000 | INFO     | roostoo.api | API_REQUEST_START | method=GET | label=ticker:BTC/USD | path=/v3/ticker
2026-10-06 04:36:41+0000 | INFO     | roostoo.api | API_REQUEST_OK | method=GET | label=ticker:BTC/USD | elapsed_ms=186
2026-10-06 04:36:41+0000 | INFO     | bot | LOOP_COMPLETE | elapsed_ms=1696
2026-10-06 04:37:40+0000 | INFO     | roostoo.api | API_REQUEST_START | method=GET | label=ticker:TRX/USD | path=/v3/ticker
2026-10-06 04:37:40+0000 | INFO     | roostoo.api | API_REQUEST_OK | method=GET | label=ticker:TRX/USD | elapsed_ms=260
2026-10-06 04:37:40+0000 | INFO     | roostoo.api | API_REQUEST_START | method=GET | label=ticker:AVAX/USD | path=/v3/ticker
2026-10-06 04:37:40+0000 | INFO     | roostoo.api | API_REQUEST_OK | method=GET | label=ticker:AVAX/USD | elapsed_ms=174
2026-10-06 04:37:40+0000 | INFO     | roostoo.api | API_REQUEST_START | method=GET | label=ticker:DOT/USD | path=/v3/ticker
2026-10-06 04:37:40+0000 | INFO     | roostoo.api | API_REQUEST_OK | method=GET | label=ticker:DOT/USD | elapsed_ms=185
2026-10-06 04:37:40+0000 | INFO     | roostoo.api | API_REQUEST_START | method=GET | label=ticker:BNB/USD | path=/v3/ticker
2026-10-06 04:37:40+0000 | INFO     | roostoo.api | API_REQUEST_OK | method=GET | label=ticker:BNB/USD | elapsed_ms=172
2026-10-06 04:37:40+0000 | INFO     | roostoo.api | API_REQUEST_START | method=GET | label=ticker:SUI/USD | path=/v3/ticker
2026-10-06 04:37:41+0000 | INFO     | roostoo.api | API_REQUEST_OK | method=GET | label=ticker:SUI/USD | elapsed_ms=187
2026-10-06 04:37:41+0000 | INFO     | roostoo.api | API_REQUEST_START | method=GET | label=ticker:BTC/USD | path=/v3/ticker
2026-10-06 04:37:41+0000 | INFO     | roostoo.api | API_REQUEST_OK | method=GET | label=ticker:BTC/USD | elapsed_ms=501
2026-10-06 04:37:41+0000 | INFO     | bot | LOOP_COMPLETE | elapsed_ms=1522
2026-10-06 04:38:40+0000 | INFO     | roostoo.api | API_REQUEST_START | method=GET | label=ticker:TRX/USD | path=/v3/ticker
2026-10-06 04:38:40+0000 | INFO     | roostoo.api | API_REQUEST_OK | method=GET | label=ticker:TRX/USD | elapsed_ms=187
2026-10-06 04:38:40+0000 | INFO     | roostoo.api | API_REQUEST_START | method=GET | label=ticker:AVAX/USD | path=/v3/ticker
2026-10-06 04:38:40+0000 | INFO     | roostoo.api | API_REQUEST_OK | method=GET | label=ticker:AVAX/USD | elapsed_ms=188
2026-10-06 04:38:40+0000 | INFO     | roostoo.api | API_REQUEST_START | method=GET | label=ticker:DOT/USD | path=/v3/ticker
2026-10-06 04:38:40+0000 | INFO     | roostoo.api | API_REQUEST_OK | method=GET | label=ticker:DOT/USD | elapsed_ms=262
2026-10-06 04:38:40+0000 | INFO     | roostoo.api | API_REQUEST_START | method=GET | label=ticker:BNB/USD | path=/v3/ticker
2026-10-06 04:38:40+0000 | INFO     | roostoo.api | API_REQUEST_OK | method=GET | label=ticker:BNB/USD | elapsed_ms=186
2026-10-06 04:38:40+0000 | INFO     | roostoo.api | API_REQUEST_START | method=GET | label=ticker:SUI/USD | path=/v3/ticker
2026-10-06 04:38:41+0000 | INFO     | roostoo.api | API_REQUEST_OK | method=GET | label=ticker:SUI/USD | elapsed_ms=173
2026-10-06 04:38:41+0000 | INFO     | roostoo.api | API_REQUEST_START | method=GET | label=ticker:BTC/USD | path=/v3/ticker
2026-10-06 04:38:41+0000 | INFO     | roostoo.api | API_REQUEST_OK | method=GET | label=ticker:BTC/USD | elapsed_ms=172
2026-10-06 04:38:41+0000 | INFO     | bot | LOOP_COMPLETE | elapsed_ms=1214
2026-10-06 04:39:40+0000 | INFO     | roostoo.api | API_REQUEST_START | method=GET | label=ticker:TRX/USD | path=/v3/ticker
2026-10-06 04:39:40+0000 | INFO     | roostoo.api | API_REQUEST_OK | method=GET | label=ticker:TRX/USD | elapsed_ms=172
2026-10-06 04:39:40+0000 | INFO     | roostoo.api | API_REQUEST_START | method=GET | label=ticker:AVAX/USD | path=/v3/ticker
2026-10-06 04:39:40+0000 | INFO     | roostoo.api | API_REQUEST_OK | method=GET | label=ticker:AVAX/USD | elapsed_ms=172
2026-10-06 04:39:40+0000 | INFO     | roostoo.api | API_REQUEST_START | method=GET | label=ticker:DOT/USD | path=/v3/ticker
2026-10-06 04:39:40+0000 | INFO     | roostoo.api | API_REQUEST_OK | method=GET | label=ticker:DOT/USD | elapsed_ms=541
2026-10-06 04:39:40+0000 | INFO     | roostoo.api | API_REQUEST_START | method=GET | label=ticker:BNB/USD | path=/v3/ticker
2026-10-06 04:39:41+0000 | INFO     | roostoo.api | API_REQUEST_OK | method=GET | label=ticker:BNB/USD | elapsed_ms=186
2026-10-06 04:39:41+0000 | INFO     | roostoo.api | API_REQUEST_START | method=GET | label=ticker:SUI/USD | path=/v3/ticker
2026-10-06 04:39:41+0000 | INFO     | roostoo.api | API_REQUEST_OK | method=GET | label=ticker:SUI/USD | elapsed_ms=544
2026-10-06 04:39:41+0000 | INFO     | roostoo.api | API_REQUEST_START | method=GET | label=ticker:BTC/USD | path=/v3/ticker
2026-10-06 04:39:42+0000 | INFO     | roostoo.api | API_REQUEST_OK | method=GET | label=ticker:BTC/USD | elapsed_ms=504
2026-10-06 04:39:42+0000 | INFO     | bot | LOOP_COMPLETE | elapsed_ms=2171
2026-10-06 04:40:40+0000 | INFO     | roostoo.api | API_REQUEST_START | method=GET | label=ticker:TRX/USD | path=/v3/ticker
2026-10-06 04:40:40+0000 | INFO     | roostoo.api | API_REQUEST_OK | method=GET | label=ticker:TRX/USD | elapsed_ms=191
2026-10-06 04:40:40+0000 | INFO     | roostoo.api | API_REQUEST_START | method=GET | label=ticker:AVAX/USD | path=/v3/ticker
2026-10-06 04:40:40+0000 | INFO     | roostoo.api | API_REQUEST_OK | method=GET | label=ticker:AVAX/USD | elapsed_ms=185
2026-10-06 04:40:40+0000 | INFO     | roostoo.api | API_REQUEST_START | method=GET | label=ticker:DOT/USD | path=/v3/ticker
2026-10-06 04:40:40+0000 | INFO     | roostoo.api | API_REQUEST_OK | method=GET | label=ticker:DOT/USD | elapsed_ms=241
2026-10-06 04:40:40+0000 | INFO     | roostoo.api | API_REQUEST_START | method=GET | label=ticker:BNB/USD | path=/v3/ticker
2026-10-06 04:40:40+0000 | INFO     | roostoo.api | API_REQUEST_OK | method=GET | label=ticker:BNB/USD | elapsed_ms=186
2026-10-06 04:40:40+0000 | INFO     | roostoo.api | API_REQUEST_START | method=GET | label=ticker:SUI/USD | path=/v3/ticker
2026-10-06 04:40:41+0000 | INFO     | roostoo.api | API_REQUEST_OK | method=GET | label=ticker:SUI/USD | elapsed_ms=543
2026-10-06 04:40:41+0000 | INFO     | roostoo.api | API_REQUEST_START | method=GET | label=ticker:BTC/USD | path=/v3/ticker
2026-10-06 04:40:41+0000 | INFO     | roostoo.api | API_REQUEST_OK | method=GET | label=ticker:BTC/USD | elapsed_ms=184
2026-10-06 04:40:41+0000 | INFO     | bot | LOOP_COMPLETE | elapsed_ms=1572
2026-10-06 04:41:40+0000 | INFO     | roostoo.api | API_REQUEST_START | method=GET | label=ticker:TRX/USD | path=/v3/ticker
2026-10-06 04:41:40+0000 | INFO     | roostoo.api | API_REQUEST_OK | method=GET | label=ticker:TRX/USD | elapsed_ms=177
2026-10-06 04:41:40+0000 | INFO     | roostoo.api | API_REQUEST_START | method=GET | label=ticker:AVAX/USD | path=/v3/ticker
2026-10-06 04:41:40+0000 | INFO     | roostoo.api | API_REQUEST_OK | method=GET | label=ticker:AVAX/USD | elapsed_ms=172
2026-10-06 04:41:40+0000 | INFO     | roostoo.api | API_REQUEST_START | method=GET | label=ticker:DOT/USD | path=/v3/ticker
2026-10-06 04:41:40+0000 | INFO     | roostoo.api | API_REQUEST_OK | method=GET | label=ticker:DOT/USD | elapsed_ms=172
2026-10-06 04:41:40+0000 | INFO     | roostoo.api | API_REQUEST_START | method=GET | label=server_time | path=/v3/serverTime
2026-10-06 04:41:41+0000 | INFO     | roostoo.api | API_REQUEST_OK | method=GET | label=server_time | elapsed_ms=502
2026-10-06 04:41:41+0000 | INFO     | roostoo.api | SERVER_TIME_SYNC | offset_ms=418
2026-10-06 04:41:41+0000 | INFO     | roostoo.api | API_REQUEST_START | method=GET | label=ticker:BNB/USD | path=/v3/ticker
2026-10-06 04:41:41+0000 | INFO     | roostoo.api | API_REQUEST_OK | method=GET | label=ticker:BNB/USD | elapsed_ms=171
2026-10-06 04:41:41+0000 | INFO     | roostoo.api | API_REQUEST_START | method=GET | label=ticker:SUI/USD | path=/v3/ticker
2026-10-06 04:41:41+0000 | INFO     | roostoo.api | API_REQUEST_OK | method=GET | label=ticker:SUI/USD | elapsed_ms=172
2026-10-06 04:41:41+0000 | INFO     | roostoo.api | API_REQUEST_START | method=GET | label=ticker:BTC/USD | path=/v3/ticker
2026-10-06 04:41:41+0000 | INFO     | roostoo.api | API_REQUEST_OK | method=GET | label=ticker:BTC/USD | elapsed_ms=171
2026-10-06 04:41:41+0000 | INFO     | bot | LOOP_COMPLETE | elapsed_ms=1581
2026-10-06 04:42:40+0000 | INFO     | roostoo.api | API_REQUEST_START | method=GET | label=ticker:TRX/USD | path=/v3/ticker
2026-10-06 04:42:40+0000 | INFO     | roostoo.api | API_REQUEST_OK | method=GET | label=ticker:TRX/USD | elapsed_ms=186
2026-10-06 04:42:40+0000 | INFO     | roostoo.api | API_REQUEST_START | method=GET | label=ticker:AVAX/USD | path=/v3/ticker
2026-10-06 04:42:40+0000 | INFO     | roostoo.api | API_REQUEST_OK | method=GET | label=ticker:AVAX/USD | elapsed_ms=172
2026-10-06 04:42:40+0000 | INFO     | roostoo.api | API_REQUEST_START | method=GET | label=ticker:DOT/USD | path=/v3/ticker
2026-10-06 04:42:40+0000 | INFO     | roostoo.api | API_REQUEST_OK | method=GET | label=ticker:DOT/USD | elapsed_ms=175
2026-10-06 04:42:40+0000 | INFO     | roostoo.api | API_REQUEST_START | method=GET | label=ticker:BNB/USD | path=/v3/ticker
2026-10-06 04:42:40+0000 | INFO     | roostoo.api | API_REQUEST_OK | method=GET | label=ticker:BNB/USD | elapsed_ms=190
2026-10-06 04:42:40+0000 | INFO     | roostoo.api | API_REQUEST_START | method=GET | label=ticker:SUI/USD | path=/v3/ticker
2026-10-06 04:42:41+0000 | INFO     | roostoo.api | API_REQUEST_OK | method=GET | label=ticker:SUI/USD | elapsed_ms=187
2026-10-06 04:42:41+0000 | INFO     | roostoo.api | API_REQUEST_START | method=GET | label=ticker:BTC/USD | path=/v3/ticker
2026-10-06 04:42:41+0000 | INFO     | roostoo.api | API_REQUEST_OK | method=GET | label=ticker:BTC/USD | elapsed_ms=544
2026-10-06 04:42:41+0000 | INFO     | bot | LOOP_COMPLETE | elapsed_ms=1505
2026-10-06 04:43:40+0000 | INFO     | roostoo.api | API_REQUEST_START | method=GET | label=ticker:TRX/USD | path=/v3/ticker
2026-10-06 04:43:40+0000 | INFO     | roostoo.api | API_REQUEST_OK | method=GET | label=ticker:TRX/USD | elapsed_ms=173
2026-10-06 04:43:40+0000 | INFO     | roostoo.api | API_REQUEST_START | method=GET | label=ticker:AVAX/USD | path=/v3/ticker
2026-10-06 04:43:40+0000 | INFO     | roostoo.api | API_REQUEST_OK | method=GET | label=ticker:AVAX/USD | elapsed_ms=172
2026-10-06 04:43:40+0000 | INFO     | roostoo.api | API_REQUEST_START | method=GET | label=ticker:DOT/USD | path=/v3/ticker
2026-10-06 04:43:40+0000 | INFO     | roostoo.api | API_REQUEST_OK | method=GET | label=ticker:DOT/USD | elapsed_ms=187
2026-10-06 04:43:40+0000 | INFO     | roostoo.api | API_REQUEST_START | method=GET | label=ticker:BNB/USD | path=/v3/ticker
2026-10-06 04:43:40+0000 | INFO     | roostoo.api | API_REQUEST_OK | method=GET | label=ticker:BNB/USD | elapsed_ms=174
2026-10-06 04:43:40+0000 | INFO     | roostoo.api | API_REQUEST_START | method=GET | label=ticker:SUI/USD | path=/v3/ticker
2026-10-06 04:43:41+0000 | INFO     | roostoo.api | API_REQUEST_OK | method=GET | label=ticker:SUI/USD | elapsed_ms=542
2026-10-06 04:43:41+0000 | INFO     | roostoo.api | API_REQUEST_START | method=GET | label=ticker:BTC/USD | path=/v3/ticker
2026-10-06 04:43:41+0000 | INFO     | roostoo.api | API_REQUEST_OK | method=GET | label=ticker:BTC/USD | elapsed_ms=542
2026-10-06 04:43:41+0000 | INFO     | bot | LOOP_COMPLETE | elapsed_ms=1831
2026-10-06 04:44:40+0000 | INFO     | roostoo.api | API_REQUEST_START | method=GET | label=ticker:TRX/USD | path=/v3/ticker
2026-10-06 04:44:40+0000 | INFO     | roostoo.api | API_REQUEST_OK | method=GET | label=ticker:TRX/USD | elapsed_ms=187
2026-10-06 04:44:40+0000 | INFO     | roostoo.api | API_REQUEST_START | method=GET | label=ticker:AVAX/USD | path=/v3/ticker
2026-10-06 04:44:40+0000 | INFO     | roostoo.api | API_REQUEST_OK | method=GET | label=ticker:AVAX/USD | elapsed_ms=185
2026-10-06 04:44:40+0000 | INFO     | roostoo.api | API_REQUEST_START | method=GET | label=ticker:DOT/USD | path=/v3/ticker
2026-10-06 04:44:40+0000 | INFO     | roostoo.api | API_REQUEST_OK | method=GET | label=ticker:DOT/USD | elapsed_ms=173
2026-10-06 04:44:40+0000 | INFO     | roostoo.api | API_REQUEST_START | method=GET | label=ticker:BNB/USD | path=/v3/ticker
2026-10-06 04:44:40+0000 | INFO     | roostoo.api | API_REQUEST_OK | method=GET | label=ticker:BNB/USD | elapsed_ms=185
2026-10-06 04:44:40+0000 | INFO     | roostoo.api | API_REQUEST_START | method=GET | label=ticker:SUI/USD | path=/v3/ticker
2026-10-06 04:44:41+0000 | INFO     | roostoo.api | API_REQUEST_OK | method=GET | label=ticker:SUI/USD | elapsed_ms=172
2026-10-06 04:44:41+0000 | INFO     | roostoo.api | API_REQUEST_START | method=GET | label=ticker:BTC/USD | path=/v3/ticker
2026-10-06 04:44:41+0000 | INFO     | roostoo.api | API_REQUEST_OK | method=GET | label=ticker:BTC/USD | elapsed_ms=501
2026-10-06 04:44:41+0000 | INFO     | bot | LOOP_COMPLETE | elapsed_ms=1443
2026-10-06 04:45:40+0000 | INFO     | roostoo.api | API_REQUEST_START | method=GET | label=ticker:TRX/USD | path=/v3/ticker
2026-10-06 04:45:40+0000 | INFO     | roostoo.api | API_REQUEST_OK | method=GET | label=ticker:TRX/USD | elapsed_ms=188
2026-10-06 04:45:40+0000 | INFO     | roostoo.api | API_REQUEST_START | method=GET | label=ticker:AVAX/USD | path=/v3/ticker
2026-10-06 04:45:40+0000 | INFO     | roostoo.api | API_REQUEST_OK | method=GET | label=ticker:AVAX/USD | elapsed_ms=185
2026-10-06 04:45:40+0000 | INFO     | roostoo.api | API_REQUEST_START | method=GET | label=ticker:DOT/USD | path=/v3/ticker
2026-10-06 04:45:40+0000 | INFO     | roostoo.api | API_REQUEST_OK | method=GET | label=ticker:DOT/USD | elapsed_ms=185
2026-10-06 04:45:40+0000 | INFO     | roostoo.api | API_REQUEST_START | method=GET | label=ticker:BNB/USD | path=/v3/ticker
2026-10-06 04:45:40+0000 | INFO     | roostoo.api | API_REQUEST_OK | method=GET | label=ticker:BNB/USD | elapsed_ms=172
2026-10-06 04:45:40+0000 | INFO     | roostoo.api | API_REQUEST_START | method=GET | label=ticker:SUI/USD | path=/v3/ticker
2026-10-06 04:45:41+0000 | INFO     | roostoo.api | API_REQUEST_OK | method=GET | label=ticker:SUI/USD | elapsed_ms=545
2026-10-06 04:45:41+0000 | INFO     | roostoo.api | API_REQUEST_START | method=GET | label=ticker:BTC/USD | path=/v3/ticker
2026-10-06 04:45:41+0000 | INFO     | roostoo.api | API_REQUEST_OK | method=GET | label=ticker:BTC/USD | elapsed_ms=185
2026-10-06 04:45:41+0000 | INFO     | bot | LOOP_COMPLETE | elapsed_ms=1502
2026-10-06 04:46:40+0000 | INFO     | roostoo.api | API_REQUEST_START | method=GET | label=ticker:TRX/USD | path=/v3/ticker
2026-10-06 04:46:40+0000 | INFO     | roostoo.api | API_REQUEST_OK | method=GET | label=ticker:TRX/USD | elapsed_ms=173
2026-10-06 04:46:40+0000 | INFO     | roostoo.api | API_REQUEST_START | method=GET | label=ticker:AVAX/USD | path=/v3/ticker
2026-10-06 04:46:40+0000 | INFO     | roostoo.api | API_REQUEST_OK | method=GET | label=ticker:AVAX/USD | elapsed_ms=174
2026-10-06 04:46:40+0000 | INFO     | roostoo.api | API_REQUEST_START | method=GET | label=ticker:DOT/USD | path=/v3/ticker
2026-10-06 04:46:40+0000 | INFO     | roostoo.api | API_REQUEST_OK | method=GET | label=ticker:DOT/USD | elapsed_ms=185
2026-10-06 04:46:40+0000 | INFO     | roostoo.api | API_REQUEST_START | method=GET | label=ticker:BNB/USD | path=/v3/ticker
2026-10-06 04:46:40+0000 | INFO     | roostoo.api | API_REQUEST_OK | method=GET | label=ticker:BNB/USD | elapsed_ms=185
2026-10-06 04:46:40+0000 | INFO     | roostoo.api | API_REQUEST_START | method=GET | label=ticker:SUI/USD | path=/v3/ticker
2026-10-06 04:46:41+0000 | INFO     | roostoo.api | API_REQUEST_OK | method=GET | label=ticker:SUI/USD | elapsed_ms=503
2026-10-06 04:46:41+0000 | INFO     | roostoo.api | API_REQUEST_START | method=GET | label=server_time | path=/v3/serverTime
2026-10-06 04:46:41+0000 | INFO     | roostoo.api | API_REQUEST_OK | method=GET | label=server_time | elapsed_ms=185
2026-10-06 04:46:41+0000 | INFO     | roostoo.api | SERVER_TIME_SYNC | offset_ms=101
2026-10-06 04:46:41+0000 | INFO     | roostoo.api | API_REQUEST_START | method=GET | label=ticker:BTC/USD | path=/v3/ticker
2026-10-06 04:46:41+0000 | INFO     | roostoo.api | API_REQUEST_OK | method=GET | label=ticker:BTC/USD | elapsed_ms=186
2026-10-06 04:46:41+0000 | INFO     | bot | LOOP_COMPLETE | elapsed_ms=1634
2026-10-06 04:47:40+0000 | INFO     | roostoo.api | API_REQUEST_START | method=GET | label=ticker:TRX/USD | path=/v3/ticker
2026-10-06 04:47:40+0000 | INFO     | roostoo.api | API_REQUEST_OK | method=GET | label=ticker:TRX/USD | elapsed_ms=172
2026-10-06 04:47:40+0000 | INFO     | roostoo.api | API_REQUEST_START | method=GET | label=ticker:AVAX/USD | path=/v3/ticker
2026-10-06 04:47:40+0000 | INFO     | roostoo.api | API_REQUEST_OK | method=GET | label=ticker:AVAX/USD | elapsed_ms=170
2026-10-06 04:47:40+0000 | INFO     | roostoo.api | API_REQUEST_START | method=GET | label=ticker:DOT/USD | path=/v3/ticker
2026-10-06 04:47:40+0000 | INFO     | roostoo.api | API_REQUEST_OK | method=GET | label=ticker:DOT/USD | elapsed_ms=185
2026-10-06 04:47:40+0000 | INFO     | roostoo.api | API_REQUEST_START | method=GET | label=ticker:BNB/USD | path=/v3/ticker
2026-10-06 04:47:40+0000 | INFO     | roostoo.api | API_REQUEST_OK | method=GET | label=ticker:BNB/USD | elapsed_ms=187
2026-10-06 04:47:40+0000 | INFO     | roostoo.api | API_REQUEST_START | method=GET | label=ticker:SUI/USD | path=/v3/ticker
2026-10-06 04:47:41+0000 | INFO     | roostoo.api | API_REQUEST_OK | method=GET | label=ticker:SUI/USD | elapsed_ms=544
2026-10-06 04:47:41+0000 | INFO     | roostoo.api | API_REQUEST_START | method=GET | label=ticker:BTC/USD | path=/v3/ticker
2026-10-06 04:47:41+0000 | INFO     | roostoo.api | API_REQUEST_OK | method=GET | label=ticker:BTC/USD | elapsed_ms=185
2026-10-06 04:47:41+0000 | INFO     | bot | LOOP_COMPLETE | elapsed_ms=1487
2026-10-06 04:48:40+0000 | INFO     | roostoo.api | API_REQUEST_START | method=GET | label=ticker:TRX/USD | path=/v3/ticker
2026-10-06 04:48:40+0000 | INFO     | roostoo.api | API_REQUEST_OK | method=GET | label=ticker:TRX/USD | elapsed_ms=186
2026-10-06 04:48:40+0000 | INFO     | roostoo.api | API_REQUEST_START | method=GET | label=ticker:AVAX/USD | path=/v3/ticker
2026-10-06 04:48:40+0000 | INFO     | roostoo.api | API_REQUEST_OK | method=GET | label=ticker:AVAX/USD | elapsed_ms=186
2026-10-06 04:48:40+0000 | INFO     | roostoo.api | API_REQUEST_START | method=GET | label=ticker:DOT/USD | path=/v3/ticker
2026-10-06 04:48:41+0000 | INFO     | roostoo.api | API_REQUEST_OK | method=GET | label=ticker:DOT/USD | elapsed_ms=542
2026-10-06 04:48:41+0000 | INFO     | roostoo.api | API_REQUEST_START | method=GET | label=ticker:BNB/USD | path=/v3/ticker
2026-10-06 04:48:41+0000 | INFO     | roostoo.api | API_REQUEST_OK | method=GET | label=ticker:BNB/USD | elapsed_ms=544
2026-10-06 04:48:41+0000 | INFO     | roostoo.api | API_REQUEST_START | method=GET | label=ticker:SUI/USD | path=/v3/ticker
2026-10-06 04:48:41+0000 | INFO     | roostoo.api | API_REQUEST_OK | method=GET | label=ticker:SUI/USD | elapsed_ms=171
2026-10-06 04:48:41+0000 | INFO     | roostoo.api | API_REQUEST_START | method=GET | label=ticker:BTC/USD | path=/v3/ticker
2026-10-06 04:48:41+0000 | INFO     | roostoo.api | API_REQUEST_OK | method=GET | label=ticker:BTC/USD | elapsed_ms=186
2026-10-06 04:48:41+0000 | INFO     | bot | LOOP_COMPLETE | elapsed_ms=1857
2026-10-06 04:49:40+0000 | INFO     | roostoo.api | API_REQUEST_START | method=GET | label=ticker:TRX/USD | path=/v3/ticker
2026-10-06 04:49:40+0000 | INFO     | roostoo.api | API_REQUEST_OK | method=GET | label=ticker:TRX/USD | elapsed_ms=173
2026-10-06 04:49:40+0000 | INFO     | roostoo.api | API_REQUEST_START | method=GET | label=ticker:AVAX/USD | path=/v3/ticker
2026-10-06 04:49:40+0000 | INFO     | roostoo.api | API_REQUEST_OK | method=GET | label=ticker:AVAX/USD | elapsed_ms=172
2026-10-06 04:49:40+0000 | INFO     | roostoo.api | API_REQUEST_START | method=GET | label=ticker:DOT/USD | path=/v3/ticker
2026-10-06 04:49:40+0000 | INFO     | roostoo.api | API_REQUEST_OK | method=GET | label=ticker:DOT/USD | elapsed_ms=185
2026-10-06 04:49:40+0000 | INFO     | roostoo.api | API_REQUEST_START | method=GET | label=ticker:BNB/USD | path=/v3/ticker
2026-10-06 04:49:40+0000 | INFO     | roostoo.api | API_REQUEST_OK | method=GET | label=ticker:BNB/USD | elapsed_ms=185
2026-10-06 04:49:40+0000 | INFO     | roostoo.api | API_REQUEST_START | method=GET | label=ticker:SUI/USD | path=/v3/ticker
2026-10-06 04:49:41+0000 | INFO     | roostoo.api | API_REQUEST_OK | method=GET | label=ticker:SUI/USD | elapsed_ms=244
2026-10-06 04:49:41+0000 | INFO     | roostoo.api | API_REQUEST_START | method=GET | label=ticker:BTC/USD | path=/v3/ticker
2026-10-06 04:49:41+0000 | INFO     | roostoo.api | API_REQUEST_OK | method=GET | label=ticker:BTC/USD | elapsed_ms=506
2026-10-06 04:49:41+0000 | INFO     | bot | LOOP_COMPLETE | elapsed_ms=1505
2026-10-06 04:50:40+0000 | INFO     | roostoo.api | API_REQUEST_START | method=GET | label=ticker:TRX/USD | path=/v3/ticker
2026-10-06 04:50:40+0000 | INFO     | roostoo.api | API_REQUEST_OK | method=GET | label=ticker:TRX/USD | elapsed_ms=175
2026-10-06 04:50:40+0000 | INFO     | roostoo.api | API_REQUEST_START | method=GET | label=ticker:AVAX/USD | path=/v3/ticker
2026-10-06 04:50:40+0000 | INFO     | roostoo.api | API_REQUEST_OK | method=GET | label=ticker:AVAX/USD | elapsed_ms=174
2026-10-06 04:50:40+0000 | INFO     | roostoo.api | API_REQUEST_START | method=GET | label=ticker:DOT/USD | path=/v3/ticker
2026-10-06 04:50:41+0000 | INFO     | roostoo.api | API_REQUEST_OK | method=GET | label=ticker:DOT/USD | elapsed_ms=543
2026-10-06 04:50:41+0000 | INFO     | roostoo.api | API_REQUEST_START | method=GET | label=ticker:BNB/USD | path=/v3/ticker
2026-10-06 04:50:41+0000 | INFO     | roostoo.api | API_REQUEST_OK | method=GET | label=ticker:BNB/USD | elapsed_ms=171
2026-10-06 04:50:41+0000 | INFO     | roostoo.api | API_REQUEST_START | method=GET | label=ticker:SUI/USD | path=/v3/ticker
2026-10-06 04:50:41+0000 | INFO     | roostoo.api | API_REQUEST_OK | method=GET | label=ticker:SUI/USD | elapsed_ms=185
2026-10-06 04:50:41+0000 | INFO     | roostoo.api | API_REQUEST_START | method=GET | label=ticker:BTC/USD | path=/v3/ticker
2026-10-06 04:50:42+0000 | INFO     | roostoo.api | API_REQUEST_OK | method=GET | label=ticker:BTC/USD | elapsed_ms=580
2026-10-06 04:50:42+0000 | INFO     | bot | LOOP_COMPLETE | elapsed_ms=1895
2026-10-06 04:51:40+0000 | INFO     | roostoo.api | API_REQUEST_START | method=GET | label=ticker:TRX/USD | path=/v3/ticker
2026-10-06 04:51:40+0000 | INFO     | roostoo.api | API_REQUEST_OK | method=GET | label=ticker:TRX/USD | elapsed_ms=173
2026-10-06 04:51:40+0000 | INFO     | roostoo.api | API_REQUEST_START | method=GET | label=ticker:AVAX/USD | path=/v3/ticker
2026-10-06 04:51:40+0000 | INFO     | roostoo.api | API_REQUEST_OK | method=GET | label=ticker:AVAX/USD | elapsed_ms=171
2026-10-06 04:51:40+0000 | INFO     | roostoo.api | API_REQUEST_START | method=GET | label=ticker:DOT/USD | path=/v3/ticker
2026-10-06 04:51:40+0000 | INFO     | roostoo.api | API_REQUEST_OK | method=GET | label=ticker:DOT/USD | elapsed_ms=172
2026-10-06 04:51:40+0000 | INFO     | roostoo.api | API_REQUEST_START | method=GET | label=ticker:BNB/USD | path=/v3/ticker
2026-10-06 04:51:40+0000 | INFO     | roostoo.api | API_REQUEST_OK | method=GET | label=ticker:BNB/USD | elapsed_ms=187
2026-10-06 04:51:40+0000 | INFO     | roostoo.api | API_REQUEST_START | method=GET | label=ticker:SUI/USD | path=/v3/ticker
2026-10-06 04:51:41+0000 | INFO     | roostoo.api | API_REQUEST_OK | method=GET | label=ticker:SUI/USD | elapsed_ms=501
2026-10-06 04:51:41+0000 | INFO     | roostoo.api | API_REQUEST_START | method=GET | label=ticker:BTC/USD | path=/v3/ticker
2026-10-06 04:51:41+0000 | INFO     | roostoo.api | API_REQUEST_OK | method=GET | label=ticker:BTC/USD | elapsed_ms=186
2026-10-06 04:51:41+0000 | INFO     | bot | LOOP_COMPLETE | elapsed_ms=1434
2026-10-06 04:52:40+0000 | INFO     | roostoo.api | API_REQUEST_START | method=GET | label=server_time | path=/v3/serverTime
2026-10-06 04:52:40+0000 | INFO     | roostoo.api | API_REQUEST_OK | method=GET | label=server_time | elapsed_ms=186
2026-10-06 04:52:40+0000 | INFO     | roostoo.api | SERVER_TIME_SYNC | offset_ms=102
2026-10-06 04:52:40+0000 | INFO     | roostoo.api | API_REQUEST_START | method=GET | label=ticker:TRX/USD | path=/v3/ticker
2026-10-06 04:52:40+0000 | INFO     | roostoo.api | API_REQUEST_OK | method=GET | label=ticker:TRX/USD | elapsed_ms=185
2026-10-06 04:52:40+0000 | INFO     | roostoo.api | API_REQUEST_START | method=GET | label=ticker:AVAX/USD | path=/v3/ticker
2026-10-06 04:52:40+0000 | INFO     | roostoo.api | API_REQUEST_OK | method=GET | label=ticker:AVAX/USD | elapsed_ms=185
2026-10-06 04:52:40+0000 | INFO     | roostoo.api | API_REQUEST_START | method=GET | label=ticker:DOT/USD | path=/v3/ticker
2026-10-06 04:52:40+0000 | INFO     | roostoo.api | API_REQUEST_OK | method=GET | label=ticker:DOT/USD | elapsed_ms=185
2026-10-06 04:52:40+0000 | INFO     | roostoo.api | API_REQUEST_START | method=GET | label=ticker:BNB/USD | path=/v3/ticker
2026-10-06 04:52:41+0000 | INFO     | roostoo.api | API_REQUEST_OK | method=GET | label=ticker:BNB/USD | elapsed_ms=186
2026-10-06 04:52:41+0000 | INFO     | roostoo.api | API_REQUEST_START | method=GET | label=ticker:SUI/USD | path=/v3/ticker
2026-10-06 04:52:41+0000 | INFO     | roostoo.api | API_REQUEST_OK | method=GET | label=ticker:SUI/USD | elapsed_ms=542
2026-10-06 04:52:41+0000 | INFO     | roostoo.api | API_REQUEST_START | method=GET | label=ticker:BTC/USD | path=/v3/ticker
2026-10-06 04:52:41+0000 | INFO     | roostoo.api | API_REQUEST_OK | method=GET | label=ticker:BTC/USD | elapsed_ms=185
2026-10-06 04:52:41+0000 | INFO     | bot | LOOP_COMPLETE | elapsed_ms=1698
2026-10-06 04:53:40+0000 | INFO     | roostoo.api | API_REQUEST_START | method=GET | label=ticker:TRX/USD | path=/v3/ticker
2026-10-06 04:53:40+0000 | INFO     | roostoo.api | API_REQUEST_OK | method=GET | label=ticker:TRX/USD | elapsed_ms=185
2026-10-06 04:53:40+0000 | INFO     | roostoo.api | API_REQUEST_START | method=GET | label=ticker:AVAX/USD | path=/v3/ticker
2026-10-06 04:53:40+0000 | INFO     | roostoo.api | API_REQUEST_OK | method=GET | label=ticker:AVAX/USD | elapsed_ms=172
2026-10-06 04:53:40+0000 | INFO     | roostoo.api | API_REQUEST_START | method=GET | label=ticker:DOT/USD | path=/v3/ticker
2026-10-06 04:53:41+0000 | INFO     | roostoo.api | API_REQUEST_OK | method=GET | label=ticker:DOT/USD | elapsed_ms=544
2026-10-06 04:53:41+0000 | INFO     | roostoo.api | API_REQUEST_START | method=GET | label=ticker:BNB/USD | path=/v3/ticker
2026-10-06 04:53:41+0000 | INFO     | roostoo.api | API_REQUEST_OK | method=GET | label=ticker:BNB/USD | elapsed_ms=185
2026-10-06 04:53:41+0000 | INFO     | roostoo.api | API_REQUEST_START | method=GET | label=ticker:SUI/USD | path=/v3/ticker
2026-10-06 04:53:41+0000 | INFO     | roostoo.api | API_REQUEST_OK | method=GET | label=ticker:SUI/USD | elapsed_ms=542
2026-10-06 04:53:41+0000 | INFO     | roostoo.api | API_REQUEST_START | method=GET | label=ticker:BTC/USD | path=/v3/ticker
2026-10-06 04:53:41+0000 | INFO     | roostoo.api | API_REQUEST_OK | method=GET | label=ticker:BTC/USD | elapsed_ms=185
2026-10-06 04:53:41+0000 | INFO     | bot | LOOP_COMPLETE | elapsed_ms=1854
2026-10-06 04:54:40+0000 | INFO     | roostoo.api | API_REQUEST_START | method=GET | label=ticker:TRX/USD | path=/v3/ticker
2026-10-06 04:54:40+0000 | INFO     | roostoo.api | API_REQUEST_OK | method=GET | label=ticker:TRX/USD | elapsed_ms=186
2026-10-06 04:54:40+0000 | INFO     | roostoo.api | API_REQUEST_START | method=GET | label=ticker:AVAX/USD | path=/v3/ticker
2026-10-06 04:54:40+0000 | INFO     | roostoo.api | API_REQUEST_OK | method=GET | label=ticker:AVAX/USD | elapsed_ms=185
2026-10-06 04:54:40+0000 | INFO     | roostoo.api | API_REQUEST_START | method=GET | label=ticker:DOT/USD | path=/v3/ticker
2026-10-06 04:54:41+0000 | INFO     | roostoo.api | API_REQUEST_OK | method=GET | label=ticker:DOT/USD | elapsed_ms=542
2026-10-06 04:54:41+0000 | INFO     | roostoo.api | API_REQUEST_START | method=GET | label=ticker:BNB/USD | path=/v3/ticker
2026-10-06 04:54:41+0000 | INFO     | roostoo.api | API_REQUEST_OK | method=GET | label=ticker:BNB/USD | elapsed_ms=186
2026-10-06 04:54:41+0000 | INFO     | roostoo.api | API_REQUEST_START | method=GET | label=ticker:SUI/USD | path=/v3/ticker
2026-10-06 04:54:41+0000 | INFO     | roostoo.api | API_REQUEST_OK | method=GET | label=ticker:SUI/USD | elapsed_ms=185
2026-10-06 04:54:41+0000 | INFO     | roostoo.api | API_REQUEST_START | method=GET | label=ticker:BTC/USD | path=/v3/ticker
2026-10-06 04:54:41+0000 | INFO     | roostoo.api | API_REQUEST_OK | method=GET | label=ticker:BTC/USD | elapsed_ms=502
2026-10-06 04:54:41+0000 | INFO     | bot | LOOP_COMPLETE | elapsed_ms=1827
2026-10-06 04:55:40+0000 | INFO     | roostoo.api | API_REQUEST_START | method=GET | label=ticker:TRX/USD | path=/v3/ticker
2026-10-06 04:55:40+0000 | INFO     | roostoo.api | API_REQUEST_OK | method=GET | label=ticker:TRX/USD | elapsed_ms=186
2026-10-06 04:55:40+0000 | INFO     | roostoo.api | API_REQUEST_START | method=GET | label=ticker:AVAX/USD | path=/v3/ticker
2026-10-06 04:55:40+0000 | INFO     | roostoo.api | API_REQUEST_OK | method=GET | label=ticker:AVAX/USD | elapsed_ms=185
2026-10-06 04:55:40+0000 | INFO     | roostoo.api | API_REQUEST_START | method=GET | label=ticker:DOT/USD | path=/v3/ticker
2026-10-06 04:55:40+0000 | INFO     | roostoo.api | API_REQUEST_OK | method=GET | label=ticker:DOT/USD | elapsed_ms=173
2026-10-06 04:55:40+0000 | INFO     | roostoo.api | API_REQUEST_START | method=GET | label=ticker:BNB/USD | path=/v3/ticker
2026-10-06 04:55:40+0000 | INFO     | roostoo.api | API_REQUEST_OK | method=GET | label=ticker:BNB/USD | elapsed_ms=172
2026-10-06 04:55:40+0000 | INFO     | roostoo.api | API_REQUEST_START | method=GET | label=ticker:SUI/USD | path=/v3/ticker
2026-10-06 04:55:41+0000 | INFO     | roostoo.api | API_REQUEST_OK | method=GET | label=ticker:SUI/USD | elapsed_ms=504
2026-10-06 04:55:41+0000 | INFO     | roostoo.api | API_REQUEST_START | method=GET | label=ticker:BTC/USD | path=/v3/ticker
2026-10-06 04:55:41+0000 | INFO     | roostoo.api | API_REQUEST_OK | method=GET | label=ticker:BTC/USD | elapsed_ms=173
2026-10-06 04:55:41+0000 | INFO     | bot | LOOP_COMPLETE | elapsed_ms=1434
2026-10-06 04:56:40+0000 | INFO     | roostoo.api | API_REQUEST_START | method=GET | label=ticker:TRX/USD | path=/v3/ticker
2026-10-06 04:56:40+0000 | INFO     | roostoo.api | API_REQUEST_OK | method=GET | label=ticker:TRX/USD | elapsed_ms=173
2026-10-06 04:56:40+0000 | INFO     | roostoo.api | API_REQUEST_START | method=GET | label=ticker:AVAX/USD | path=/v3/ticker
2026-10-06 04:56:40+0000 | INFO     | roostoo.api | API_REQUEST_OK | method=GET | label=ticker:AVAX/USD | elapsed_ms=172
2026-10-06 04:56:40+0000 | INFO     | roostoo.api | API_REQUEST_START | method=GET | label=ticker:DOT/USD | path=/v3/ticker
2026-10-06 04:56:40+0000 | INFO     | roostoo.api | API_REQUEST_OK | method=GET | label=ticker:DOT/USD | elapsed_ms=186
2026-10-06 04:56:40+0000 | INFO     | roostoo.api | API_REQUEST_START | method=GET | label=ticker:BNB/USD | path=/v3/ticker
2026-10-06 04:56:41+0000 | INFO     | roostoo.api | API_REQUEST_OK | method=GET | label=ticker:BNB/USD | elapsed_ms=544
2026-10-06 04:56:41+0000 | INFO     | roostoo.api | API_REQUEST_START | method=GET | label=ticker:SUI/USD | path=/v3/ticker
2026-10-06 04:56:41+0000 | INFO     | roostoo.api | API_REQUEST_OK | method=GET | label=ticker:SUI/USD | elapsed_ms=185
2026-10-06 04:56:41+0000 | INFO     | roostoo.api | API_REQUEST_START | method=GET | label=ticker:BTC/USD | path=/v3/ticker
2026-10-06 04:56:41+0000 | INFO     | roostoo.api | API_REQUEST_OK | method=GET | label=ticker:BTC/USD | elapsed_ms=501
2026-10-06 04:56:41+0000 | INFO     | bot | LOOP_COMPLETE | elapsed_ms=1803
2026-10-06 04:57:40+0000 | INFO     | roostoo.api | API_REQUEST_START | method=GET | label=ticker:TRX/USD | path=/v3/ticker
2026-10-06 04:57:40+0000 | INFO     | roostoo.api | API_REQUEST_OK | method=GET | label=ticker:TRX/USD | elapsed_ms=174
2026-10-06 04:57:40+0000 | INFO     | roostoo.api | API_REQUEST_START | method=GET | label=server_time | path=/v3/serverTime
2026-10-06 04:57:40+0000 | INFO     | roostoo.api | API_REQUEST_OK | method=GET | label=server_time | elapsed_ms=185
2026-10-06 04:57:40+0000 | INFO     | roostoo.api | SERVER_TIME_SYNC | offset_ms=100
2026-10-06 04:57:40+0000 | INFO     | roostoo.api | API_REQUEST_START | method=GET | label=ticker:AVAX/USD | path=/v3/ticker
2026-10-06 04:57:40+0000 | INFO     | roostoo.api | API_REQUEST_OK | method=GET | label=ticker:AVAX/USD | elapsed_ms=185
2026-10-06 04:57:40+0000 | INFO     | roostoo.api | API_REQUEST_START | method=GET | label=ticker:DOT/USD | path=/v3/ticker
2026-10-06 04:57:40+0000 | INFO     | roostoo.api | API_REQUEST_OK | method=GET | label=ticker:DOT/USD | elapsed_ms=172
2026-10-06 04:57:40+0000 | INFO     | roostoo.api | API_REQUEST_START | method=GET | label=ticker:BNB/USD | path=/v3/ticker
2026-10-06 04:57:41+0000 | INFO     | roostoo.api | API_REQUEST_OK | method=GET | label=ticker:BNB/USD | elapsed_ms=187
2026-10-06 04:57:41+0000 | INFO     | roostoo.api | API_REQUEST_START | method=GET | label=ticker:SUI/USD | path=/v3/ticker
2026-10-06 04:57:41+0000 | INFO     | roostoo.api | API_REQUEST_OK | method=GET | label=ticker:SUI/USD | elapsed_ms=173
2026-10-06 04:57:41+0000 | INFO     | roostoo.api | API_REQUEST_START | method=GET | label=ticker:BTC/USD | path=/v3/ticker
2026-10-06 04:57:41+0000 | INFO     | roostoo.api | API_REQUEST_OK | method=GET | label=ticker:BTC/USD | elapsed_ms=173
2026-10-06 04:57:41+0000 | INFO     | bot | LOOP_COMPLETE | elapsed_ms=1293
2026-10-06 04:58:40+0000 | INFO     | roostoo.api | API_REQUEST_START | method=GET | label=ticker:TRX/USD | path=/v3/ticker
2026-10-06 04:58:40+0000 | INFO     | roostoo.api | API_REQUEST_OK | method=GET | label=ticker:TRX/USD | elapsed_ms=188
2026-10-06 04:58:40+0000 | INFO     | roostoo.api | API_REQUEST_START | method=GET | label=ticker:AVAX/USD | path=/v3/ticker
2026-10-06 04:58:40+0000 | INFO     | roostoo.api | API_REQUEST_OK | method=GET | label=ticker:AVAX/USD | elapsed_ms=185
2026-10-06 04:58:40+0000 | INFO     | roostoo.api | API_REQUEST_START | method=GET | label=ticker:DOT/USD | path=/v3/ticker
2026-10-06 04:58:40+0000 | INFO     | roostoo.api | API_REQUEST_OK | method=GET | label=ticker:DOT/USD | elapsed_ms=172
2026-10-06 04:58:40+0000 | INFO     | roostoo.api | API_REQUEST_START | method=GET | label=ticker:BNB/USD | path=/v3/ticker
2026-10-06 04:58:40+0000 | INFO     | roostoo.api | API_REQUEST_OK | method=GET | label=ticker:BNB/USD | elapsed_ms=171
2026-10-06 04:58:40+0000 | INFO     | roostoo.api | API_REQUEST_START | method=GET | label=ticker:SUI/USD | path=/v3/ticker
2026-10-06 04:58:41+0000 | INFO     | roostoo.api | API_REQUEST_OK | method=GET | label=ticker:SUI/USD | elapsed_ms=172
2026-10-06 04:58:41+0000 | INFO     | roostoo.api | API_REQUEST_START | method=GET | label=ticker:BTC/USD | path=/v3/ticker
2026-10-06 04:58:41+0000 | INFO     | roostoo.api | API_REQUEST_OK | method=GET | label=ticker:BTC/USD | elapsed_ms=544
2026-10-06 04:58:41+0000 | INFO     | bot | LOOP_COMPLETE | elapsed_ms=1475
2026-10-06 04:59:40+0000 | INFO     | roostoo.api | API_REQUEST_START | method=GET | label=ticker:TRX/USD | path=/v3/ticker
2026-10-06 04:59:40+0000 | INFO     | roostoo.api | API_REQUEST_OK | method=GET | label=ticker:TRX/USD | elapsed_ms=186
2026-10-06 04:59:40+0000 | INFO     | roostoo.api | API_REQUEST_START | method=GET | label=ticker:AVAX/USD | path=/v3/ticker
2026-10-06 04:59:40+0000 | INFO     | roostoo.api | API_REQUEST_OK | method=GET | label=ticker:AVAX/USD | elapsed_ms=185
2026-10-06 04:59:40+0000 | INFO     | roostoo.api | API_REQUEST_START | method=GET | label=ticker:DOT/USD | path=/v3/ticker
2026-10-06 04:59:40+0000 | INFO     | roostoo.api | API_REQUEST_OK | method=GET | label=ticker:DOT/USD | elapsed_ms=186
2026-10-06 04:59:40+0000 | INFO     | roostoo.api | API_REQUEST_START | method=GET | label=ticker:BNB/USD | path=/v3/ticker
2026-10-06 04:59:40+0000 | INFO     | roostoo.api | API_REQUEST_OK | method=GET | label=ticker:BNB/USD | elapsed_ms=185
2026-10-06 04:59:40+0000 | INFO     | roostoo.api | API_REQUEST_START | method=GET | label=ticker:SUI/USD | path=/v3/ticker
2026-10-06 04:59:41+0000 | INFO     | roostoo.api | API_REQUEST_OK | method=GET | label=ticker:SUI/USD | elapsed_ms=185
2026-10-06 04:59:41+0000 | INFO     | roostoo.api | API_REQUEST_START | method=GET | label=ticker:BTC/USD | path=/v3/ticker
2026-10-06 04:59:41+0000 | INFO     | roostoo.api | API_REQUEST_OK | method=GET | label=ticker:BTC/USD | elapsed_ms=185
2026-10-06 04:59:41+0000 | INFO     | bot | LOOP_COMPLETE | elapsed_ms=1154
2026-10-06 05:00:40+0000 | INFO     | roostoo.api | API_REQUEST_START | method=GET | label=ticker:TRX/USD | path=/v3/ticker
2026-10-06 05:00:40+0000 | INFO     | roostoo.api | API_REQUEST_OK | method=GET | label=ticker:TRX/USD | elapsed_ms=175
2026-10-06 05:00:40+0000 | INFO     | bot | SIGNAL_CANDLE | pair=TRX/USD | candle=1791259200000 | signal=0 | fast=0.33608367 | slow=0.33595502
2026-10-06 05:00:40+0000 | WARNING  | bot | SIGNAL_EXECUTION | pair=TRX/USD | signal_candle=1791259200000 | execution_hour=1791262800000 | price=0.3364 | action=HOLD | reason=NONE | fast=0.33608367 | slow=0.33595502
2026-10-06 05:00:40+0000 | INFO     | roostoo.api | API_REQUEST_START | method=GET | label=ticker:AVAX/USD | path=/v3/ticker
2026-10-06 05:00:40+0000 | INFO     | roostoo.api | API_REQUEST_OK | method=GET | label=ticker:AVAX/USD | elapsed_ms=172
2026-10-06 05:00:40+0000 | INFO     | bot | SIGNAL_CANDLE | pair=AVAX/USD | candle=1791259200000 | signal=0 | fast=11.04173999 | slow=11.02806331
2026-10-06 05:00:40+0000 | WARNING  | bot | SIGNAL_EXECUTION | pair=AVAX/USD | signal_candle=1791259200000 | execution_hour=1791262800000 | price=11.241 | action=HOLD | reason=NONE | fast=11.04173999 | slow=11.02806331
2026-10-06 05:00:40+0000 | INFO     | roostoo.api | API_REQUEST_START | method=GET | label=ticker:DOT/USD | path=/v3/ticker
2026-10-06 05:00:40+0000 | INFO     | roostoo.api | API_REQUEST_OK | method=GET | label=ticker:DOT/USD | elapsed_ms=234
2026-10-06 05:00:40+0000 | INFO     | bot | SIGNAL_CANDLE | pair=DOT/USD | candle=1791259200000 | signal=0 | fast=1.21301194 | slow=1.20734451
2026-10-06 05:00:40+0000 | WARNING  | bot | SIGNAL_EXECUTION | pair=DOT/USD | signal_candle=1791259200000 | execution_hour=1791262800000 | price=1.227 | action=HOLD | reason=NONE | fast=1.21301194 | slow=1.20734451
2026-10-06 05:00:40+0000 | INFO     | roostoo.api | API_REQUEST_START | method=GET | label=ticker:BNB/USD | path=/v3/ticker
2026-10-06 05:00:40+0000 | INFO     | roostoo.api | API_REQUEST_OK | method=GET | label=ticker:BNB/USD | elapsed_ms=172
2026-10-06 05:00:40+0000 | INFO     | bot | SIGNAL_CANDLE | pair=BNB/USD | candle=1791259200000 | signal=0 | fast=786.96463277 | slow=785.78865363
2026-10-06 05:00:40+0000 | WARNING  | bot | SIGNAL_EXECUTION | pair=BNB/USD | signal_candle=1791259200000 | execution_hour=1791262800000 | price=781.34 | action=HOLD | reason=NONE | fast=786.96463277 | slow=785.78865363
2026-10-06 05:00:40+0000 | INFO     | roostoo.api | API_REQUEST_START | method=GET | label=ticker:SUI/USD | path=/v3/ticker
2026-10-06 05:00:41+0000 | INFO     | roostoo.api | API_REQUEST_OK | method=GET | label=ticker:SUI/USD | elapsed_ms=172
2026-10-06 05:00:41+0000 | INFO     | bot | SIGNAL_CANDLE | pair=SUI/USD | candle=1791259200000 | signal=0 | fast=1.20652312 | slow=1.20167889
2026-10-06 05:00:41+0000 | WARNING  | bot | SIGNAL_EXECUTION | pair=SUI/USD | signal_candle=1791259200000 | execution_hour=1791262800000 | price=1.194 | action=HOLD | reason=NONE | fast=1.20652312 | slow=1.20167889
2026-10-06 05:00:41+0000 | INFO     | roostoo.api | API_REQUEST_START | method=GET | label=ticker:BTC/USD | path=/v3/ticker
2026-10-06 05:00:41+0000 | INFO     | roostoo.api | API_REQUEST_OK | method=GET | label=ticker:BTC/USD | elapsed_ms=172
2026-10-06 05:00:41+0000 | INFO     | bot | SIGNAL_CANDLE | pair=BTC/USD | candle=1791259200000 | signal=0 | fast=85705.64515542 | slow=85557.27036455
2026-10-06 05:00:41+0000 | WARNING  | bot | SIGNAL_EXECUTION | pair=BTC/USD | signal_candle=1791259200000 | execution_hour=1791262800000 | price=85628.32 | action=HOLD | reason=NONE | fast=85705.64515542 | slow=85557.27036455
2026-10-06 05:00:41+0000 | INFO     | bot | LOOP_COMPLETE | elapsed_ms=1184
2026-10-06 05:01:40+0000 | INFO     | roostoo.api | API_REQUEST_START | method=GET | label=ticker:TRX/USD | path=/v3/ticker
2026-10-06 05:01:40+0000 | INFO     | roostoo.api | API_REQUEST_OK | method=GET | label=ticker:TRX/USD | elapsed_ms=173
2026-10-06 05:01:40+0000 | INFO     | roostoo.api | API_REQUEST_START | method=GET | label=ticker:AVAX/USD | path=/v3/ticker
2026-10-06 05:01:40+0000 | INFO     | roostoo.api | API_REQUEST_OK | method=GET | label=ticker:AVAX/USD | elapsed_ms=171
2026-10-06 05:01:40+0000 | INFO     | roostoo.api | API_REQUEST_START | method=GET | label=ticker:DOT/USD | path=/v3/ticker
2026-10-06 05:01:40+0000 | INFO     | roostoo.api | API_REQUEST_OK | method=GET | label=ticker:DOT/USD | elapsed_ms=171
2026-10-06 05:01:40+0000 | INFO     | roostoo.api | API_REQUEST_START | method=GET | label=ticker:BNB/USD | path=/v3/ticker
2026-10-06 05:01:41+0000 | INFO     | roostoo.api | API_REQUEST_OK | method=GET | label=ticker:BNB/USD | elapsed_ms=504
2026-10-06 05:01:41+0000 | INFO     | roostoo.api | API_REQUEST_START | method=GET | label=ticker:SUI/USD | path=/v3/ticker
2026-10-06 05:01:41+0000 | INFO     | roostoo.api | API_REQUEST_OK | method=GET | label=ticker:SUI/USD | elapsed_ms=172
2026-10-06 05:01:41+0000 | INFO     | roostoo.api | API_REQUEST_START | method=GET | label=ticker:BTC/USD | path=/v3/ticker
2026-10-06 05:01:41+0000 | INFO     | roostoo.api | API_REQUEST_OK | method=GET | label=ticker:BTC/USD | elapsed_ms=172
2026-10-06 05:01:41+0000 | INFO     | bot | LOOP_COMPLETE | elapsed_ms=1406
2026-10-06 05:02:40+0000 | INFO     | roostoo.api | API_REQUEST_START | method=GET | label=ticker:TRX/USD | path=/v3/ticker
2026-10-06 05:02:40+0000 | INFO     | roostoo.api | API_REQUEST_OK | method=GET | label=ticker:TRX/USD | elapsed_ms=188
2026-10-06 05:02:40+0000 | INFO     | roostoo.api | API_REQUEST_START | method=GET | label=ticker:AVAX/USD | path=/v3/ticker
2026-10-06 05:02:40+0000 | INFO     | roostoo.api | API_REQUEST_OK | method=GET | label=ticker:AVAX/USD | elapsed_ms=172
2026-10-06 05:02:40+0000 | INFO     | roostoo.api | API_REQUEST_START | method=GET | label=server_time | path=/v3/serverTime
2026-10-06 05:02:40+0000 | INFO     | roostoo.api | API_REQUEST_OK | method=GET | label=server_time | elapsed_ms=240
2026-10-06 05:02:40+0000 | INFO     | roostoo.api | SERVER_TIME_SYNC | offset_ms=155
2026-10-06 05:02:40+0000 | INFO     | roostoo.api | API_REQUEST_START | method=GET | label=ticker:DOT/USD | path=/v3/ticker
2026-10-06 05:02:41+0000 | INFO     | roostoo.api | API_REQUEST_OK | method=GET | label=ticker:DOT/USD | elapsed_ms=501
2026-10-06 05:02:41+0000 | INFO     | roostoo.api | API_REQUEST_START | method=GET | label=ticker:BNB/USD | path=/v3/ticker
2026-10-06 05:02:41+0000 | INFO     | roostoo.api | API_REQUEST_OK | method=GET | label=ticker:BNB/USD | elapsed_ms=172
2026-10-06 05:02:41+0000 | INFO     | roostoo.api | API_REQUEST_START | method=GET | label=ticker:SUI/USD | path=/v3/ticker
2026-10-06 05:02:41+0000 | INFO     | roostoo.api | API_REQUEST_OK | method=GET | label=ticker:SUI/USD | elapsed_ms=172
2026-10-06 05:02:41+0000 | INFO     | roostoo.api | API_REQUEST_START | method=GET | label=ticker:BTC/USD | path=/v3/ticker
2026-10-06 05:02:42+0000 | INFO     | roostoo.api | API_REQUEST_OK | method=GET | label=ticker:BTC/USD | elapsed_ms=504
2026-10-06 05:02:42+0000 | INFO     | bot | LOOP_COMPLETE | elapsed_ms=1998
2026-10-06 05:03:40+0000 | INFO     | roostoo.api | API_REQUEST_START | method=GET | label=ticker:TRX/USD | path=/v3/ticker
2026-10-06 05:03:40+0000 | INFO     | roostoo.api | API_REQUEST_OK | method=GET | label=ticker:TRX/USD | elapsed_ms=186
2026-10-06 05:03:40+0000 | INFO     | roostoo.api | API_REQUEST_START | method=GET | label=ticker:AVAX/USD | path=/v3/ticker
2026-10-06 05:03:40+0000 | INFO     | roostoo.api | API_REQUEST_OK | method=GET | label=ticker:AVAX/USD | elapsed_ms=185
2026-10-06 05:03:40+0000 | INFO     | roostoo.api | API_REQUEST_START | method=GET | label=ticker:DOT/USD | path=/v3/ticker
2026-10-06 05:03:40+0000 | INFO     | roostoo.api | API_REQUEST_OK | method=GET | label=ticker:DOT/USD | elapsed_ms=172
2026-10-06 05:03:40+0000 | INFO     | roostoo.api | API_REQUEST_START | method=GET | label=ticker:BNB/USD | path=/v3/ticker
2026-10-06 05:03:40+0000 | INFO     | roostoo.api | API_REQUEST_OK | method=GET | label=ticker:BNB/USD | elapsed_ms=173
2026-10-06 05:03:40+0000 | INFO     | roostoo.api | API_REQUEST_START | method=GET | label=ticker:SUI/USD | path=/v3/ticker
2026-10-06 05:03:41+0000 | INFO     | roostoo.api | API_REQUEST_OK | method=GET | label=ticker:SUI/USD | elapsed_ms=185
2026-10-06 05:03:41+0000 | INFO     | roostoo.api | API_REQUEST_START | method=GET | label=ticker:BTC/USD | path=/v3/ticker
2026-10-06 05:03:41+0000 | INFO     | roostoo.api | API_REQUEST_OK | method=GET | label=ticker:BTC/USD | elapsed_ms=543
2026-10-06 05:03:41+0000 | INFO     | bot | LOOP_COMPLETE | elapsed_ms=1486
2026-10-06 05:04:40+0000 | INFO     | roostoo.api | API_REQUEST_START | method=GET | label=ticker:TRX/USD | path=/v3/ticker
2026-10-06 05:04:40+0000 | INFO     | roostoo.api | API_REQUEST_OK | method=GET | label=ticker:TRX/USD | elapsed_ms=187
2026-10-06 05:04:40+0000 | INFO     | roostoo.api | API_REQUEST_START | method=GET | label=ticker:AVAX/USD | path=/v3/ticker
2026-10-06 05:04:40+0000 | INFO     | roostoo.api | API_REQUEST_OK | method=GET | label=ticker:AVAX/USD | elapsed_ms=187
2026-10-06 05:04:40+0000 | INFO     | roostoo.api | API_REQUEST_START | method=GET | label=ticker:DOT/USD | path=/v3/ticker
2026-10-06 05:04:41+0000 | INFO     | roostoo.api | API_REQUEST_OK | method=GET | label=ticker:DOT/USD | elapsed_ms=503
2026-10-06 05:04:41+0000 | INFO     | roostoo.api | API_REQUEST_START | method=GET | label=ticker:BNB/USD | path=/v3/ticker
2026-10-06 05:04:41+0000 | INFO     | roostoo.api | API_REQUEST_OK | method=GET | label=ticker:BNB/USD | elapsed_ms=295
2026-10-06 05:04:41+0000 | INFO     | roostoo.api | API_REQUEST_START | method=GET | label=ticker:SUI/USD | path=/v3/ticker
2026-10-06 05:04:41+0000 | INFO     | roostoo.api | API_REQUEST_OK | method=GET | label=ticker:SUI/USD | elapsed_ms=185
2026-10-06 05:04:41+0000 | INFO     | roostoo.api | API_REQUEST_START | method=GET | label=ticker:BTC/USD | path=/v3/ticker
2026-10-06 05:04:41+0000 | INFO     | roostoo.api | API_REQUEST_OK | method=GET | label=ticker:BTC/USD | elapsed_ms=186
2026-10-06 05:04:41+0000 | INFO     | bot | LOOP_COMPLETE | elapsed_ms=1592
2026-10-06 05:05:40+0000 | INFO     | roostoo.api | API_REQUEST_START | method=GET | label=ticker:TRX/USD | path=/v3/ticker
2026-10-06 05:05:40+0000 | INFO     | roostoo.api | API_REQUEST_OK | method=GET | label=ticker:TRX/USD | elapsed_ms=186
2026-10-06 05:05:40+0000 | INFO     | roostoo.api | API_REQUEST_START | method=GET | label=ticker:AVAX/USD | path=/v3/ticker
2026-10-06 05:05:40+0000 | INFO     | roostoo.api | API_REQUEST_OK | method=GET | label=ticker:AVAX/USD | elapsed_ms=185
2026-10-06 05:05:40+0000 | INFO     | roostoo.api | API_REQUEST_START | method=GET | label=ticker:DOT/USD | path=/v3/ticker
2026-10-06 05:05:40+0000 | INFO     | roostoo.api | API_REQUEST_OK | method=GET | label=ticker:DOT/USD | elapsed_ms=186
2026-10-06 05:05:40+0000 | INFO     | roostoo.api | API_REQUEST_START | method=GET | label=ticker:BNB/USD | path=/v3/ticker
2026-10-06 05:05:40+0000 | INFO     | roostoo.api | API_REQUEST_OK | method=GET | label=ticker:BNB/USD | elapsed_ms=186
2026-10-06 05:05:40+0000 | INFO     | roostoo.api | API_REQUEST_START | method=GET | label=ticker:SUI/USD | path=/v3/ticker
2026-10-06 05:05:41+0000 | INFO     | roostoo.api | API_REQUEST_OK | method=GET | label=ticker:SUI/USD | elapsed_ms=187
2026-10-06 05:05:41+0000 | INFO     | roostoo.api | API_REQUEST_START | method=GET | label=ticker:BTC/USD | path=/v3/ticker
2026-10-06 05:05:41+0000 | INFO     | roostoo.api | API_REQUEST_OK | method=GET | label=ticker:BTC/USD | elapsed_ms=501
2026-10-06 05:05:41+0000 | INFO     | bot | LOOP_COMPLETE | elapsed_ms=1472
2026-10-06 05:06:40+0000 | INFO     | roostoo.api | API_REQUEST_START | method=GET | label=ticker:TRX/USD | path=/v3/ticker
2026-10-06 05:06:40+0000 | INFO     | roostoo.api | API_REQUEST_OK | method=GET | label=ticker:TRX/USD | elapsed_ms=173
2026-10-06 05:06:40+0000 | INFO     | roostoo.api | API_REQUEST_START | method=GET | label=ticker:AVAX/USD | path=/v3/ticker
2026-10-06 05:06:40+0000 | INFO     | roostoo.api | API_REQUEST_OK | method=GET | label=ticker:AVAX/USD | elapsed_ms=172
2026-10-06 05:06:40+0000 | INFO     | roostoo.api | API_REQUEST_START | method=GET | label=ticker:DOT/USD | path=/v3/ticker
2026-10-06 05:06:40+0000 | INFO     | roostoo.api | API_REQUEST_OK | method=GET | label=ticker:DOT/USD | elapsed_ms=172
2026-10-06 05:06:40+0000 | INFO     | roostoo.api | API_REQUEST_START | method=GET | label=ticker:BNB/USD | path=/v3/ticker
2026-10-06 05:06:40+0000 | INFO     | roostoo.api | API_REQUEST_OK | method=GET | label=ticker:BNB/USD | elapsed_ms=171
2026-10-06 05:06:40+0000 | INFO     | roostoo.api | API_REQUEST_START | method=GET | label=ticker:SUI/USD | path=/v3/ticker
2026-10-06 05:06:41+0000 | INFO     | roostoo.api | API_REQUEST_OK | method=GET | label=ticker:SUI/USD | elapsed_ms=171
2026-10-06 05:06:41+0000 | INFO     | roostoo.api | API_REQUEST_START | method=GET | label=ticker:BTC/USD | path=/v3/ticker
2026-10-06 05:06:41+0000 | INFO     | roostoo.api | API_REQUEST_OK | method=GET | label=ticker:BTC/USD | elapsed_ms=501
2026-10-06 05:06:41+0000 | INFO     | bot | LOOP_COMPLETE | elapsed_ms=1403
2026-10-06 05:07:40+0000 | INFO     | roostoo.api | API_REQUEST_START | method=GET | label=ticker:TRX/USD | path=/v3/ticker
2026-10-06 05:07:40+0000 | INFO     | roostoo.api | API_REQUEST_OK | method=GET | label=ticker:TRX/USD | elapsed_ms=187
2026-10-06 05:07:40+0000 | INFO     | roostoo.api | API_REQUEST_START | method=GET | label=ticker:AVAX/USD | path=/v3/ticker
2026-10-06 05:07:40+0000 | INFO     | roostoo.api | API_REQUEST_OK | method=GET | label=ticker:AVAX/USD | elapsed_ms=186
2026-10-06 05:07:40+0000 | INFO     | roostoo.api | API_REQUEST_START | method=GET | label=ticker:DOT/USD | path=/v3/ticker
2026-10-06 05:07:40+0000 | INFO     | roostoo.api | API_REQUEST_OK | method=GET | label=ticker:DOT/USD | elapsed_ms=172
2026-10-06 05:07:40+0000 | INFO     | roostoo.api | API_REQUEST_START | method=GET | label=ticker:BNB/USD | path=/v3/ticker
2026-10-06 05:07:40+0000 | INFO     | roostoo.api | API_REQUEST_OK | method=GET | label=ticker:BNB/USD | elapsed_ms=172
2026-10-06 05:07:40+0000 | INFO     | roostoo.api | API_REQUEST_START | method=GET | label=server_time | path=/v3/serverTime
2026-10-06 05:07:40+0000 | INFO     | roostoo.api | API_REQUEST_OK | method=GET | label=server_time | elapsed_ms=171
2026-10-06 05:07:40+0000 | INFO     | roostoo.api | SERVER_TIME_SYNC | offset_ms=87
2026-10-06 05:07:40+0000 | INFO     | roostoo.api | API_REQUEST_START | method=GET | label=ticker:SUI/USD | path=/v3/ticker
2026-10-06 05:07:41+0000 | INFO     | roostoo.api | API_REQUEST_OK | method=GET | label=ticker:SUI/USD | elapsed_ms=171
2026-10-06 05:07:41+0000 | INFO     | roostoo.api | API_REQUEST_START | method=GET | label=ticker:BTC/USD | path=/v3/ticker
2026-10-06 05:07:41+0000 | INFO     | roostoo.api | API_REQUEST_OK | method=GET | label=ticker:BTC/USD | elapsed_ms=544
2026-10-06 05:07:41+0000 | INFO     | bot | LOOP_COMPLETE | elapsed_ms=1650
2026-10-06 05:08:40+0000 | INFO     | roostoo.api | API_REQUEST_START | method=GET | label=ticker:TRX/USD | path=/v3/ticker
2026-10-06 05:08:40+0000 | INFO     | roostoo.api | API_REQUEST_OK | method=GET | label=ticker:TRX/USD | elapsed_ms=189
2026-10-06 05:08:40+0000 | INFO     | roostoo.api | API_REQUEST_START | method=GET | label=ticker:AVAX/USD | path=/v3/ticker
2026-10-06 05:08:40+0000 | INFO     | roostoo.api | API_REQUEST_OK | method=GET | label=ticker:AVAX/USD | elapsed_ms=174
2026-10-06 05:08:40+0000 | INFO     | roostoo.api | API_REQUEST_START | method=GET | label=ticker:DOT/USD | path=/v3/ticker
2026-10-06 05:08:40+0000 | INFO     | roostoo.api | API_REQUEST_OK | method=GET | label=ticker:DOT/USD | elapsed_ms=504
2026-10-06 05:08:40+0000 | INFO     | roostoo.api | API_REQUEST_START | method=GET | label=ticker:BNB/USD | path=/v3/ticker
2026-10-06 05:08:41+0000 | INFO     | roostoo.api | API_REQUEST_OK | method=GET | label=ticker:BNB/USD | elapsed_ms=290
2026-10-06 05:08:41+0000 | INFO     | roostoo.api | API_REQUEST_START | method=GET | label=ticker:SUI/USD | path=/v3/ticker
2026-10-06 05:08:41+0000 | INFO     | roostoo.api | API_REQUEST_OK | method=GET | label=ticker:SUI/USD | elapsed_ms=189
2026-10-06 05:08:41+0000 | INFO     | roostoo.api | API_REQUEST_START | method=GET | label=ticker:BTC/USD | path=/v3/ticker
2026-10-06 05:08:42+0000 | INFO     | roostoo.api | API_REQUEST_OK | method=GET | label=ticker:BTC/USD | elapsed_ms=580
2026-10-06 05:08:42+0000 | INFO     | bot | LOOP_COMPLETE | elapsed_ms=1981
2026-10-06 05:09:40+0000 | INFO     | roostoo.api | API_REQUEST_START | method=GET | label=ticker:TRX/USD | path=/v3/ticker
2026-10-06 05:09:40+0000 | INFO     | roostoo.api | API_REQUEST_OK | method=GET | label=ticker:TRX/USD | elapsed_ms=173
2026-10-06 05:09:40+0000 | INFO     | roostoo.api | API_REQUEST_START | method=GET | label=ticker:AVAX/USD | path=/v3/ticker
2026-10-06 05:09:40+0000 | INFO     | roostoo.api | API_REQUEST_OK | method=GET | label=ticker:AVAX/USD | elapsed_ms=171
2026-10-06 05:09:40+0000 | INFO     | roostoo.api | API_REQUEST_START | method=GET | label=ticker:DOT/USD | path=/v3/ticker
2026-10-06 05:09:40+0000 | INFO     | roostoo.api | API_REQUEST_OK | method=GET | label=ticker:DOT/USD | elapsed_ms=185
2026-10-06 05:09:40+0000 | INFO     | roostoo.api | API_REQUEST_START | method=GET | label=ticker:BNB/USD | path=/v3/ticker
2026-10-06 05:09:40+0000 | INFO     | roostoo.api | API_REQUEST_OK | method=GET | label=ticker:BNB/USD | elapsed_ms=172
2026-10-06 05:09:40+0000 | INFO     | roostoo.api | API_REQUEST_START | method=GET | label=ticker:SUI/USD | path=/v3/ticker
2026-10-06 05:09:41+0000 | INFO     | roostoo.api | API_REQUEST_OK | method=GET | label=ticker:SUI/USD | elapsed_ms=185
2026-10-06 05:09:41+0000 | INFO     | roostoo.api | API_REQUEST_START | method=GET | label=ticker:BTC/USD | path=/v3/ticker
2026-10-06 05:09:41+0000 | INFO     | roostoo.api | API_REQUEST_OK | method=GET | label=ticker:BTC/USD | elapsed_ms=185
2026-10-06 05:09:41+0000 | INFO     | bot | LOOP_COMPLETE | elapsed_ms=1114
2026-10-06 05:10:40+0000 | INFO     | roostoo.api | API_REQUEST_START | method=GET | label=ticker:TRX/USD | path=/v3/ticker
2026-10-06 05:10:40+0000 | INFO     | roostoo.api | API_REQUEST_OK | method=GET | label=ticker:TRX/USD | elapsed_ms=172
2026-10-06 05:10:40+0000 | INFO     | roostoo.api | API_REQUEST_START | method=GET | label=ticker:AVAX/USD | path=/v3/ticker
2026-10-06 05:10:40+0000 | INFO     | roostoo.api | API_REQUEST_OK | method=GET | label=ticker:AVAX/USD | elapsed_ms=186
2026-10-06 05:10:40+0000 | INFO     | roostoo.api | API_REQUEST_START | method=GET | label=ticker:DOT/USD | path=/v3/ticker
2026-10-06 05:10:40+0000 | INFO     | roostoo.api | API_REQUEST_OK | method=GET | label=ticker:DOT/USD | elapsed_ms=172
2026-10-06 05:10:40+0000 | INFO     | roostoo.api | API_REQUEST_START | method=GET | label=ticker:BNB/USD | path=/v3/ticker
2026-10-06 05:10:40+0000 | INFO     | roostoo.api | API_REQUEST_OK | method=GET | label=ticker:BNB/USD | elapsed_ms=185
2026-10-06 05:10:40+0000 | INFO     | roostoo.api | API_REQUEST_START | method=GET | label=ticker:SUI/USD | path=/v3/ticker
2026-10-06 05:10:40+0000 | INFO     | roostoo.api | API_REQUEST_OK | method=GET | label=ticker:SUI/USD | elapsed_ms=171
2026-10-06 05:10:41+0000 | INFO     | roostoo.api | API_REQUEST_START | method=GET | label=ticker:BTC/USD | path=/v3/ticker
2026-10-06 05:10:41+0000 | INFO     | roostoo.api | API_REQUEST_OK | method=GET | label=ticker:BTC/USD | elapsed_ms=503
2026-10-06 05:10:41+0000 | INFO     | bot | LOOP_COMPLETE | elapsed_ms=1433
2026-10-06 05:11:40+0000 | INFO     | roostoo.api | API_REQUEST_START | method=GET | label=ticker:TRX/USD | path=/v3/ticker
2026-10-06 05:11:40+0000 | INFO     | roostoo.api | API_REQUEST_OK | method=GET | label=ticker:TRX/USD | elapsed_ms=172
2026-10-06 05:11:40+0000 | INFO     | roostoo.api | API_REQUEST_START | method=GET | label=ticker:AVAX/USD | path=/v3/ticker
2026-10-06 05:11:40+0000 | INFO     | roostoo.api | API_REQUEST_OK | method=GET | label=ticker:AVAX/USD | elapsed_ms=172
2026-10-06 05:11:40+0000 | INFO     | roostoo.api | API_REQUEST_START | method=GET | label=ticker:DOT/USD | path=/v3/ticker
2026-10-06 05:11:40+0000 | INFO     | roostoo.api | API_REQUEST_OK | method=GET | label=ticker:DOT/USD | elapsed_ms=173
2026-10-06 05:11:40+0000 | INFO     | roostoo.api | API_REQUEST_START | method=GET | label=ticker:BNB/USD | path=/v3/ticker
2026-10-06 05:11:40+0000 | INFO     | roostoo.api | API_REQUEST_OK | method=GET | label=ticker:BNB/USD | elapsed_ms=174
2026-10-06 05:11:40+0000 | INFO     | roostoo.api | API_REQUEST_START | method=GET | label=ticker:SUI/USD | path=/v3/ticker
2026-10-06 05:11:41+0000 | INFO     | roostoo.api | API_REQUEST_OK | method=GET | label=ticker:SUI/USD | elapsed_ms=540
2026-10-06 05:11:41+0000 | INFO     | roostoo.api | API_REQUEST_START | method=GET | label=ticker:BTC/USD | path=/v3/ticker
2026-10-06 05:11:41+0000 | INFO     | roostoo.api | API_REQUEST_OK | method=GET | label=ticker:BTC/USD | elapsed_ms=172
2026-10-06 05:11:41+0000 | INFO     | bot | LOOP_COMPLETE | elapsed_ms=1447
2026-10-06 05:12:40+0000 | INFO     | roostoo.api | API_REQUEST_START | method=GET | label=ticker:TRX/USD | path=/v3/ticker
2026-10-06 05:12:40+0000 | INFO     | roostoo.api | API_REQUEST_OK | method=GET | label=ticker:TRX/USD | elapsed_ms=187
2026-10-06 05:12:40+0000 | INFO     | roostoo.api | API_REQUEST_START | method=GET | label=ticker:AVAX/USD | path=/v3/ticker
2026-10-06 05:12:40+0000 | INFO     | roostoo.api | API_REQUEST_OK | method=GET | label=ticker:AVAX/USD | elapsed_ms=174
2026-10-06 05:12:40+0000 | INFO     | roostoo.api | API_REQUEST_START | method=GET | label=ticker:DOT/USD | path=/v3/ticker
2026-10-06 05:12:40+0000 | INFO     | roostoo.api | API_REQUEST_OK | method=GET | label=ticker:DOT/USD | elapsed_ms=185
2026-10-06 05:12:40+0000 | INFO     | roostoo.api | API_REQUEST_START | method=GET | label=ticker:BNB/USD | path=/v3/ticker
2026-10-06 05:12:40+0000 | INFO     | roostoo.api | API_REQUEST_OK | method=GET | label=ticker:BNB/USD | elapsed_ms=186
2026-10-06 05:12:40+0000 | INFO     | roostoo.api | API_REQUEST_START | method=GET | label=ticker:SUI/USD | path=/v3/ticker
2026-10-06 05:12:41+0000 | INFO     | roostoo.api | API_REQUEST_OK | method=GET | label=ticker:SUI/USD | elapsed_ms=543
2026-10-06 05:12:41+0000 | INFO     | roostoo.api | API_REQUEST_START | method=GET | label=server_time | path=/v3/serverTime
2026-10-06 05:12:41+0000 | INFO     | roostoo.api | API_REQUEST_OK | method=GET | label=server_time | elapsed_ms=172
2026-10-06 05:12:41+0000 | INFO     | roostoo.api | SERVER_TIME_SYNC | offset_ms=87
2026-10-06 05:12:41+0000 | INFO     | roostoo.api | API_REQUEST_START | method=GET | label=ticker:BTC/USD | path=/v3/ticker
2026-10-06 05:12:41+0000 | INFO     | roostoo.api | API_REQUEST_OK | method=GET | label=ticker:BTC/USD | elapsed_ms=184
2026-10-06 05:12:41+0000 | INFO     | bot | LOOP_COMPLETE | elapsed_ms=1675
2026-10-06 05:13:40+0000 | INFO     | roostoo.api | API_REQUEST_START | method=GET | label=ticker:TRX/USD | path=/v3/ticker
2026-10-06 05:13:40+0000 | INFO     | roostoo.api | API_REQUEST_OK | method=GET | label=ticker:TRX/USD | elapsed_ms=186
2026-10-06 05:13:40+0000 | INFO     | roostoo.api | API_REQUEST_START | method=GET | label=ticker:AVAX/USD | path=/v3/ticker
2026-10-06 05:13:40+0000 | INFO     | roostoo.api | API_REQUEST_OK | method=GET | label=ticker:AVAX/USD | elapsed_ms=186
2026-10-06 05:13:40+0000 | INFO     | roostoo.api | API_REQUEST_START | method=GET | label=ticker:DOT/USD | path=/v3/ticker
2026-10-06 05:13:41+0000 | INFO     | roostoo.api | API_REQUEST_OK | method=GET | label=ticker:DOT/USD | elapsed_ms=505
2026-10-06 05:13:41+0000 | INFO     | roostoo.api | API_REQUEST_START | method=GET | label=ticker:BNB/USD | path=/v3/ticker
2026-10-06 05:13:41+0000 | INFO     | roostoo.api | API_REQUEST_OK | method=GET | label=ticker:BNB/USD | elapsed_ms=185
2026-10-06 05:13:41+0000 | INFO     | roostoo.api | API_REQUEST_START | method=GET | label=ticker:SUI/USD | path=/v3/ticker
2026-10-06 05:13:41+0000 | INFO     | roostoo.api | API_REQUEST_OK | method=GET | label=ticker:SUI/USD | elapsed_ms=186
2026-10-06 05:13:41+0000 | INFO     | roostoo.api | API_REQUEST_START | method=GET | label=ticker:BTC/USD | path=/v3/ticker
2026-10-06 05:13:41+0000 | INFO     | roostoo.api | API_REQUEST_OK | method=GET | label=ticker:BTC/USD | elapsed_ms=324
2026-10-06 05:13:41+0000 | INFO     | bot | LOOP_COMPLETE | elapsed_ms=1618
2026-10-06 05:14:40+0000 | INFO     | roostoo.api | API_REQUEST_START | method=GET | label=ticker:TRX/USD | path=/v3/ticker
2026-10-06 05:14:40+0000 | INFO     | roostoo.api | API_REQUEST_OK | method=GET | label=ticker:TRX/USD | elapsed_ms=173
2026-10-06 05:14:40+0000 | INFO     | roostoo.api | API_REQUEST_START | method=GET | label=ticker:AVAX/USD | path=/v3/ticker
2026-10-06 05:14:40+0000 | INFO     | roostoo.api | API_REQUEST_OK | method=GET | label=ticker:AVAX/USD | elapsed_ms=233
2026-10-06 05:14:40+0000 | INFO     | roostoo.api | API_REQUEST_START | method=GET | label=ticker:DOT/USD | path=/v3/ticker
2026-10-06 05:14:41+0000 | INFO     | roostoo.api | API_REQUEST_OK | method=GET | label=ticker:DOT/USD | elapsed_ms=501
2026-10-06 05:14:41+0000 | INFO     | roostoo.api | API_REQUEST_START | method=GET | label=ticker:BNB/USD | path=/v3/ticker
2026-10-06 05:14:41+0000 | INFO     | roostoo.api | API_REQUEST_OK | method=GET | label=ticker:BNB/USD | elapsed_ms=172
2026-10-06 05:14:41+0000 | INFO     | roostoo.api | API_REQUEST_START | method=GET | label=ticker:SUI/USD | path=/v3/ticker
2026-10-06 05:14:41+0000 | INFO     | roostoo.api | API_REQUEST_OK | method=GET | label=ticker:SUI/USD | elapsed_ms=172
2026-10-06 05:14:41+0000 | INFO     | roostoo.api | API_REQUEST_START | method=GET | label=ticker:BTC/USD | path=/v3/ticker
2026-10-06 05:14:41+0000 | INFO     | roostoo.api | API_REQUEST_OK | method=GET | label=ticker:BTC/USD | elapsed_ms=172
2026-10-06 05:14:41+0000 | INFO     | bot | LOOP_COMPLETE | elapsed_ms=1466
2026-10-06 05:15:40+0000 | INFO     | roostoo.api | API_REQUEST_START | method=GET | label=ticker:TRX/USD | path=/v3/ticker
2026-10-06 05:15:40+0000 | INFO     | roostoo.api | API_REQUEST_OK | method=GET | label=ticker:TRX/USD | elapsed_ms=173
2026-10-06 05:15:40+0000 | INFO     | roostoo.api | API_REQUEST_START | method=GET | label=ticker:AVAX/USD | path=/v3/ticker
2026-10-06 05:15:40+0000 | INFO     | roostoo.api | API_REQUEST_OK | method=GET | label=ticker:AVAX/USD | elapsed_ms=171
2026-10-06 05:15:40+0000 | INFO     | roostoo.api | API_REQUEST_START | method=GET | label=ticker:DOT/USD | path=/v3/ticker
2026-10-06 05:15:40+0000 | INFO     | roostoo.api | API_REQUEST_OK | method=GET | label=ticker:DOT/USD | elapsed_ms=186
2026-10-06 05:15:40+0000 | INFO     | roostoo.api | API_REQUEST_START | method=GET | label=ticker:BNB/USD | path=/v3/ticker
2026-10-06 05:15:40+0000 | INFO     | roostoo.api | API_REQUEST_OK | method=GET | label=ticker:BNB/USD | elapsed_ms=186
2026-10-06 05:15:40+0000 | INFO     | roostoo.api | API_REQUEST_START | method=GET | label=ticker:SUI/USD | path=/v3/ticker
2026-10-06 05:15:41+0000 | INFO     | roostoo.api | API_REQUEST_OK | method=GET | label=ticker:SUI/USD | elapsed_ms=503
2026-10-06 05:15:41+0000 | INFO     | roostoo.api | API_REQUEST_START | method=GET | label=ticker:BTC/USD | path=/v3/ticker
2026-10-06 05:15:41+0000 | INFO     | roostoo.api | API_REQUEST_OK | method=GET | label=ticker:BTC/USD | elapsed_ms=503
2026-10-06 05:15:41+0000 | INFO     | bot | LOOP_COMPLETE | elapsed_ms=1766
2026-10-06 05:16:40+0000 | INFO     | roostoo.api | API_REQUEST_START | method=GET | label=ticker:TRX/USD | path=/v3/ticker
2026-10-06 05:16:40+0000 | INFO     | roostoo.api | API_REQUEST_OK | method=GET | label=ticker:TRX/USD | elapsed_ms=172
2026-10-06 05:16:40+0000 | INFO     | roostoo.api | API_REQUEST_START | method=GET | label=ticker:AVAX/USD | path=/v3/ticker
2026-10-06 05:16:40+0000 | INFO     | roostoo.api | API_REQUEST_OK | method=GET | label=ticker:AVAX/USD | elapsed_ms=187
2026-10-06 05:16:40+0000 | INFO     | roostoo.api | API_REQUEST_START | method=GET | label=ticker:DOT/USD | path=/v3/ticker
2026-10-06 05:16:41+0000 | INFO     | roostoo.api | API_REQUEST_OK | method=GET | label=ticker:DOT/USD | elapsed_ms=503
2026-10-06 05:16:41+0000 | INFO     | roostoo.api | API_REQUEST_START | method=GET | label=ticker:BNB/USD | path=/v3/ticker
2026-10-06 05:16:41+0000 | INFO     | roostoo.api | API_REQUEST_OK | method=GET | label=ticker:BNB/USD | elapsed_ms=172
2026-10-06 05:16:41+0000 | INFO     | roostoo.api | API_REQUEST_START | method=GET | label=ticker:SUI/USD | path=/v3/ticker
2026-10-06 05:16:41+0000 | INFO     | roostoo.api | API_REQUEST_OK | method=GET | label=ticker:SUI/USD | elapsed_ms=184
2026-10-06 05:16:41+0000 | INFO     | roostoo.api | API_REQUEST_START | method=GET | label=ticker:BTC/USD | path=/v3/ticker
2026-10-06 05:16:41+0000 | INFO     | roostoo.api | API_REQUEST_OK | method=GET | label=ticker:BTC/USD | elapsed_ms=184
2026-10-06 05:16:41+0000 | INFO     | bot | LOOP_COMPLETE | elapsed_ms=1443
2026-10-06 05:17:40+0000 | INFO     | roostoo.api | API_REQUEST_START | method=GET | label=ticker:TRX/USD | path=/v3/ticker
2026-10-06 05:17:40+0000 | INFO     | roostoo.api | API_REQUEST_OK | method=GET | label=ticker:TRX/USD | elapsed_ms=185
2026-10-06 05:17:40+0000 | INFO     | roostoo.api | API_REQUEST_START | method=GET | label=ticker:AVAX/USD | path=/v3/ticker
2026-10-06 05:17:40+0000 | INFO     | roostoo.api | API_REQUEST_OK | method=GET | label=ticker:AVAX/USD | elapsed_ms=185
2026-10-06 05:17:40+0000 | INFO     | roostoo.api | API_REQUEST_START | method=GET | label=ticker:DOT/USD | path=/v3/ticker
2026-10-06 05:17:40+0000 | INFO     | roostoo.api | API_REQUEST_OK | method=GET | label=ticker:DOT/USD | elapsed_ms=172
2026-10-06 05:17:40+0000 | INFO     | roostoo.api | API_REQUEST_START | method=GET | label=ticker:BNB/USD | path=/v3/ticker
2026-10-06 05:17:40+0000 | INFO     | roostoo.api | API_REQUEST_OK | method=GET | label=ticker:BNB/USD | elapsed_ms=172
2026-10-06 05:17:40+0000 | INFO     | roostoo.api | API_REQUEST_START | method=GET | label=ticker:SUI/USD | path=/v3/ticker
2026-10-06 05:17:41+0000 | INFO     | roostoo.api | API_REQUEST_OK | method=GET | label=ticker:SUI/USD | elapsed_ms=184
2026-10-06 05:17:41+0000 | INFO     | roostoo.api | API_REQUEST_START | method=GET | label=ticker:BTC/USD | path=/v3/ticker
2026-10-06 05:17:41+0000 | INFO     | roostoo.api | API_REQUEST_OK | method=GET | label=ticker:BTC/USD | elapsed_ms=186
2026-10-06 05:17:41+0000 | INFO     | bot | LOOP_COMPLETE | elapsed_ms=1126
2026-10-06 05:18:40+0000 | INFO     | roostoo.api | API_REQUEST_START | method=GET | label=server_time | path=/v3/serverTime
2026-10-06 05:18:40+0000 | INFO     | roostoo.api | API_REQUEST_OK | method=GET | label=server_time | elapsed_ms=186
2026-10-06 05:18:40+0000 | INFO     | roostoo.api | SERVER_TIME_SYNC | offset_ms=101
2026-10-06 05:18:40+0000 | INFO     | roostoo.api | API_REQUEST_START | method=GET | label=ticker:TRX/USD | path=/v3/ticker
2026-10-06 05:18:40+0000 | INFO     | roostoo.api | API_REQUEST_OK | method=GET | label=ticker:TRX/USD | elapsed_ms=184
2026-10-06 05:18:40+0000 | INFO     | roostoo.api | API_REQUEST_START | method=GET | label=ticker:AVAX/USD | path=/v3/ticker
2026-10-06 05:18:41+0000 | INFO     | roostoo.api | API_REQUEST_OK | method=GET | label=ticker:AVAX/USD | elapsed_ms=544
2026-10-06 05:18:41+0000 | INFO     | roostoo.api | API_REQUEST_START | method=GET | label=ticker:DOT/USD | path=/v3/ticker
2026-10-06 05:18:41+0000 | INFO     | roostoo.api | API_REQUEST_OK | method=GET | label=ticker:DOT/USD | elapsed_ms=356
2026-10-06 05:18:41+0000 | INFO     | roostoo.api | API_REQUEST_START | method=GET | label=ticker:BNB/USD | path=/v3/ticker
2026-10-06 05:18:41+0000 | INFO     | roostoo.api | API_REQUEST_OK | method=GET | label=ticker:BNB/USD | elapsed_ms=185
2026-10-06 05:18:41+0000 | INFO     | roostoo.api | API_REQUEST_START | method=GET | label=ticker:SUI/USD | path=/v3/ticker
2026-10-06 05:18:41+0000 | INFO     | roostoo.api | API_REQUEST_OK | method=GET | label=ticker:SUI/USD | elapsed_ms=172
2026-10-06 05:18:41+0000 | INFO     | roostoo.api | API_REQUEST_START | method=GET | label=ticker:BTC/USD | path=/v3/ticker
2026-10-06 05:18:42+0000 | INFO     | roostoo.api | API_REQUEST_OK | method=GET | label=ticker:BTC/USD | elapsed_ms=544
2026-10-06 05:18:42+0000 | INFO     | bot | LOOP_COMPLETE | elapsed_ms=2214
2026-10-06 05:19:40+0000 | INFO     | roostoo.api | API_REQUEST_START | method=GET | label=ticker:TRX/USD | path=/v3/ticker
2026-10-06 05:19:40+0000 | INFO     | roostoo.api | API_REQUEST_OK | method=GET | label=ticker:TRX/USD | elapsed_ms=172
2026-10-06 05:19:40+0000 | INFO     | roostoo.api | API_REQUEST_START | method=GET | label=ticker:AVAX/USD | path=/v3/ticker
2026-10-06 05:19:40+0000 | INFO     | roostoo.api | API_REQUEST_OK | method=GET | label=ticker:AVAX/USD | elapsed_ms=172
2026-10-06 05:19:40+0000 | INFO     | roostoo.api | API_REQUEST_START | method=GET | label=ticker:DOT/USD | path=/v3/ticker
2026-10-06 05:19:40+0000 | INFO     | roostoo.api | API_REQUEST_OK | method=GET | label=ticker:DOT/USD | elapsed_ms=175
2026-10-06 05:19:40+0000 | INFO     | roostoo.api | API_REQUEST_START | method=GET | label=ticker:BNB/USD | path=/v3/ticker
2026-10-06 05:19:41+0000 | INFO     | roostoo.api | API_REQUEST_OK | method=GET | label=ticker:BNB/USD | elapsed_ms=502
2026-10-06 05:19:41+0000 | INFO     | roostoo.api | API_REQUEST_START | method=GET | label=ticker:SUI/USD | path=/v3/ticker
2026-10-06 05:19:41+0000 | INFO     | roostoo.api | API_REQUEST_OK | method=GET | label=ticker:SUI/USD | elapsed_ms=502
2026-10-06 05:19:41+0000 | INFO     | roostoo.api | API_REQUEST_START | method=GET | label=ticker:BTC/USD | path=/v3/ticker
2026-10-06 05:19:41+0000 | INFO     | roostoo.api | API_REQUEST_OK | method=GET | label=ticker:BTC/USD | elapsed_ms=171
2026-10-06 05:19:41+0000 | INFO     | bot | LOOP_COMPLETE | elapsed_ms=1738
2026-10-06 05:20:40+0000 | INFO     | roostoo.api | API_REQUEST_START | method=GET | label=ticker:TRX/USD | path=/v3/ticker
2026-10-06 05:20:40+0000 | INFO     | roostoo.api | API_REQUEST_OK | method=GET | label=ticker:TRX/USD | elapsed_ms=191
2026-10-06 05:20:40+0000 | INFO     | roostoo.api | API_REQUEST_START | method=GET | label=ticker:AVAX/USD | path=/v3/ticker
2026-10-06 05:20:40+0000 | INFO     | roostoo.api | API_REQUEST_OK | method=GET | label=ticker:AVAX/USD | elapsed_ms=190
2026-10-06 05:20:40+0000 | INFO     | roostoo.api | API_REQUEST_START | method=GET | label=ticker:DOT/USD | path=/v3/ticker
2026-10-06 05:20:40+0000 | INFO     | roostoo.api | API_REQUEST_OK | method=GET | label=ticker:DOT/USD | elapsed_ms=186
2026-10-06 05:20:40+0000 | INFO     | roostoo.api | API_REQUEST_START | method=GET | label=ticker:BNB/USD | path=/v3/ticker
2026-10-06 05:20:40+0000 | INFO     | roostoo.api | API_REQUEST_OK | method=GET | label=ticker:BNB/USD | elapsed_ms=186
2026-10-06 05:20:40+0000 | INFO     | roostoo.api | API_REQUEST_START | method=GET | label=ticker:SUI/USD | path=/v3/ticker
2026-10-06 05:20:41+0000 | INFO     | roostoo.api | API_REQUEST_OK | method=GET | label=ticker:SUI/USD | elapsed_ms=362
2026-10-06 05:20:41+0000 | INFO     | roostoo.api | API_REQUEST_START | method=GET | label=ticker:BTC/USD | path=/v3/ticker
2026-10-06 05:20:41+0000 | INFO     | roostoo.api | API_REQUEST_OK | method=GET | label=ticker:BTC/USD | elapsed_ms=503
2026-10-06 05:20:41+0000 | INFO     | bot | LOOP_COMPLETE | elapsed_ms=1671
2026-10-06 05:21:40+0000 | INFO     | roostoo.api | API_REQUEST_START | method=GET | label=ticker:TRX/USD | path=/v3/ticker
2026-10-06 05:21:40+0000 | INFO     | roostoo.api | API_REQUEST_OK | method=GET | label=ticker:TRX/USD | elapsed_ms=173
2026-10-06 05:21:40+0000 | INFO     | roostoo.api | API_REQUEST_START | method=GET | label=ticker:AVAX/USD | path=/v3/ticker
2026-10-06 05:21:40+0000 | INFO     | roostoo.api | API_REQUEST_OK | method=GET | label=ticker:AVAX/USD | elapsed_ms=172
2026-10-06 05:21:40+0000 | INFO     | roostoo.api | API_REQUEST_START | method=GET | label=ticker:DOT/USD | path=/v3/ticker
2026-10-06 05:21:40+0000 | INFO     | roostoo.api | API_REQUEST_OK | method=GET | label=ticker:DOT/USD | elapsed_ms=186
2026-10-06 05:21:40+0000 | INFO     | roostoo.api | API_REQUEST_START | method=GET | label=ticker:BNB/USD | path=/v3/ticker
2026-10-06 05:21:40+0000 | INFO     | roostoo.api | API_REQUEST_OK | method=GET | label=ticker:BNB/USD | elapsed_ms=184
2026-10-06 05:21:40+0000 | INFO     | roostoo.api | API_REQUEST_START | method=GET | label=ticker:SUI/USD | path=/v3/ticker
2026-10-06 05:21:41+0000 | INFO     | roostoo.api | API_REQUEST_OK | method=GET | label=ticker:SUI/USD | elapsed_ms=189
2026-10-06 05:21:41+0000 | INFO     | roostoo.api | API_REQUEST_START | method=GET | label=ticker:BTC/USD | path=/v3/ticker
2026-10-06 05:21:41+0000 | INFO     | roostoo.api | API_REQUEST_OK | method=GET | label=ticker:BTC/USD | elapsed_ms=184
2026-10-06 05:21:41+0000 | INFO     | bot | LOOP_COMPLETE | elapsed_ms=1132
2026-10-06 05:22:40+0000 | INFO     | roostoo.api | API_REQUEST_START | method=GET | label=ticker:TRX/USD | path=/v3/ticker
2026-10-06 05:22:40+0000 | INFO     | roostoo.api | API_REQUEST_OK | method=GET | label=ticker:TRX/USD | elapsed_ms=172
2026-10-06 05:22:40+0000 | INFO     | roostoo.api | API_REQUEST_START | method=GET | label=ticker:AVAX/USD | path=/v3/ticker
2026-10-06 05:22:40+0000 | INFO     | roostoo.api | API_REQUEST_OK | method=GET | label=ticker:AVAX/USD | elapsed_ms=174
2026-10-06 05:22:40+0000 | INFO     | roostoo.api | API_REQUEST_START | method=GET | label=ticker:DOT/USD | path=/v3/ticker
2026-10-06 05:22:40+0000 | INFO     | roostoo.api | API_REQUEST_OK | method=GET | label=ticker:DOT/USD | elapsed_ms=187
2026-10-06 05:22:40+0000 | INFO     | roostoo.api | API_REQUEST_START | method=GET | label=ticker:BNB/USD | path=/v3/ticker
2026-10-06 05:22:40+0000 | INFO     | roostoo.api | API_REQUEST_OK | method=GET | label=ticker:BNB/USD | elapsed_ms=186
2026-10-06 05:22:40+0000 | INFO     | roostoo.api | API_REQUEST_START | method=GET | label=ticker:SUI/USD | path=/v3/ticker
2026-10-06 05:22:41+0000 | INFO     | roostoo.api | API_REQUEST_OK | method=GET | label=ticker:SUI/USD | elapsed_ms=185
2026-10-06 05:22:41+0000 | INFO     | roostoo.api | API_REQUEST_START | method=GET | label=ticker:BTC/USD | path=/v3/ticker
2026-10-06 05:22:41+0000 | INFO     | roostoo.api | API_REQUEST_OK | method=GET | label=ticker:BTC/USD | elapsed_ms=185
2026-10-06 05:22:41+0000 | INFO     | bot | LOOP_COMPLETE | elapsed_ms=1132
2026-10-06 05:23:40+0000 | INFO     | roostoo.api | API_REQUEST_START | method=GET | label=ticker:TRX/USD | path=/v3/ticker
2026-10-06 05:23:40+0000 | INFO     | roostoo.api | API_REQUEST_OK | method=GET | label=ticker:TRX/USD | elapsed_ms=186
2026-10-06 05:23:40+0000 | INFO     | roostoo.api | API_REQUEST_START | method=GET | label=server_time | path=/v3/serverTime
2026-10-06 05:23:40+0000 | INFO     | roostoo.api | API_REQUEST_OK | method=GET | label=server_time | elapsed_ms=185
2026-10-06 05:23:40+0000 | INFO     | roostoo.api | SERVER_TIME_SYNC | offset_ms=100
2026-10-06 05:23:40+0000 | INFO     | roostoo.api | API_REQUEST_START | method=GET | label=ticker:AVAX/USD | path=/v3/ticker
2026-10-06 05:23:41+0000 | INFO     | roostoo.api | API_REQUEST_OK | method=GET | label=ticker:AVAX/USD | elapsed_ms=502
2026-10-06 05:23:41+0000 | INFO     | roostoo.api | API_REQUEST_START | method=GET | label=ticker:DOT/USD | path=/v3/ticker
2026-10-06 05:23:41+0000 | INFO     | roostoo.api | API_REQUEST_OK | method=GET | label=ticker:DOT/USD | elapsed_ms=215
2026-10-06 05:23:41+0000 | INFO     | roostoo.api | API_REQUEST_START | method=GET | label=ticker:BNB/USD | path=/v3/ticker
2026-10-06 05:23:41+0000 | INFO     | roostoo.api | API_REQUEST_OK | method=GET | label=ticker:BNB/USD | elapsed_ms=171
2026-10-06 05:23:41+0000 | INFO     | roostoo.api | API_REQUEST_START | method=GET | label=ticker:SUI/USD | path=/v3/ticker
2026-10-06 05:23:41+0000 | INFO     | roostoo.api | API_REQUEST_OK | method=GET | label=ticker:SUI/USD | elapsed_ms=172
2026-10-06 05:23:41+0000 | INFO     | roostoo.api | API_REQUEST_START | method=GET | label=ticker:BTC/USD | path=/v3/ticker
2026-10-06 05:23:41+0000 | INFO     | roostoo.api | API_REQUEST_OK | method=GET | label=ticker:BTC/USD | elapsed_ms=171
2026-10-06 05:23:41+0000 | INFO     | bot | LOOP_COMPLETE | elapsed_ms=1648
2026-10-06 05:24:40+0000 | INFO     | roostoo.api | API_REQUEST_START | method=GET | label=ticker:TRX/USD | path=/v3/ticker
2026-10-06 05:24:40+0000 | INFO     | roostoo.api | API_REQUEST_OK | method=GET | label=ticker:TRX/USD | elapsed_ms=174
2026-10-06 05:24:40+0000 | INFO     | roostoo.api | API_REQUEST_START | method=GET | label=ticker:AVAX/USD | path=/v3/ticker
2026-10-06 05:24:40+0000 | INFO     | roostoo.api | API_REQUEST_OK | method=GET | label=ticker:AVAX/USD | elapsed_ms=186
2026-10-06 05:24:40+0000 | INFO     | roostoo.api | API_REQUEST_START | method=GET | label=ticker:DOT/USD | path=/v3/ticker
2026-10-06 05:24:40+0000 | INFO     | roostoo.api | API_REQUEST_OK | method=GET | label=ticker:DOT/USD | elapsed_ms=185
2026-10-06 05:24:40+0000 | INFO     | roostoo.api | API_REQUEST_START | method=GET | label=ticker:BNB/USD | path=/v3/ticker
2026-10-06 05:24:40+0000 | INFO     | roostoo.api | API_REQUEST_OK | method=GET | label=ticker:BNB/USD | elapsed_ms=249
2026-10-06 05:24:40+0000 | INFO     | roostoo.api | API_REQUEST_START | method=GET | label=ticker:SUI/USD | path=/v3/ticker
2026-10-06 05:24:41+0000 | INFO     | roostoo.api | API_REQUEST_OK | method=GET | label=ticker:SUI/USD | elapsed_ms=185
2026-10-06 05:24:41+0000 | INFO     | roostoo.api | API_REQUEST_START | method=GET | label=ticker:BTC/USD | path=/v3/ticker
2026-10-06 05:24:41+0000 | INFO     | roostoo.api | API_REQUEST_OK | method=GET | label=ticker:BTC/USD | elapsed_ms=185
2026-10-06 05:24:41+0000 | INFO     | bot | LOOP_COMPLETE | elapsed_ms=1207
2026-10-06 05:25:40+0000 | INFO     | roostoo.api | API_REQUEST_START | method=GET | label=ticker:TRX/USD | path=/v3/ticker
2026-10-06 05:25:40+0000 | INFO     | roostoo.api | API_REQUEST_OK | method=GET | label=ticker:TRX/USD | elapsed_ms=187
2026-10-06 05:25:40+0000 | INFO     | roostoo.api | API_REQUEST_START | method=GET | label=ticker:AVAX/USD | path=/v3/ticker
2026-10-06 05:25:40+0000 | INFO     | roostoo.api | API_REQUEST_OK | method=GET | label=ticker:AVAX/USD | elapsed_ms=171
2026-10-06 05:25:40+0000 | INFO     | roostoo.api | API_REQUEST_START | method=GET | label=ticker:DOT/USD | path=/v3/ticker
2026-10-06 05:25:40+0000 | INFO     | roostoo.api | API_REQUEST_OK | method=GET | label=ticker:DOT/USD | elapsed_ms=171
2026-10-06 05:25:40+0000 | INFO     | roostoo.api | API_REQUEST_START | method=GET | label=ticker:BNB/USD | path=/v3/ticker
2026-10-06 05:25:40+0000 | INFO     | roostoo.api | API_REQUEST_OK | method=GET | label=ticker:BNB/USD | elapsed_ms=185
2026-10-06 05:25:40+0000 | INFO     | roostoo.api | API_REQUEST_START | method=GET | label=ticker:SUI/USD | path=/v3/ticker
2026-10-06 05:25:41+0000 | INFO     | roostoo.api | API_REQUEST_OK | method=GET | label=ticker:SUI/USD | elapsed_ms=469
2026-10-06 05:25:41+0000 | INFO     | roostoo.api | API_REQUEST_START | method=GET | label=ticker:BTC/USD | path=/v3/ticker
2026-10-06 05:25:41+0000 | INFO     | roostoo.api | API_REQUEST_OK | method=GET | label=ticker:BTC/USD | elapsed_ms=185
2026-10-06 05:25:41+0000 | INFO     | bot | LOOP_COMPLETE | elapsed_ms=1411
2026-10-06 05:26:40+0000 | INFO     | roostoo.api | API_REQUEST_START | method=GET | label=ticker:TRX/USD | path=/v3/ticker
2026-10-06 05:26:40+0000 | INFO     | roostoo.api | API_REQUEST_OK | method=GET | label=ticker:TRX/USD | elapsed_ms=174
2026-10-06 05:26:40+0000 | INFO     | roostoo.api | API_REQUEST_START | method=GET | label=ticker:AVAX/USD | path=/v3/ticker
2026-10-06 05:26:40+0000 | INFO     | roostoo.api | API_REQUEST_OK | method=GET | label=ticker:AVAX/USD | elapsed_ms=185
2026-10-06 05:26:40+0000 | INFO     | roostoo.api | API_REQUEST_START | method=GET | label=ticker:DOT/USD | path=/v3/ticker
2026-10-06 05:26:40+0000 | INFO     | roostoo.api | API_REQUEST_OK | method=GET | label=ticker:DOT/USD | elapsed_ms=307
2026-10-06 05:26:40+0000 | INFO     | roostoo.api | API_REQUEST_START | method=GET | label=ticker:BNB/USD | path=/v3/ticker
2026-10-06 05:26:41+0000 | INFO     | roostoo.api | API_REQUEST_OK | method=GET | label=ticker:BNB/USD | elapsed_ms=197
2026-10-06 05:26:41+0000 | INFO     | roostoo.api | API_REQUEST_START | method=GET | label=ticker:SUI/USD | path=/v3/ticker
2026-10-06 05:26:41+0000 | INFO     | roostoo.api | API_REQUEST_OK | method=GET | label=ticker:SUI/USD | elapsed_ms=185
2026-10-06 05:26:41+0000 | INFO     | roostoo.api | API_REQUEST_START | method=GET | label=ticker:BTC/USD | path=/v3/ticker
2026-10-06 05:26:41+0000 | INFO     | roostoo.api | API_REQUEST_OK | method=GET | label=ticker:BTC/USD | elapsed_ms=197
2026-10-06 05:26:41+0000 | INFO     | bot | LOOP_COMPLETE | elapsed_ms=1288
2026-10-06 05:27:40+0000 | INFO     | roostoo.api | API_REQUEST_START | method=GET | label=ticker:TRX/USD | path=/v3/ticker
2026-10-06 05:27:40+0000 | INFO     | roostoo.api | API_REQUEST_OK | method=GET | label=ticker:TRX/USD | elapsed_ms=187
2026-10-06 05:27:40+0000 | INFO     | roostoo.api | API_REQUEST_START | method=GET | label=ticker:AVAX/USD | path=/v3/ticker
2026-10-06 05:27:40+0000 | INFO     | roostoo.api | API_REQUEST_OK | method=GET | label=ticker:AVAX/USD | elapsed_ms=183
2026-10-06 05:27:40+0000 | INFO     | roostoo.api | API_REQUEST_START | method=GET | label=ticker:DOT/USD | path=/v3/ticker
2026-10-06 05:27:40+0000 | INFO     | roostoo.api | API_REQUEST_OK | method=GET | label=ticker:DOT/USD | elapsed_ms=173
2026-10-06 05:27:40+0000 | INFO     | roostoo.api | API_REQUEST_START | method=GET | label=ticker:BNB/USD | path=/v3/ticker
2026-10-06 05:27:40+0000 | INFO     | roostoo.api | API_REQUEST_OK | method=GET | label=ticker:BNB/USD | elapsed_ms=198
2026-10-06 05:27:40+0000 | INFO     | roostoo.api | API_REQUEST_START | method=GET | label=ticker:SUI/USD | path=/v3/ticker
2026-10-06 05:27:41+0000 | INFO     | roostoo.api | API_REQUEST_OK | method=GET | label=ticker:SUI/USD | elapsed_ms=197
2026-10-06 05:27:41+0000 | INFO     | roostoo.api | API_REQUEST_START | method=GET | label=ticker:BTC/USD | path=/v3/ticker
2026-10-06 05:27:41+0000 | INFO     | roostoo.api | API_REQUEST_OK | method=GET | label=ticker:BTC/USD | elapsed_ms=170
2026-10-06 05:27:41+0000 | INFO     | bot | LOOP_COMPLETE | elapsed_ms=1152
2026-10-06 05:28:40+0000 | INFO     | roostoo.api | API_REQUEST_START | method=GET | label=ticker:TRX/USD | path=/v3/ticker
2026-10-06 05:28:40+0000 | INFO     | roostoo.api | API_REQUEST_OK | method=GET | label=ticker:TRX/USD | elapsed_ms=187
2026-10-06 05:28:40+0000 | INFO     | roostoo.api | API_REQUEST_START | method=GET | label=ticker:AVAX/USD | path=/v3/ticker
2026-10-06 05:28:40+0000 | INFO     | roostoo.api | API_REQUEST_OK | method=GET | label=ticker:AVAX/USD | elapsed_ms=200
2026-10-06 05:28:40+0000 | INFO     | roostoo.api | API_REQUEST_START | method=GET | label=ticker:DOT/USD | path=/v3/ticker
2026-10-06 05:28:40+0000 | INFO     | roostoo.api | API_REQUEST_OK | method=GET | label=ticker:DOT/USD | elapsed_ms=171
2026-10-06 05:28:40+0000 | INFO     | roostoo.api | API_REQUEST_START | method=GET | label=server_time | path=/v3/serverTime
2026-10-06 05:28:40+0000 | INFO     | roostoo.api | API_REQUEST_OK | method=GET | label=server_time | elapsed_ms=185
2026-10-06 05:28:40+0000 | INFO     | roostoo.api | SERVER_TIME_SYNC | offset_ms=101
2026-10-06 05:28:40+0000 | INFO     | roostoo.api | API_REQUEST_START | method=GET | label=ticker:BNB/USD | path=/v3/ticker
2026-10-06 05:28:41+0000 | INFO     | roostoo.api | API_REQUEST_OK | method=GET | label=ticker:BNB/USD | elapsed_ms=502
2026-10-06 05:28:41+0000 | INFO     | roostoo.api | API_REQUEST_START | method=GET | label=ticker:SUI/USD | path=/v3/ticker
2026-10-06 05:28:41+0000 | INFO     | roostoo.api | API_REQUEST_OK | method=GET | label=ticker:SUI/USD | elapsed_ms=187
2026-10-06 05:28:41+0000 | INFO     | roostoo.api | API_REQUEST_START | method=GET | label=ticker:BTC/USD | path=/v3/ticker
2026-10-06 05:28:41+0000 | INFO     | roostoo.api | API_REQUEST_OK | method=GET | label=ticker:BTC/USD | elapsed_ms=173
2026-10-06 05:28:41+0000 | INFO     | bot | LOOP_COMPLETE | elapsed_ms=1650
2026-10-06 05:29:40+0000 | INFO     | roostoo.api | API_REQUEST_START | method=GET | label=ticker:TRX/USD | path=/v3/ticker
2026-10-06 05:29:40+0000 | INFO     | roostoo.api | API_REQUEST_OK | method=GET | label=ticker:TRX/USD | elapsed_ms=200
2026-10-06 05:29:40+0000 | INFO     | roostoo.api | API_REQUEST_START | method=GET | label=ticker:AVAX/USD | path=/v3/ticker
2026-10-06 05:29:40+0000 | INFO     | roostoo.api | API_REQUEST_OK | method=GET | label=ticker:AVAX/USD | elapsed_ms=198
2026-10-06 05:29:40+0000 | INFO     | roostoo.api | API_REQUEST_START | method=GET | label=ticker:DOT/USD | path=/v3/ticker
2026-10-06 05:29:40+0000 | INFO     | roostoo.api | API_REQUEST_OK | method=GET | label=ticker:DOT/USD | elapsed_ms=199
2026-10-06 05:29:40+0000 | INFO     | roostoo.api | API_REQUEST_START | method=GET | label=ticker:BNB/USD | path=/v3/ticker
2026-10-06 05:29:40+0000 | INFO     | roostoo.api | API_REQUEST_OK | method=GET | label=ticker:BNB/USD | elapsed_ms=199
2026-10-06 05:29:40+0000 | INFO     | roostoo.api | API_REQUEST_START | method=GET | label=ticker:SUI/USD | path=/v3/ticker
2026-10-06 05:29:41+0000 | INFO     | roostoo.api | API_REQUEST_OK | method=GET | label=ticker:SUI/USD | elapsed_ms=539
2026-10-06 05:29:41+0000 | INFO     | roostoo.api | API_REQUEST_START | method=GET | label=ticker:BTC/USD | path=/v3/ticker
2026-10-06 05:29:41+0000 | INFO     | roostoo.api | API_REQUEST_OK | method=GET | label=ticker:BTC/USD | elapsed_ms=185
2026-10-06 05:29:41+0000 | INFO     | bot | LOOP_COMPLETE | elapsed_ms=1562
2026-10-06 05:30:40+0000 | INFO     | roostoo.api | API_REQUEST_START | method=GET | label=ticker:TRX/USD | path=/v3/ticker
2026-10-06 05:30:40+0000 | INFO     | roostoo.api | API_REQUEST_OK | method=GET | label=ticker:TRX/USD | elapsed_ms=175
2026-10-06 05:30:40+0000 | INFO     | roostoo.api | API_REQUEST_START | method=GET | label=ticker:AVAX/USD | path=/v3/ticker
2026-10-06 05:30:40+0000 | INFO     | roostoo.api | API_REQUEST_OK | method=GET | label=ticker:AVAX/USD | elapsed_ms=185
2026-10-06 05:30:40+0000 | INFO     | roostoo.api | API_REQUEST_START | method=GET | label=ticker:DOT/USD | path=/v3/ticker
2026-10-06 05:30:40+0000 | INFO     | roostoo.api | API_REQUEST_OK | method=GET | label=ticker:DOT/USD | elapsed_ms=185
2026-10-06 05:30:40+0000 | INFO     | roostoo.api | API_REQUEST_START | method=GET | label=ticker:BNB/USD | path=/v3/ticker
2026-10-06 05:30:40+0000 | INFO     | roostoo.api | API_REQUEST_OK | method=GET | label=ticker:BNB/USD | elapsed_ms=198
2026-10-06 05:30:40+0000 | INFO     | roostoo.api | API_REQUEST_START | method=GET | label=ticker:SUI/USD | path=/v3/ticker
2026-10-06 05:30:41+0000 | INFO     | roostoo.api | API_REQUEST_OK | method=GET | label=ticker:SUI/USD | elapsed_ms=185
2026-10-06 05:30:41+0000 | INFO     | roostoo.api | API_REQUEST_START | method=GET | label=ticker:BTC/USD | path=/v3/ticker
2026-10-06 05:30:41+0000 | INFO     | roostoo.api | API_REQUEST_OK | method=GET | label=ticker:BTC/USD | elapsed_ms=185
2026-10-06 05:30:41+0000 | INFO     | bot | LOOP_COMPLETE | elapsed_ms=1156
2026-10-06 05:31:40+0000 | INFO     | roostoo.api | API_REQUEST_START | method=GET | label=ticker:TRX/USD | path=/v3/ticker
2026-10-06 05:31:40+0000 | INFO     | roostoo.api | API_REQUEST_OK | method=GET | label=ticker:TRX/USD | elapsed_ms=200
2026-10-06 05:31:40+0000 | INFO     | roostoo.api | API_REQUEST_START | method=GET | label=ticker:AVAX/USD | path=/v3/ticker
2026-10-06 05:31:40+0000 | INFO     | roostoo.api | API_REQUEST_OK | method=GET | label=ticker:AVAX/USD | elapsed_ms=198
2026-10-06 05:31:40+0000 | INFO     | roostoo.api | API_REQUEST_START | method=GET | label=ticker:DOT/USD | path=/v3/ticker
2026-10-06 05:31:40+0000 | INFO     | roostoo.api | API_REQUEST_OK | method=GET | label=ticker:DOT/USD | elapsed_ms=184
2026-10-06 05:31:40+0000 | INFO     | roostoo.api | API_REQUEST_START | method=GET | label=ticker:BNB/USD | path=/v3/ticker
2026-10-06 05:31:40+0000 | INFO     | roostoo.api | API_REQUEST_OK | method=GET | label=ticker:BNB/USD | elapsed_ms=186
2026-10-06 05:31:40+0000 | INFO     | roostoo.api | API_REQUEST_START | method=GET | label=ticker:SUI/USD | path=/v3/ticker
2026-10-06 05:31:41+0000 | INFO     | roostoo.api | API_REQUEST_OK | method=GET | label=ticker:SUI/USD | elapsed_ms=185
2026-10-06 05:31:41+0000 | INFO     | roostoo.api | API_REQUEST_START | method=GET | label=ticker:BTC/USD | path=/v3/ticker
2026-10-06 05:31:41+0000 | INFO     | roostoo.api | API_REQUEST_OK | method=GET | label=ticker:BTC/USD | elapsed_ms=185
2026-10-06 05:31:41+0000 | INFO     | bot | LOOP_COMPLETE | elapsed_ms=1181
2026-10-06 05:32:40+0000 | INFO     | roostoo.api | API_REQUEST_START | method=GET | label=ticker:TRX/USD | path=/v3/ticker
2026-10-06 05:32:40+0000 | INFO     | roostoo.api | API_REQUEST_OK | method=GET | label=ticker:TRX/USD | elapsed_ms=186
2026-10-06 05:32:40+0000 | INFO     | roostoo.api | API_REQUEST_START | method=GET | label=ticker:AVAX/USD | path=/v3/ticker
2026-10-06 05:32:40+0000 | INFO     | roostoo.api | API_REQUEST_OK | method=GET | label=ticker:AVAX/USD | elapsed_ms=172
2026-10-06 05:32:40+0000 | INFO     | roostoo.api | API_REQUEST_START | method=GET | label=ticker:DOT/USD | path=/v3/ticker
2026-10-06 05:32:40+0000 | INFO     | roostoo.api | API_REQUEST_OK | method=GET | label=ticker:DOT/USD | elapsed_ms=172
2026-10-06 05:32:40+0000 | INFO     | roostoo.api | API_REQUEST_START | method=GET | label=ticker:BNB/USD | path=/v3/ticker
2026-10-06 05:32:40+0000 | INFO     | roostoo.api | API_REQUEST_OK | method=GET | label=ticker:BNB/USD | elapsed_ms=198
2026-10-06 05:32:40+0000 | INFO     | roostoo.api | API_REQUEST_START | method=GET | label=ticker:SUI/USD | path=/v3/ticker
2026-10-06 05:32:41+0000 | INFO     | roostoo.api | API_REQUEST_OK | method=GET | label=ticker:SUI/USD | elapsed_ms=540
2026-10-06 05:32:41+0000 | INFO     | roostoo.api | API_REQUEST_START | method=GET | label=ticker:BTC/USD | path=/v3/ticker
2026-10-06 05:32:41+0000 | INFO     | roostoo.api | API_REQUEST_OK | method=GET | label=ticker:BTC/USD | elapsed_ms=540
2026-10-06 05:32:41+0000 | INFO     | bot | LOOP_COMPLETE | elapsed_ms=1855
2026-10-06 05:33:40+0000 | INFO     | roostoo.api | API_REQUEST_START | method=GET | label=ticker:TRX/USD | path=/v3/ticker
2026-10-06 05:33:40+0000 | INFO     | roostoo.api | API_REQUEST_OK | method=GET | label=ticker:TRX/USD | elapsed_ms=176
2026-10-06 05:33:40+0000 | INFO     | roostoo.api | API_REQUEST_START | method=GET | label=ticker:AVAX/USD | path=/v3/ticker
2026-10-06 05:33:40+0000 | INFO     | roostoo.api | API_REQUEST_OK | method=GET | label=ticker:AVAX/USD | elapsed_ms=198
2026-10-06 05:33:40+0000 | INFO     | roostoo.api | API_REQUEST_START | method=GET | label=ticker:DOT/USD | path=/v3/ticker
2026-10-06 05:33:40+0000 | INFO     | roostoo.api | API_REQUEST_OK | method=GET | label=ticker:DOT/USD | elapsed_ms=185
2026-10-06 05:33:40+0000 | INFO     | roostoo.api | API_REQUEST_START | method=GET | label=ticker:BNB/USD | path=/v3/ticker
2026-10-06 05:33:40+0000 | INFO     | roostoo.api | API_REQUEST_OK | method=GET | label=ticker:BNB/USD | elapsed_ms=185
2026-10-06 05:33:40+0000 | INFO     | roostoo.api | API_REQUEST_START | method=GET | label=server_time | path=/v3/serverTime
2026-10-06 05:33:41+0000 | INFO     | roostoo.api | API_REQUEST_OK | method=GET | label=server_time | elapsed_ms=187
2026-10-06 05:33:41+0000 | INFO     | roostoo.api | SERVER_TIME_SYNC | offset_ms=102
2026-10-06 05:33:41+0000 | INFO     | roostoo.api | API_REQUEST_START | method=GET | label=ticker:SUI/USD | path=/v3/ticker
2026-10-06 05:33:41+0000 | INFO     | roostoo.api | API_REQUEST_OK | method=GET | label=ticker:SUI/USD | elapsed_ms=185
2026-10-06 05:33:41+0000 | INFO     | roostoo.api | API_REQUEST_START | method=GET | label=ticker:BTC/USD | path=/v3/ticker
2026-10-06 05:33:41+0000 | INFO     | roostoo.api | API_REQUEST_OK | method=GET | label=ticker:BTC/USD | elapsed_ms=503
2026-10-06 05:33:41+0000 | INFO     | bot | LOOP_COMPLETE | elapsed_ms=1668
2026-10-06 05:34:40+0000 | INFO     | roostoo.api | API_REQUEST_START | method=GET | label=ticker:TRX/USD | path=/v3/ticker
2026-10-06 05:34:40+0000 | INFO     | roostoo.api | API_REQUEST_OK | method=GET | label=ticker:TRX/USD | elapsed_ms=187
2026-10-06 05:34:40+0000 | INFO     | roostoo.api | API_REQUEST_START | method=GET | label=ticker:AVAX/USD | path=/v3/ticker
2026-10-06 05:34:40+0000 | INFO     | roostoo.api | API_REQUEST_OK | method=GET | label=ticker:AVAX/USD | elapsed_ms=187
2026-10-06 05:34:40+0000 | INFO     | roostoo.api | API_REQUEST_START | method=GET | label=ticker:DOT/USD | path=/v3/ticker
2026-10-06 05:34:40+0000 | INFO     | roostoo.api | API_REQUEST_OK | method=GET | label=ticker:DOT/USD | elapsed_ms=203
2026-10-06 05:34:40+0000 | INFO     | roostoo.api | API_REQUEST_START | method=GET | label=ticker:BNB/USD | path=/v3/ticker
2026-10-06 05:34:40+0000 | INFO     | roostoo.api | API_REQUEST_OK | method=GET | label=ticker:BNB/USD | elapsed_ms=199
2026-10-06 05:34:40+0000 | INFO     | roostoo.api | API_REQUEST_START | method=GET | label=ticker:SUI/USD | path=/v3/ticker
2026-10-06 05:34:41+0000 | INFO     | roostoo.api | API_REQUEST_OK | method=GET | label=ticker:SUI/USD | elapsed_ms=426
2026-10-06 05:34:41+0000 | INFO     | roostoo.api | API_REQUEST_START | method=GET | label=ticker:BTC/USD | path=/v3/ticker
2026-10-06 05:34:41+0000 | INFO     | roostoo.api | API_REQUEST_OK | method=GET | label=ticker:BTC/USD | elapsed_ms=198
2026-10-06 05:34:41+0000 | INFO     | bot | LOOP_COMPLETE | elapsed_ms=1450
2026-10-06 05:35:40+0000 | INFO     | roostoo.api | API_REQUEST_START | method=GET | label=ticker:TRX/USD | path=/v3/ticker
2026-10-06 05:35:40+0000 | INFO     | roostoo.api | API_REQUEST_OK | method=GET | label=ticker:TRX/USD | elapsed_ms=175
2026-10-06 05:35:40+0000 | INFO     | roostoo.api | API_REQUEST_START | method=GET | label=ticker:AVAX/USD | path=/v3/ticker
2026-10-06 05:35:40+0000 | INFO     | roostoo.api | API_REQUEST_OK | method=GET | label=ticker:AVAX/USD | elapsed_ms=172
2026-10-06 05:35:40+0000 | INFO     | roostoo.api | API_REQUEST_START | method=GET | label=ticker:DOT/USD | path=/v3/ticker
2026-10-06 05:35:40+0000 | INFO     | roostoo.api | API_REQUEST_OK | method=GET | label=ticker:DOT/USD | elapsed_ms=173
2026-10-06 05:35:40+0000 | INFO     | roostoo.api | API_REQUEST_START | method=GET | label=ticker:BNB/USD | path=/v3/ticker
2026-10-06 05:35:40+0000 | INFO     | roostoo.api | API_REQUEST_OK | method=GET | label=ticker:BNB/USD | elapsed_ms=187
2026-10-06 05:35:40+0000 | INFO     | roostoo.api | API_REQUEST_START | method=GET | label=ticker:SUI/USD | path=/v3/ticker
2026-10-06 05:35:41+0000 | INFO     | roostoo.api | API_REQUEST_OK | method=GET | label=ticker:SUI/USD | elapsed_ms=172
2026-10-06 05:35:41+0000 | INFO     | roostoo.api | API_REQUEST_START | method=GET | label=ticker:BTC/USD | path=/v3/ticker
2026-10-06 05:35:41+0000 | INFO     | roostoo.api | API_REQUEST_OK | method=GET | label=ticker:BTC/USD | elapsed_ms=580
2026-10-06 05:35:41+0000 | INFO     | bot | LOOP_COMPLETE | elapsed_ms=1503
2026-10-06 05:36:40+0000 | INFO     | roostoo.api | API_REQUEST_START | method=GET | label=ticker:TRX/USD | path=/v3/ticker
2026-10-06 05:36:40+0000 | INFO     | roostoo.api | API_REQUEST_OK | method=GET | label=ticker:TRX/USD | elapsed_ms=189
2026-10-06 05:36:40+0000 | INFO     | roostoo.api | API_REQUEST_START | method=GET | label=ticker:AVAX/USD | path=/v3/ticker
2026-10-06 05:36:40+0000 | INFO     | roostoo.api | API_REQUEST_OK | method=GET | label=ticker:AVAX/USD | elapsed_ms=185
2026-10-06 05:36:40+0000 | INFO     | roostoo.api | API_REQUEST_START | method=GET | label=ticker:DOT/USD | path=/v3/ticker
2026-10-06 05:36:40+0000 | INFO     | roostoo.api | API_REQUEST_OK | method=GET | label=ticker:DOT/USD | elapsed_ms=186
2026-10-06 05:36:40+0000 | INFO     | roostoo.api | API_REQUEST_START | method=GET | label=ticker:BNB/USD | path=/v3/ticker
2026-10-06 05:36:40+0000 | INFO     | roostoo.api | API_REQUEST_OK | method=GET | label=ticker:BNB/USD | elapsed_ms=185
2026-10-06 05:36:40+0000 | INFO     | roostoo.api | API_REQUEST_START | method=GET | label=ticker:SUI/USD | path=/v3/ticker
2026-10-06 05:36:41+0000 | INFO     | roostoo.api | API_REQUEST_OK | method=GET | label=ticker:SUI/USD | elapsed_ms=171
2026-10-06 05:36:41+0000 | INFO     | roostoo.api | API_REQUEST_START | method=GET | label=ticker:BTC/USD | path=/v3/ticker
2026-10-06 05:36:41+0000 | INFO     | roostoo.api | API_REQUEST_OK | method=GET | label=ticker:BTC/USD | elapsed_ms=173
2026-10-06 05:36:41+0000 | INFO     | bot | LOOP_COMPLETE | elapsed_ms=1132
2026-10-06 05:37:40+0000 | INFO     | roostoo.api | API_REQUEST_START | method=GET | label=ticker:TRX/USD | path=/v3/ticker
2026-10-06 05:37:40+0000 | INFO     | roostoo.api | API_REQUEST_OK | method=GET | label=ticker:TRX/USD | elapsed_ms=186
2026-10-06 05:37:40+0000 | INFO     | roostoo.api | API_REQUEST_START | method=GET | label=ticker:AVAX/USD | path=/v3/ticker
2026-10-06 05:37:40+0000 | INFO     | roostoo.api | API_REQUEST_OK | method=GET | label=ticker:AVAX/USD | elapsed_ms=185
2026-10-06 05:37:40+0000 | INFO     | roostoo.api | API_REQUEST_START | method=GET | label=ticker:DOT/USD | path=/v3/ticker
2026-10-06 05:37:40+0000 | INFO     | roostoo.api | API_REQUEST_OK | method=GET | label=ticker:DOT/USD | elapsed_ms=186
2026-10-06 05:37:40+0000 | INFO     | roostoo.api | API_REQUEST_START | method=GET | label=ticker:BNB/USD | path=/v3/ticker
2026-10-06 05:37:40+0000 | INFO     | roostoo.api | API_REQUEST_OK | method=GET | label=ticker:BNB/USD | elapsed_ms=186
2026-10-06 05:37:40+0000 | INFO     | roostoo.api | API_REQUEST_START | method=GET | label=ticker:SUI/USD | path=/v3/ticker
2026-10-06 05:37:41+0000 | INFO     | roostoo.api | API_REQUEST_OK | method=GET | label=ticker:SUI/USD | elapsed_ms=190
2026-10-06 05:37:41+0000 | INFO     | roostoo.api | API_REQUEST_START | method=GET | label=ticker:BTC/USD | path=/v3/ticker
2026-10-06 05:37:41+0000 | INFO     | roostoo.api | API_REQUEST_OK | method=GET | label=ticker:BTC/USD | elapsed_ms=187
2026-10-06 05:37:41+0000 | INFO     | bot | LOOP_COMPLETE | elapsed_ms=1161
2026-10-06 05:38:40+0000 | INFO     | roostoo.api | API_REQUEST_START | method=GET | label=ticker:TRX/USD | path=/v3/ticker
2026-10-06 05:38:40+0000 | INFO     | roostoo.api | API_REQUEST_OK | method=GET | label=ticker:TRX/USD | elapsed_ms=187
2026-10-06 05:38:40+0000 | INFO     | roostoo.api | API_REQUEST_START | method=GET | label=ticker:AVAX/USD | path=/v3/ticker
2026-10-06 05:38:40+0000 | INFO     | roostoo.api | API_REQUEST_OK | method=GET | label=ticker:AVAX/USD | elapsed_ms=186
2026-10-06 05:38:40+0000 | INFO     | roostoo.api | API_REQUEST_START | method=GET | label=ticker:DOT/USD | path=/v3/ticker
2026-10-06 05:38:40+0000 | INFO     | roostoo.api | API_REQUEST_OK | method=GET | label=ticker:DOT/USD | elapsed_ms=172
2026-10-06 05:38:40+0000 | INFO     | roostoo.api | API_REQUEST_START | method=GET | label=ticker:BNB/USD | path=/v3/ticker
2026-10-06 05:38:40+0000 | INFO     | roostoo.api | API_REQUEST_OK | method=GET | label=ticker:BNB/USD | elapsed_ms=172
2026-10-06 05:38:40+0000 | INFO     | roostoo.api | API_REQUEST_START | method=GET | label=ticker:SUI/USD | path=/v3/ticker
2026-10-06 05:38:41+0000 | INFO     | roostoo.api | API_REQUEST_OK | method=GET | label=ticker:SUI/USD | elapsed_ms=542
2026-10-06 05:38:41+0000 | INFO     | roostoo.api | API_REQUEST_START | method=GET | label=server_time | path=/v3/serverTime
2026-10-06 05:38:41+0000 | INFO     | roostoo.api | API_REQUEST_OK | method=GET | label=server_time | elapsed_ms=503
2026-10-06 05:38:41+0000 | INFO     | roostoo.api | SERVER_TIME_SYNC | offset_ms=417
2026-10-06 05:38:41+0000 | INFO     | roostoo.api | API_REQUEST_START | method=GET | label=ticker:BTC/USD | path=/v3/ticker
2026-10-06 05:38:42+0000 | INFO     | roostoo.api | API_REQUEST_OK | method=GET | label=ticker:BTC/USD | elapsed_ms=185
2026-10-06 05:38:42+0000 | INFO     | bot | LOOP_COMPLETE | elapsed_ms=1992
2026-10-06 05:39:40+0000 | INFO     | roostoo.api | API_REQUEST_START | method=GET | label=ticker:TRX/USD | path=/v3/ticker
2026-10-06 05:39:40+0000 | INFO     | roostoo.api | API_REQUEST_OK | method=GET | label=ticker:TRX/USD | elapsed_ms=188
2026-10-06 05:39:40+0000 | INFO     | roostoo.api | API_REQUEST_START | method=GET | label=ticker:AVAX/USD | path=/v3/ticker
2026-10-06 05:39:40+0000 | INFO     | roostoo.api | API_REQUEST_OK | method=GET | label=ticker:AVAX/USD | elapsed_ms=187
2026-10-06 05:39:40+0000 | INFO     | roostoo.api | API_REQUEST_START | method=GET | label=ticker:DOT/USD | path=/v3/ticker
2026-10-06 05:39:40+0000 | INFO     | roostoo.api | API_REQUEST_OK | method=GET | label=ticker:DOT/USD | elapsed_ms=173
2026-10-06 05:39:40+0000 | INFO     | roostoo.api | API_REQUEST_START | method=GET | label=ticker:BNB/USD | path=/v3/ticker
2026-10-06 05:39:40+0000 | INFO     | roostoo.api | API_REQUEST_OK | method=GET | label=ticker:BNB/USD | elapsed_ms=172
2026-10-06 05:39:40+0000 | INFO     | roostoo.api | API_REQUEST_START | method=GET | label=ticker:SUI/USD | path=/v3/ticker
2026-10-06 05:39:41+0000 | INFO     | roostoo.api | API_REQUEST_OK | method=GET | label=ticker:SUI/USD | elapsed_ms=172
2026-10-06 05:39:41+0000 | INFO     | roostoo.api | API_REQUEST_START | method=GET | label=ticker:BTC/USD | path=/v3/ticker
2026-10-06 05:39:41+0000 | INFO     | roostoo.api | API_REQUEST_OK | method=GET | label=ticker:BTC/USD | elapsed_ms=172
2026-10-06 05:39:41+0000 | INFO     | bot | LOOP_COMPLETE | elapsed_ms=1110
2026-10-06 05:40:40+0000 | INFO     | roostoo.api | API_REQUEST_START | method=GET | label=ticker:TRX/USD | path=/v3/ticker
2026-10-06 05:40:40+0000 | INFO     | roostoo.api | API_REQUEST_OK | method=GET | label=ticker:TRX/USD | elapsed_ms=291
2026-10-06 05:40:40+0000 | INFO     | roostoo.api | API_REQUEST_START | method=GET | label=ticker:AVAX/USD | path=/v3/ticker
2026-10-06 05:40:40+0000 | INFO     | roostoo.api | API_REQUEST_OK | method=GET | label=ticker:AVAX/USD | elapsed_ms=172
2026-10-06 05:40:40+0000 | INFO     | roostoo.api | API_REQUEST_START | method=GET | label=ticker:DOT/USD | path=/v3/ticker
2026-10-06 05:40:40+0000 | INFO     | roostoo.api | API_REQUEST_OK | method=GET | label=ticker:DOT/USD | elapsed_ms=197
2026-10-06 05:40:40+0000 | INFO     | roostoo.api | API_REQUEST_START | method=GET | label=ticker:BNB/USD | path=/v3/ticker
2026-10-06 05:40:41+0000 | INFO     | roostoo.api | API_REQUEST_OK | method=GET | label=ticker:BNB/USD | elapsed_ms=350
2026-10-06 05:40:41+0000 | INFO     | roostoo.api | API_REQUEST_START | method=GET | label=ticker:SUI/USD | path=/v3/ticker
2026-10-06 05:40:41+0000 | INFO     | roostoo.api | API_REQUEST_OK | method=GET | label=ticker:SUI/USD | elapsed_ms=198
2026-10-06 05:40:41+0000 | INFO     | roostoo.api | API_REQUEST_START | method=GET | label=ticker:BTC/USD | path=/v3/ticker
2026-10-06 05:40:41+0000 | INFO     | roostoo.api | API_REQUEST_OK | method=GET | label=ticker:BTC/USD | elapsed_ms=501
2026-10-06 05:40:41+0000 | INFO     | bot | LOOP_COMPLETE | elapsed_ms=1753
2026-10-06 05:41:40+0000 | INFO     | roostoo.api | API_REQUEST_START | method=GET | label=ticker:TRX/USD | path=/v3/ticker
2026-10-06 05:41:40+0000 | INFO     | roostoo.api | API_REQUEST_OK | method=GET | label=ticker:TRX/USD | elapsed_ms=172
2026-10-06 05:41:40+0000 | INFO     | roostoo.api | API_REQUEST_START | method=GET | label=ticker:AVAX/USD | path=/v3/ticker
2026-10-06 05:41:40+0000 | INFO     | roostoo.api | API_REQUEST_OK | method=GET | label=ticker:AVAX/USD | elapsed_ms=172
2026-10-06 05:41:40+0000 | INFO     | roostoo.api | API_REQUEST_START | method=GET | label=ticker:DOT/USD | path=/v3/ticker
2026-10-06 05:41:40+0000 | INFO     | roostoo.api | API_REQUEST_OK | method=GET | label=ticker:DOT/USD | elapsed_ms=174
2026-10-06 05:41:40+0000 | INFO     | roostoo.api | API_REQUEST_START | method=GET | label=ticker:BNB/USD | path=/v3/ticker
2026-10-06 05:41:40+0000 | INFO     | roostoo.api | API_REQUEST_OK | method=GET | label=ticker:BNB/USD | elapsed_ms=173
2026-10-06 05:41:40+0000 | INFO     | roostoo.api | API_REQUEST_START | method=GET | label=ticker:SUI/USD | path=/v3/ticker
2026-10-06 05:41:40+0000 | INFO     | roostoo.api | API_REQUEST_OK | method=GET | label=ticker:SUI/USD | elapsed_ms=186
2026-10-06 05:41:40+0000 | INFO     | roostoo.api | API_REQUEST_START | method=GET | label=ticker:BTC/USD | path=/v3/ticker
2026-10-06 05:41:41+0000 | INFO     | roostoo.api | API_REQUEST_OK | method=GET | label=ticker:BTC/USD | elapsed_ms=186
2026-10-06 05:41:41+0000 | INFO     | bot | LOOP_COMPLETE | elapsed_ms=1104
2026-10-06 05:42:40+0000 | INFO     | roostoo.api | API_REQUEST_START | method=GET | label=ticker:TRX/USD | path=/v3/ticker
2026-10-06 05:42:40+0000 | INFO     | roostoo.api | API_REQUEST_OK | method=GET | label=ticker:TRX/USD | elapsed_ms=189
2026-10-06 05:42:40+0000 | INFO     | roostoo.api | API_REQUEST_START | method=GET | label=ticker:AVAX/USD | path=/v3/ticker
2026-10-06 05:42:40+0000 | INFO     | roostoo.api | API_REQUEST_OK | method=GET | label=ticker:AVAX/USD | elapsed_ms=171
2026-10-06 05:42:40+0000 | INFO     | roostoo.api | API_REQUEST_START | method=GET | label=ticker:DOT/USD | path=/v3/ticker
2026-10-06 05:42:40+0000 | INFO     | roostoo.api | API_REQUEST_OK | method=GET | label=ticker:DOT/USD | elapsed_ms=188
2026-10-06 05:42:40+0000 | INFO     | roostoo.api | API_REQUEST_START | method=GET | label=ticker:BNB/USD | path=/v3/ticker
2026-10-06 05:42:41+0000 | INFO     | roostoo.api | API_REQUEST_OK | method=GET | label=ticker:BNB/USD | elapsed_ms=503
2026-10-06 05:42:41+0000 | INFO     | roostoo.api | API_REQUEST_START | method=GET | label=ticker:SUI/USD | path=/v3/ticker
2026-10-06 05:42:41+0000 | INFO     | roostoo.api | API_REQUEST_OK | method=GET | label=ticker:SUI/USD | elapsed_ms=172
2026-10-06 05:42:41+0000 | INFO     | roostoo.api | API_REQUEST_START | method=GET | label=ticker:BTC/USD | path=/v3/ticker
2026-10-06 05:42:41+0000 | INFO     | roostoo.api | API_REQUEST_OK | method=GET | label=ticker:BTC/USD | elapsed_ms=185
2026-10-06 05:42:41+0000 | INFO     | bot | LOOP_COMPLETE | elapsed_ms=1449
2026-10-06 05:43:40+0000 | INFO     | roostoo.api | API_REQUEST_START | method=GET | label=ticker:TRX/USD | path=/v3/ticker
2026-10-06 05:43:40+0000 | INFO     | roostoo.api | API_REQUEST_OK | method=GET | label=ticker:TRX/USD | elapsed_ms=173
2026-10-06 05:43:40+0000 | INFO     | roostoo.api | API_REQUEST_START | method=GET | label=ticker:AVAX/USD | path=/v3/ticker
2026-10-06 05:43:40+0000 | INFO     | roostoo.api | API_REQUEST_OK | method=GET | label=ticker:AVAX/USD | elapsed_ms=186
2026-10-06 05:43:40+0000 | INFO     | roostoo.api | API_REQUEST_START | method=GET | label=ticker:DOT/USD | path=/v3/ticker
2026-10-06 05:43:40+0000 | INFO     | roostoo.api | API_REQUEST_OK | method=GET | label=ticker:DOT/USD | elapsed_ms=172
2026-10-06 05:43:40+0000 | INFO     | roostoo.api | API_REQUEST_START | method=GET | label=ticker:BNB/USD | path=/v3/ticker
2026-10-06 05:43:40+0000 | INFO     | roostoo.api | API_REQUEST_OK | method=GET | label=ticker:BNB/USD | elapsed_ms=172
2026-10-06 05:43:40+0000 | INFO     | roostoo.api | API_REQUEST_START | method=GET | label=ticker:SUI/USD | path=/v3/ticker
2026-10-06 05:43:41+0000 | INFO     | roostoo.api | API_REQUEST_OK | method=GET | label=ticker:SUI/USD | elapsed_ms=187
2026-10-06 05:43:41+0000 | INFO     | roostoo.api | API_REQUEST_START | method=GET | label=ticker:BTC/USD | path=/v3/ticker
2026-10-06 05:43:41+0000 | INFO     | roostoo.api | API_REQUEST_OK | method=GET | label=ticker:BTC/USD | elapsed_ms=171
2026-10-06 05:43:41+0000 | INFO     | bot | LOOP_COMPLETE | elapsed_ms=1103
2026-10-06 05:44:40+0000 | INFO     | roostoo.api | API_REQUEST_START | method=GET | label=server_time | path=/v3/serverTime
2026-10-06 05:44:40+0000 | INFO     | roostoo.api | API_REQUEST_OK | method=GET | label=server_time | elapsed_ms=175
2026-10-06 05:44:40+0000 | INFO     | roostoo.api | SERVER_TIME_SYNC | offset_ms=89
2026-10-06 05:44:40+0000 | INFO     | roostoo.api | API_REQUEST_START | method=GET | label=ticker:TRX/USD | path=/v3/ticker
2026-10-06 05:44:40+0000 | INFO     | roostoo.api | API_REQUEST_OK | method=GET | label=ticker:TRX/USD | elapsed_ms=173
2026-10-06 05:44:40+0000 | INFO     | roostoo.api | API_REQUEST_START | method=GET | label=ticker:AVAX/USD | path=/v3/ticker
2026-10-06 05:44:40+0000 | INFO     | roostoo.api | API_REQUEST_OK | method=GET | label=ticker:AVAX/USD | elapsed_ms=186
2026-10-06 05:44:40+0000 | INFO     | roostoo.api | API_REQUEST_START | method=GET | label=ticker:DOT/USD | path=/v3/ticker
2026-10-06 05:44:40+0000 | INFO     | roostoo.api | API_REQUEST_OK | method=GET | label=ticker:DOT/USD | elapsed_ms=198
2026-10-06 05:44:40+0000 | INFO     | roostoo.api | API_REQUEST_START | method=GET | label=ticker:BNB/USD | path=/v3/ticker
2026-10-06 05:44:41+0000 | INFO     | roostoo.api | API_REQUEST_OK | method=GET | label=ticker:BNB/USD | elapsed_ms=544
2026-10-06 05:44:41+0000 | INFO     | roostoo.api | API_REQUEST_START | method=GET | label=ticker:SUI/USD | path=/v3/ticker
2026-10-06 05:44:41+0000 | INFO     | roostoo.api | API_REQUEST_OK | method=GET | label=ticker:SUI/USD | elapsed_ms=198
2026-10-06 05:44:41+0000 | INFO     | roostoo.api | API_REQUEST_START | method=GET | label=ticker:BTC/USD | path=/v3/ticker
2026-10-06 05:44:41+0000 | INFO     | roostoo.api | API_REQUEST_OK | method=GET | label=ticker:BTC/USD | elapsed_ms=197
2026-10-06 05:44:41+0000 | INFO     | bot | LOOP_COMPLETE | elapsed_ms=1718
2026-10-06 05:45:40+0000 | INFO     | roostoo.api | API_REQUEST_START | method=GET | label=ticker:TRX/USD | path=/v3/ticker
2026-10-06 05:45:40+0000 | INFO     | roostoo.api | API_REQUEST_OK | method=GET | label=ticker:TRX/USD | elapsed_ms=187
2026-10-06 05:45:40+0000 | INFO     | roostoo.api | API_REQUEST_START | method=GET | label=ticker:AVAX/USD | path=/v3/ticker
2026-10-06 05:45:40+0000 | INFO     | roostoo.api | API_REQUEST_OK | method=GET | label=ticker:AVAX/USD | elapsed_ms=174
2026-10-06 05:45:40+0000 | INFO     | roostoo.api | API_REQUEST_START | method=GET | label=ticker:DOT/USD | path=/v3/ticker
2026-10-06 05:45:40+0000 | INFO     | roostoo.api | API_REQUEST_OK | method=GET | label=ticker:DOT/USD | elapsed_ms=186
2026-10-06 05:45:40+0000 | INFO     | roostoo.api | API_REQUEST_START | method=GET | label=ticker:BNB/USD | path=/v3/ticker
2026-10-06 05:45:40+0000 | INFO     | roostoo.api | API_REQUEST_OK | method=GET | label=ticker:BNB/USD | elapsed_ms=186
2026-10-06 05:45:40+0000 | INFO     | roostoo.api | API_REQUEST_START | method=GET | label=ticker:SUI/USD | path=/v3/ticker
2026-10-06 05:45:41+0000 | INFO     | roostoo.api | API_REQUEST_OK | method=GET | label=ticker:SUI/USD | elapsed_ms=185
2026-10-06 05:45:41+0000 | INFO     | roostoo.api | API_REQUEST_START | method=GET | label=ticker:BTC/USD | path=/v3/ticker
2026-10-06 05:45:41+0000 | INFO     | roostoo.api | API_REQUEST_OK | method=GET | label=ticker:BTC/USD | elapsed_ms=186
2026-10-06 05:45:41+0000 | INFO     | bot | LOOP_COMPLETE | elapsed_ms=1147
2026-10-06 05:46:40+0000 | INFO     | roostoo.api | API_REQUEST_START | method=GET | label=ticker:TRX/USD | path=/v3/ticker
2026-10-06 05:46:40+0000 | INFO     | roostoo.api | API_REQUEST_OK | method=GET | label=ticker:TRX/USD | elapsed_ms=188
2026-10-06 05:46:40+0000 | INFO     | roostoo.api | API_REQUEST_START | method=GET | label=ticker:AVAX/USD | path=/v3/ticker
2026-10-06 05:46:40+0000 | INFO     | roostoo.api | API_REQUEST_OK | method=GET | label=ticker:AVAX/USD | elapsed_ms=184
2026-10-06 05:46:40+0000 | INFO     | roostoo.api | API_REQUEST_START | method=GET | label=ticker:DOT/USD | path=/v3/ticker
2026-10-06 05:46:40+0000 | INFO     | roostoo.api | API_REQUEST_OK | method=GET | label=ticker:DOT/USD | elapsed_ms=185
2026-10-06 05:46:40+0000 | INFO     | roostoo.api | API_REQUEST_START | method=GET | label=ticker:BNB/USD | path=/v3/ticker
2026-10-06 05:46:41+0000 | INFO     | roostoo.api | API_REQUEST_OK | method=GET | label=ticker:BNB/USD | elapsed_ms=355
2026-10-06 05:46:41+0000 | INFO     | roostoo.api | API_REQUEST_START | method=GET | label=ticker:SUI/USD | path=/v3/ticker
2026-10-06 05:46:41+0000 | INFO     | roostoo.api | API_REQUEST_OK | method=GET | label=ticker:SUI/USD | elapsed_ms=185
2026-10-06 05:46:41+0000 | INFO     | roostoo.api | API_REQUEST_START | method=GET | label=ticker:BTC/USD | path=/v3/ticker
2026-10-06 05:46:41+0000 | INFO     | roostoo.api | API_REQUEST_OK | method=GET | label=ticker:BTC/USD | elapsed_ms=542
2026-10-06 05:46:41+0000 | INFO     | bot | LOOP_COMPLETE | elapsed_ms=1681
2026-10-06 05:47:40+0000 | INFO     | roostoo.api | API_REQUEST_START | method=GET | label=ticker:TRX/USD | path=/v3/ticker
2026-10-06 05:47:40+0000 | INFO     | roostoo.api | API_REQUEST_OK | method=GET | label=ticker:TRX/USD | elapsed_ms=189
2026-10-06 05:47:40+0000 | INFO     | roostoo.api | API_REQUEST_START | method=GET | label=ticker:AVAX/USD | path=/v3/ticker
2026-10-06 05:47:40+0000 | INFO     | roostoo.api | API_REQUEST_OK | method=GET | label=ticker:AVAX/USD | elapsed_ms=188
2026-10-06 05:47:40+0000 | INFO     | roostoo.api | API_REQUEST_START | method=GET | label=ticker:DOT/USD | path=/v3/ticker
2026-10-06 05:47:40+0000 | INFO     | roostoo.api | API_REQUEST_OK | method=GET | label=ticker:DOT/USD | elapsed_ms=173
2026-10-06 05:47:40+0000 | INFO     | roostoo.api | API_REQUEST_START | method=GET | label=ticker:BNB/USD | path=/v3/ticker
2026-10-06 05:47:40+0000 | INFO     | roostoo.api | API_REQUEST_OK | method=GET | label=ticker:BNB/USD | elapsed_ms=186
2026-10-06 05:47:40+0000 | INFO     | roostoo.api | API_REQUEST_START | method=GET | label=ticker:SUI/USD | path=/v3/ticker
2026-10-06 05:47:41+0000 | INFO     | roostoo.api | API_REQUEST_OK | method=GET | label=ticker:SUI/USD | elapsed_ms=186
2026-10-06 05:47:41+0000 | INFO     | roostoo.api | API_REQUEST_START | method=GET | label=ticker:BTC/USD | path=/v3/ticker
2026-10-06 05:47:41+0000 | INFO     | roostoo.api | API_REQUEST_OK | method=GET | label=ticker:BTC/USD | elapsed_ms=186
2026-10-06 05:47:41+0000 | INFO     | bot | LOOP_COMPLETE | elapsed_ms=1149
2026-10-06 05:48:40+0000 | INFO     | roostoo.api | API_REQUEST_START | method=GET | label=ticker:TRX/USD | path=/v3/ticker
2026-10-06 05:48:40+0000 | INFO     | roostoo.api | API_REQUEST_OK | method=GET | label=ticker:TRX/USD | elapsed_ms=187
2026-10-06 05:48:40+0000 | INFO     | roostoo.api | API_REQUEST_START | method=GET | label=ticker:AVAX/USD | path=/v3/ticker
2026-10-06 05:48:40+0000 | INFO     | roostoo.api | API_REQUEST_OK | method=GET | label=ticker:AVAX/USD | elapsed_ms=185
2026-10-06 05:48:40+0000 | INFO     | roostoo.api | API_REQUEST_START | method=GET | label=ticker:DOT/USD | path=/v3/ticker
2026-10-06 05:48:40+0000 | INFO     | roostoo.api | API_REQUEST_OK | method=GET | label=ticker:DOT/USD | elapsed_ms=186
2026-10-06 05:48:40+0000 | INFO     | roostoo.api | API_REQUEST_START | method=GET | label=ticker:BNB/USD | path=/v3/ticker
2026-10-06 05:48:40+0000 | INFO     | roostoo.api | API_REQUEST_OK | method=GET | label=ticker:BNB/USD | elapsed_ms=185
2026-10-06 05:48:40+0000 | INFO     | roostoo.api | API_REQUEST_START | method=GET | label=ticker:SUI/USD | path=/v3/ticker
2026-10-06 05:48:41+0000 | INFO     | roostoo.api | API_REQUEST_OK | method=GET | label=ticker:SUI/USD | elapsed_ms=191
2026-10-06 05:48:41+0000 | INFO     | roostoo.api | API_REQUEST_START | method=GET | label=ticker:BTC/USD | path=/v3/ticker
2026-10-06 05:48:41+0000 | INFO     | roostoo.api | API_REQUEST_OK | method=GET | label=ticker:BTC/USD | elapsed_ms=186
2026-10-06 05:48:41+0000 | INFO     | bot | LOOP_COMPLETE | elapsed_ms=1162
2026-10-06 05:49:40+0000 | INFO     | roostoo.api | API_REQUEST_START | method=GET | label=ticker:TRX/USD | path=/v3/ticker
2026-10-06 05:49:40+0000 | INFO     | roostoo.api | API_REQUEST_OK | method=GET | label=ticker:TRX/USD | elapsed_ms=172
2026-10-06 05:49:40+0000 | INFO     | roostoo.api | API_REQUEST_START | method=GET | label=server_time | path=/v3/serverTime
2026-10-06 05:49:40+0000 | INFO     | roostoo.api | API_REQUEST_OK | method=GET | label=server_time | elapsed_ms=176
2026-10-06 05:49:40+0000 | INFO     | roostoo.api | SERVER_TIME_SYNC | offset_ms=90
2026-10-06 05:49:40+0000 | INFO     | roostoo.api | API_REQUEST_START | method=GET | label=ticker:AVAX/USD | path=/v3/ticker
2026-10-06 05:49:40+0000 | INFO     | roostoo.api | API_REQUEST_OK | method=GET | label=ticker:AVAX/USD | elapsed_ms=172
2026-10-06 05:49:40+0000 | INFO     | roostoo.api | API_REQUEST_START | method=GET | label=ticker:DOT/USD | path=/v3/ticker
2026-10-06 05:49:41+0000 | INFO     | roostoo.api | API_REQUEST_OK | method=GET | label=ticker:DOT/USD | elapsed_ms=501
2026-10-06 05:49:41+0000 | INFO     | roostoo.api | API_REQUEST_START | method=GET | label=ticker:BNB/USD | path=/v3/ticker
2026-10-06 05:49:41+0000 | INFO     | roostoo.api | API_REQUEST_OK | method=GET | label=ticker:BNB/USD | elapsed_ms=540
2026-10-06 05:49:41+0000 | INFO     | roostoo.api | API_REQUEST_START | method=GET | label=ticker:SUI/USD | path=/v3/ticker
2026-10-06 05:49:41+0000 | INFO     | roostoo.api | API_REQUEST_OK | method=GET | label=ticker:SUI/USD | elapsed_ms=173
2026-10-06 05:49:41+0000 | INFO     | roostoo.api | API_REQUEST_START | method=GET | label=ticker:BTC/USD | path=/v3/ticker
2026-10-06 05:49:42+0000 | INFO     | roostoo.api | API_REQUEST_OK | method=GET | label=ticker:BTC/USD | elapsed_ms=171
2026-10-06 05:49:42+0000 | INFO     | bot | LOOP_COMPLETE | elapsed_ms=1949
2026-10-06 05:50:40+0000 | INFO     | roostoo.api | API_REQUEST_START | method=GET | label=ticker:TRX/USD | path=/v3/ticker
2026-10-06 05:50:40+0000 | INFO     | roostoo.api | API_REQUEST_OK | method=GET | label=ticker:TRX/USD | elapsed_ms=197
2026-10-06 05:50:40+0000 | INFO     | roostoo.api | API_REQUEST_START | method=GET | label=ticker:AVAX/USD | path=/v3/ticker
2026-10-06 05:50:40+0000 | INFO     | roostoo.api | API_REQUEST_OK | method=GET | label=ticker:AVAX/USD | elapsed_ms=328
2026-10-06 05:50:40+0000 | INFO     | roostoo.api | API_REQUEST_START | method=GET | label=ticker:DOT/USD | path=/v3/ticker
2026-10-06 05:50:40+0000 | INFO     | roostoo.api | API_REQUEST_OK | method=GET | label=ticker:DOT/USD | elapsed_ms=184
2026-10-06 05:50:40+0000 | INFO     | roostoo.api | API_REQUEST_START | method=GET | label=ticker:BNB/USD | path=/v3/ticker
2026-10-06 05:50:41+0000 | INFO     | roostoo.api | API_REQUEST_OK | method=GET | label=ticker:BNB/USD | elapsed_ms=188
2026-10-06 05:50:41+0000 | INFO     | roostoo.api | API_REQUEST_START | method=GET | label=ticker:SUI/USD | path=/v3/ticker
2026-10-06 05:50:41+0000 | INFO     | roostoo.api | API_REQUEST_OK | method=GET | label=ticker:SUI/USD | elapsed_ms=362
2026-10-06 05:50:41+0000 | INFO     | roostoo.api | API_REQUEST_START | method=GET | label=ticker:BTC/USD | path=/v3/ticker
2026-10-06 05:50:41+0000 | INFO     | roostoo.api | API_REQUEST_OK | method=GET | label=ticker:BTC/USD | elapsed_ms=542
2026-10-06 05:50:41+0000 | INFO     | bot | LOOP_COMPLETE | elapsed_ms=1848
2026-10-06 05:51:40+0000 | INFO     | roostoo.api | API_REQUEST_START | method=GET | label=ticker:TRX/USD | path=/v3/ticker
2026-10-06 05:51:40+0000 | INFO     | roostoo.api | API_REQUEST_OK | method=GET | label=ticker:TRX/USD | elapsed_ms=185
2026-10-06 05:51:40+0000 | INFO     | roostoo.api | API_REQUEST_START | method=GET | label=ticker:AVAX/USD | path=/v3/ticker
2026-10-06 05:51:40+0000 | INFO     | roostoo.api | API_REQUEST_OK | method=GET | label=ticker:AVAX/USD | elapsed_ms=198
2026-10-06 05:51:40+0000 | INFO     | roostoo.api | API_REQUEST_START | method=GET | label=ticker:DOT/USD | path=/v3/ticker
2026-10-06 05:51:40+0000 | INFO     | roostoo.api | API_REQUEST_OK | method=GET | label=ticker:DOT/USD | elapsed_ms=172
2026-10-06 05:51:40+0000 | INFO     | roostoo.api | API_REQUEST_START | method=GET | label=ticker:BNB/USD | path=/v3/ticker
2026-10-06 05:51:40+0000 | INFO     | roostoo.api | API_REQUEST_OK | method=GET | label=ticker:BNB/USD | elapsed_ms=172
2026-10-06 05:51:40+0000 | INFO     | roostoo.api | API_REQUEST_START | method=GET | label=ticker:SUI/USD | path=/v3/ticker
2026-10-06 05:51:41+0000 | INFO     | roostoo.api | API_REQUEST_OK | method=GET | label=ticker:SUI/USD | elapsed_ms=543
2026-10-06 05:51:41+0000 | INFO     | roostoo.api | API_REQUEST_START | method=GET | label=ticker:BTC/USD | path=/v3/ticker
2026-10-06 05:51:41+0000 | INFO     | roostoo.api | API_REQUEST_OK | method=GET | label=ticker:BTC/USD | elapsed_ms=544
2026-10-06 05:51:41+0000 | INFO     | bot | LOOP_COMPLETE | elapsed_ms=1855
2026-10-06 05:52:40+0000 | INFO     | roostoo.api | API_REQUEST_START | method=GET | label=ticker:TRX/USD | path=/v3/ticker
2026-10-06 05:52:40+0000 | INFO     | roostoo.api | API_REQUEST_OK | method=GET | label=ticker:TRX/USD | elapsed_ms=197
2026-10-06 05:52:40+0000 | INFO     | roostoo.api | API_REQUEST_START | method=GET | label=ticker:AVAX/USD | path=/v3/ticker
2026-10-06 05:52:40+0000 | INFO     | roostoo.api | API_REQUEST_OK | method=GET | label=ticker:AVAX/USD | elapsed_ms=186
2026-10-06 05:52:40+0000 | INFO     | roostoo.api | API_REQUEST_START | method=GET | label=ticker:DOT/USD | path=/v3/ticker
2026-10-06 05:52:40+0000 | INFO     | roostoo.api | API_REQUEST_OK | method=GET | label=ticker:DOT/USD | elapsed_ms=186
2026-10-06 05:52:40+0000 | INFO     | roostoo.api | API_REQUEST_START | method=GET | label=ticker:BNB/USD | path=/v3/ticker
2026-10-06 05:52:40+0000 | INFO     | roostoo.api | API_REQUEST_OK | method=GET | label=ticker:BNB/USD | elapsed_ms=172
2026-10-06 05:52:40+0000 | INFO     | roostoo.api | API_REQUEST_START | method=GET | label=ticker:SUI/USD | path=/v3/ticker
2026-10-06 05:52:41+0000 | INFO     | roostoo.api | API_REQUEST_OK | method=GET | label=ticker:SUI/USD | elapsed_ms=186
2026-10-06 05:52:41+0000 | INFO     | roostoo.api | API_REQUEST_START | method=GET | label=ticker:BTC/USD | path=/v3/ticker
2026-10-06 05:52:41+0000 | INFO     | roostoo.api | API_REQUEST_OK | method=GET | label=ticker:BTC/USD | elapsed_ms=503
2026-10-06 05:52:41+0000 | INFO     | bot | LOOP_COMPLETE | elapsed_ms=1486
2026-10-06 05:53:40+0000 | INFO     | roostoo.api | API_REQUEST_START | method=GET | label=ticker:TRX/USD | path=/v3/ticker
2026-10-06 05:53:40+0000 | INFO     | roostoo.api | API_REQUEST_OK | method=GET | label=ticker:TRX/USD | elapsed_ms=186
2026-10-06 05:53:40+0000 | INFO     | roostoo.api | API_REQUEST_START | method=GET | label=ticker:AVAX/USD | path=/v3/ticker
2026-10-06 05:53:40+0000 | INFO     | roostoo.api | API_REQUEST_OK | method=GET | label=ticker:AVAX/USD | elapsed_ms=171
2026-10-06 05:53:40+0000 | INFO     | roostoo.api | API_REQUEST_START | method=GET | label=ticker:DOT/USD | path=/v3/ticker
2026-10-06 05:53:41+0000 | INFO     | roostoo.api | API_REQUEST_OK | method=GET | label=ticker:DOT/USD | elapsed_ms=545
2026-10-06 05:53:41+0000 | INFO     | roostoo.api | API_REQUEST_START | method=GET | label=ticker:BNB/USD | path=/v3/ticker
2026-10-06 05:53:41+0000 | INFO     | roostoo.api | API_REQUEST_OK | method=GET | label=ticker:BNB/USD | elapsed_ms=185
2026-10-06 05:53:41+0000 | INFO     | roostoo.api | API_REQUEST_START | method=GET | label=ticker:SUI/USD | path=/v3/ticker
2026-10-06 05:53:41+0000 | INFO     | roostoo.api | API_REQUEST_OK | method=GET | label=ticker:SUI/USD | elapsed_ms=505
2026-10-06 05:53:41+0000 | INFO     | roostoo.api | API_REQUEST_START | method=GET | label=ticker:BTC/USD | path=/v3/ticker
2026-10-06 05:53:42+0000 | INFO     | roostoo.api | API_REQUEST_OK | method=GET | label=ticker:BTC/USD | elapsed_ms=278
2026-10-06 05:53:42+0000 | INFO     | bot | LOOP_COMPLETE | elapsed_ms=1929
2026-10-06 05:54:40+0000 | INFO     | roostoo.api | API_REQUEST_START | method=GET | label=ticker:TRX/USD | path=/v3/ticker
2026-10-06 05:54:40+0000 | INFO     | roostoo.api | API_REQUEST_OK | method=GET | label=ticker:TRX/USD | elapsed_ms=191
2026-10-06 05:54:40+0000 | INFO     | roostoo.api | API_REQUEST_START | method=GET | label=ticker:AVAX/USD | path=/v3/ticker
2026-10-06 05:54:40+0000 | INFO     | roostoo.api | API_REQUEST_OK | method=GET | label=ticker:AVAX/USD | elapsed_ms=186
2026-10-06 05:54:40+0000 | INFO     | roostoo.api | API_REQUEST_START | method=GET | label=server_time | path=/v3/serverTime
2026-10-06 05:54:40+0000 | INFO     | roostoo.api | API_REQUEST_OK | method=GET | label=server_time | elapsed_ms=185
2026-10-06 05:54:40+0000 | INFO     | roostoo.api | SERVER_TIME_SYNC | offset_ms=100
2026-10-06 05:54:40+0000 | INFO     | roostoo.api | API_REQUEST_START | method=GET | label=ticker:DOT/USD | path=/v3/ticker
2026-10-06 05:54:40+0000 | INFO     | roostoo.api | API_REQUEST_OK | method=GET | label=ticker:DOT/USD | elapsed_ms=185
2026-10-06 05:54:40+0000 | INFO     | roostoo.api | API_REQUEST_START | method=GET | label=ticker:BNB/USD | path=/v3/ticker
2026-10-06 05:54:41+0000 | INFO     | roostoo.api | API_REQUEST_OK | method=GET | label=ticker:BNB/USD | elapsed_ms=542
2026-10-06 05:54:41+0000 | INFO     | roostoo.api | API_REQUEST_START | method=GET | label=ticker:SUI/USD | path=/v3/ticker
2026-10-06 05:54:42+0000 | INFO     | roostoo.api | API_REQUEST_OK | method=GET | label=ticker:SUI/USD | elapsed_ms=580
2026-10-06 05:54:42+0000 | INFO     | roostoo.api | API_REQUEST_START | method=GET | label=ticker:BTC/USD | path=/v3/ticker
2026-10-06 05:54:42+0000 | INFO     | roostoo.api | API_REQUEST_OK | method=GET | label=ticker:BTC/USD | elapsed_ms=173
2026-10-06 05:54:42+0000 | INFO     | bot | LOOP_COMPLETE | elapsed_ms=2092
2026-10-06 05:55:40+0000 | INFO     | roostoo.api | API_REQUEST_START | method=GET | label=ticker:TRX/USD | path=/v3/ticker
2026-10-06 05:55:40+0000 | INFO     | roostoo.api | API_REQUEST_OK | method=GET | label=ticker:TRX/USD | elapsed_ms=211
2026-10-06 05:55:40+0000 | INFO     | roostoo.api | API_REQUEST_START | method=GET | label=ticker:AVAX/USD | path=/v3/ticker
2026-10-06 05:55:40+0000 | INFO     | roostoo.api | API_REQUEST_OK | method=GET | label=ticker:AVAX/USD | elapsed_ms=185
2026-10-06 05:55:40+0000 | INFO     | roostoo.api | API_REQUEST_START | method=GET | label=ticker:DOT/USD | path=/v3/ticker
2026-10-06 05:55:40+0000 | INFO     | roostoo.api | API_REQUEST_OK | method=GET | label=ticker:DOT/USD | elapsed_ms=185
2026-10-06 05:55:40+0000 | INFO     | roostoo.api | API_REQUEST_START | method=GET | label=ticker:BNB/USD | path=/v3/ticker
2026-10-06 05:55:40+0000 | INFO     | roostoo.api | API_REQUEST_OK | method=GET | label=ticker:BNB/USD | elapsed_ms=172
2026-10-06 05:55:40+0000 | INFO     | roostoo.api | API_REQUEST_START | method=GET | label=ticker:SUI/USD | path=/v3/ticker
2026-10-06 05:55:41+0000 | INFO     | roostoo.api | API_REQUEST_OK | method=GET | label=ticker:SUI/USD | elapsed_ms=198
2026-10-06 05:55:41+0000 | INFO     | roostoo.api | API_REQUEST_START | method=GET | label=ticker:BTC/USD | path=/v3/ticker
2026-10-06 05:55:41+0000 | INFO     | roostoo.api | API_REQUEST_OK | method=GET | label=ticker:BTC/USD | elapsed_ms=185
2026-10-06 05:55:41+0000 | INFO     | bot | LOOP_COMPLETE | elapsed_ms=1179
2026-10-06 05:56:40+0000 | INFO     | roostoo.api | API_REQUEST_START | method=GET | label=ticker:TRX/USD | path=/v3/ticker
2026-10-06 05:56:40+0000 | INFO     | roostoo.api | API_REQUEST_OK | method=GET | label=ticker:TRX/USD | elapsed_ms=310
2026-10-06 05:56:40+0000 | INFO     | roostoo.api | API_REQUEST_START | method=GET | label=ticker:AVAX/USD | path=/v3/ticker
2026-10-06 05:56:40+0000 | INFO     | roostoo.api | API_REQUEST_OK | method=GET | label=ticker:AVAX/USD | elapsed_ms=173
2026-10-06 05:56:40+0000 | INFO     | roostoo.api | API_REQUEST_START | method=GET | label=ticker:DOT/USD | path=/v3/ticker
2026-10-06 05:56:40+0000 | INFO     | roostoo.api | API_REQUEST_OK | method=GET | label=ticker:DOT/USD | elapsed_ms=186
2026-10-06 05:56:40+0000 | INFO     | roostoo.api | API_REQUEST_START | method=GET | label=ticker:BNB/USD | path=/v3/ticker
2026-10-06 05:56:41+0000 | INFO     | roostoo.api | API_REQUEST_OK | method=GET | label=ticker:BNB/USD | elapsed_ms=543
2026-10-06 05:56:41+0000 | INFO     | roostoo.api | API_REQUEST_START | method=GET | label=ticker:SUI/USD | path=/v3/ticker
2026-10-06 05:56:41+0000 | INFO     | roostoo.api | API_REQUEST_OK | method=GET | label=ticker:SUI/USD | elapsed_ms=186
2026-10-06 05:56:41+0000 | INFO     | roostoo.api | API_REQUEST_START | method=GET | label=ticker:BTC/USD | path=/v3/ticker
2026-10-06 05:56:42+0000 | INFO     | roostoo.api | API_REQUEST_OK | method=GET | label=ticker:BTC/USD | elapsed_ms=547
2026-10-06 05:56:42+0000 | INFO     | bot | LOOP_COMPLETE | elapsed_ms=1999
2026-10-06 05:57:40+0000 | INFO     | roostoo.api | API_REQUEST_START | method=GET | label=ticker:TRX/USD | path=/v3/ticker
2026-10-06 05:57:40+0000 | INFO     | roostoo.api | API_REQUEST_OK | method=GET | label=ticker:TRX/USD | elapsed_ms=173
2026-10-06 05:57:40+0000 | INFO     | roostoo.api | API_REQUEST_START | method=GET | label=ticker:AVAX/USD | path=/v3/ticker
2026-10-06 05:57:40+0000 | INFO     | roostoo.api | API_REQUEST_OK | method=GET | label=ticker:AVAX/USD | elapsed_ms=172
2026-10-06 05:57:40+0000 | INFO     | roostoo.api | API_REQUEST_START | method=GET | label=ticker:DOT/USD | path=/v3/ticker
2026-10-06 05:57:40+0000 | INFO     | roostoo.api | API_REQUEST_OK | method=GET | label=ticker:DOT/USD | elapsed_ms=171
2026-10-06 05:57:40+0000 | INFO     | roostoo.api | API_REQUEST_START | method=GET | label=ticker:BNB/USD | path=/v3/ticker
2026-10-06 05:57:40+0000 | INFO     | roostoo.api | API_REQUEST_OK | method=GET | label=ticker:BNB/USD | elapsed_ms=197
2026-10-06 05:57:40+0000 | INFO     | roostoo.api | API_REQUEST_START | method=GET | label=ticker:SUI/USD | path=/v3/ticker
2026-10-06 05:57:41+0000 | INFO     | roostoo.api | API_REQUEST_OK | method=GET | label=ticker:SUI/USD | elapsed_ms=187
2026-10-06 05:57:41+0000 | INFO     | roostoo.api | API_REQUEST_START | method=GET | label=ticker:BTC/USD | path=/v3/ticker
2026-10-06 05:57:41+0000 | INFO     | roostoo.api | API_REQUEST_OK | method=GET | label=ticker:BTC/USD | elapsed_ms=186
2026-10-06 05:57:41+0000 | INFO     | bot | LOOP_COMPLETE | elapsed_ms=1131
2026-10-06 05:58:40+0000 | INFO     | roostoo.api | API_REQUEST_START | method=GET | label=ticker:TRX/USD | path=/v3/ticker
2026-10-06 05:58:40+0000 | INFO     | roostoo.api | API_REQUEST_OK | method=GET | label=ticker:TRX/USD | elapsed_ms=187
2026-10-06 05:58:40+0000 | INFO     | roostoo.api | API_REQUEST_START | method=GET | label=ticker:AVAX/USD | path=/v3/ticker
2026-10-06 05:58:40+0000 | INFO     | roostoo.api | API_REQUEST_OK | method=GET | label=ticker:AVAX/USD | elapsed_ms=184
2026-10-06 05:58:40+0000 | INFO     | roostoo.api | API_REQUEST_START | method=GET | label=ticker:DOT/USD | path=/v3/ticker
2026-10-06 05:58:40+0000 | INFO     | roostoo.api | API_REQUEST_OK | method=GET | label=ticker:DOT/USD | elapsed_ms=198
2026-10-06 05:58:40+0000 | INFO     | roostoo.api | API_REQUEST_START | method=GET | label=ticker:BNB/USD | path=/v3/ticker
2026-10-06 05:58:40+0000 | INFO     | roostoo.api | API_REQUEST_OK | method=GET | label=ticker:BNB/USD | elapsed_ms=171
2026-10-06 05:58:40+0000 | INFO     | roostoo.api | API_REQUEST_START | method=GET | label=ticker:SUI/USD | path=/v3/ticker
2026-10-06 05:58:41+0000 | INFO     | roostoo.api | API_REQUEST_OK | method=GET | label=ticker:SUI/USD | elapsed_ms=171
2026-10-06 05:58:41+0000 | INFO     | roostoo.api | API_REQUEST_START | method=GET | label=ticker:BTC/USD | path=/v3/ticker
2026-10-06 05:58:41+0000 | INFO     | roostoo.api | API_REQUEST_OK | method=GET | label=ticker:BTC/USD | elapsed_ms=505
2026-10-06 05:58:41+0000 | INFO     | bot | LOOP_COMPLETE | elapsed_ms=1458
2026-10-06 05:59:40+0000 | INFO     | roostoo.api | API_REQUEST_START | method=GET | label=ticker:TRX/USD | path=/v3/ticker
2026-10-06 05:59:40+0000 | INFO     | roostoo.api | API_REQUEST_OK | method=GET | label=ticker:TRX/USD | elapsed_ms=185
2026-10-06 05:59:40+0000 | INFO     | roostoo.api | API_REQUEST_START | method=GET | label=ticker:AVAX/USD | path=/v3/ticker
2026-10-06 05:59:40+0000 | INFO     | roostoo.api | API_REQUEST_OK | method=GET | label=ticker:AVAX/USD | elapsed_ms=185
2026-10-06 05:59:40+0000 | INFO     | roostoo.api | API_REQUEST_START | method=GET | label=ticker:DOT/USD | path=/v3/ticker
2026-10-06 05:59:40+0000 | INFO     | roostoo.api | API_REQUEST_OK | method=GET | label=ticker:DOT/USD | elapsed_ms=186
2026-10-06 05:59:40+0000 | INFO     | roostoo.api | API_REQUEST_START | method=GET | label=server_time | path=/v3/serverTime
2026-10-06 05:59:40+0000 | INFO     | roostoo.api | API_REQUEST_OK | method=GET | label=server_time | elapsed_ms=186
2026-10-06 05:59:40+0000 | INFO     | roostoo.api | SERVER_TIME_SYNC | offset_ms=101
2026-10-06 05:59:40+0000 | INFO     | roostoo.api | API_REQUEST_START | method=GET | label=ticker:BNB/USD | path=/v3/ticker
2026-10-06 05:59:41+0000 | INFO     | roostoo.api | API_REQUEST_OK | method=GET | label=ticker:BNB/USD | elapsed_ms=187
2026-10-06 05:59:41+0000 | INFO     | roostoo.api | API_REQUEST_START | method=GET | label=ticker:SUI/USD | path=/v3/ticker
2026-10-06 05:59:41+0000 | INFO     | roostoo.api | API_REQUEST_OK | method=GET | label=ticker:SUI/USD | elapsed_ms=503
2026-10-06 05:59:41+0000 | INFO     | roostoo.api | API_REQUEST_START | method=GET | label=ticker:BTC/USD | path=/v3/ticker
2026-10-06 05:59:42+0000 | INFO     | roostoo.api | API_REQUEST_OK | method=GET | label=ticker:BTC/USD | elapsed_ms=544
2026-10-06 05:59:42+0000 | INFO     | bot | LOOP_COMPLETE | elapsed_ms=2037
2026-10-06 06:00:40+0000 | INFO     | roostoo.api | API_REQUEST_START | method=GET | label=ticker:TRX/USD | path=/v3/ticker
2026-10-06 06:00:40+0000 | INFO     | roostoo.api | API_REQUEST_OK | method=GET | label=ticker:TRX/USD | elapsed_ms=187
2026-10-06 06:00:40+0000 | INFO     | bot | SIGNAL_CANDLE | pair=TRX/USD | candle=1791262800000 | signal=0 | fast=0.33609569 | slow=0.33596633
2026-10-06 06:00:40+0000 | WARNING  | bot | SIGNAL_EXECUTION | pair=TRX/USD | signal_candle=1791262800000 | execution_hour=1791266400000 | price=0.3362 | action=HOLD | reason=NONE | fast=0.33609569 | slow=0.33596633
2026-10-06 06:00:40+0000 | INFO     | roostoo.api | API_REQUEST_START | method=GET | label=ticker:AVAX/USD | path=/v3/ticker
2026-10-06 06:00:40+0000 | INFO     | roostoo.api | API_REQUEST_OK | method=GET | label=ticker:AVAX/USD | elapsed_ms=172
2026-10-06 06:00:40+0000 | INFO     | bot | SIGNAL_CANDLE | pair=AVAX/USD | candle=1791262800000 | signal=0 | fast=11.05553221 | slow=11.03665140
2026-10-06 06:00:40+0000 | WARNING  | bot | SIGNAL_EXECUTION | pair=AVAX/USD | signal_candle=1791262800000 | execution_hour=1791266400000 | price=11.288 | action=HOLD | reason=NONE | fast=11.05553221 | slow=11.03665140
2026-10-06 06:00:40+0000 | INFO     | roostoo.api | API_REQUEST_START | method=GET | label=ticker:DOT/USD | path=/v3/ticker
2026-10-06 06:00:40+0000 | INFO     | roostoo.api | API_REQUEST_OK | method=GET | label=ticker:DOT/USD | elapsed_ms=200
2026-10-06 06:00:40+0000 | INFO     | bot | SIGNAL_CANDLE | pair=DOT/USD | candle=1791262800000 | signal=0 | fast=1.21406683 | slow=1.20815289
2026-10-06 06:00:40+0000 | WARNING  | bot | SIGNAL_EXECUTION | pair=DOT/USD | signal_candle=1791262800000 | execution_hour=1791266400000 | price=1.232 | action=HOLD | reason=NONE | fast=1.21406683 | slow=1.20815289
2026-10-06 06:00:40+0000 | INFO     | roostoo.api | API_REQUEST_START | method=GET | label=ticker:BNB/USD | path=/v3/ticker
2026-10-06 06:00:40+0000 | INFO     | roostoo.api | API_REQUEST_OK | method=GET | label=ticker:BNB/USD | elapsed_ms=185
2026-10-06 06:00:40+0000 | INFO     | bot | SIGNAL_CANDLE | pair=BNB/USD | candle=1791262800000 | signal=0 | fast=786.62715317 | slow=785.62804204
2026-10-06 06:00:40+0000 | WARNING  | bot | SIGNAL_EXECUTION | pair=BNB/USD | signal_candle=1791262800000 | execution_hour=1791266400000 | price=780.71 | action=HOLD | reason=NONE | fast=786.62715317 | slow=785.62804204
2026-10-06 06:00:40+0000 | INFO     | roostoo.api | API_REQUEST_START | method=GET | label=ticker:SUI/USD | path=/v3/ticker
2026-10-06 06:00:41+0000 | INFO     | roostoo.api | API_REQUEST_OK | method=GET | label=ticker:SUI/USD | elapsed_ms=541
2026-10-06 06:00:41+0000 | INFO     | bot | SIGNAL_CANDLE | pair=SUI/USD | candle=1791262800000 | signal=0 | fast=1.20564405 | slow=1.20131893
2026-10-06 06:00:41+0000 | WARNING  | bot | SIGNAL_EXECUTION | pair=SUI/USD | signal_candle=1791262800000 | execution_hour=1791266400000 | price=1.1897 | action=HOLD | reason=NONE | fast=1.20564405 | slow=1.20131893
2026-10-06 06:00:41+0000 | INFO     | roostoo.api | API_REQUEST_START | method=GET | label=ticker:BTC/USD | path=/v3/ticker
2026-10-06 06:00:41+0000 | INFO     | roostoo.api | API_REQUEST_OK | method=GET | label=ticker:BTC/USD | elapsed_ms=186
2026-10-06 06:00:41+0000 | INFO     | bot | SIGNAL_CANDLE | pair=BTC/USD | candle=1791262800000 | signal=0 | fast=85695.23986901 | slow=85555.99428703
2026-10-06 06:00:41+0000 | WARNING  | bot | SIGNAL_EXECUTION | pair=BTC/USD | signal_candle=1791262800000 | execution_hour=1791266400000 | price=85493.33 | action=HOLD | reason=NONE | fast=85695.23986901 | slow=85555.99428703
2026-10-06 06:00:41+0000 | INFO     | bot | LOOP_COMPLETE | elapsed_ms=1556
2026-10-06 06:01:40+0000 | INFO     | roostoo.api | API_REQUEST_START | method=GET | label=ticker:TRX/USD | path=/v3/ticker
2026-10-06 06:01:40+0000 | INFO     | roostoo.api | API_REQUEST_OK | method=GET | label=ticker:TRX/USD | elapsed_ms=174
2026-10-06 06:01:40+0000 | INFO     | roostoo.api | API_REQUEST_START | method=GET | label=ticker:AVAX/USD | path=/v3/ticker
2026-10-06 06:01:40+0000 | INFO     | roostoo.api | API_REQUEST_OK | method=GET | label=ticker:AVAX/USD | elapsed_ms=174
2026-10-06 06:01:40+0000 | INFO     | roostoo.api | API_REQUEST_START | method=GET | label=ticker:DOT/USD | path=/v3/ticker
2026-10-06 06:01:40+0000 | INFO     | roostoo.api | API_REQUEST_OK | method=GET | label=ticker:DOT/USD | elapsed_ms=542
2026-10-06 06:01:40+0000 | INFO     | roostoo.api | API_REQUEST_START | method=GET | label=ticker:BNB/USD | path=/v3/ticker
2026-10-06 06:01:41+0000 | INFO     | roostoo.api | API_REQUEST_OK | method=GET | label=ticker:BNB/USD | elapsed_ms=185
2026-10-06 06:01:41+0000 | INFO     | roostoo.api | API_REQUEST_START | method=GET | label=ticker:SUI/USD | path=/v3/ticker
2026-10-06 06:01:41+0000 | INFO     | roostoo.api | API_REQUEST_OK | method=GET | label=ticker:SUI/USD | elapsed_ms=185
2026-10-06 06:01:41+0000 | INFO     | roostoo.api | API_REQUEST_START | method=GET | label=ticker:BTC/USD | path=/v3/ticker
2026-10-06 06:01:41+0000 | INFO     | roostoo.api | API_REQUEST_OK | method=GET | label=ticker:BTC/USD | elapsed_ms=185
2026-10-06 06:01:41+0000 | INFO     | bot | LOOP_COMPLETE | elapsed_ms=1488
2026-10-06 06:02:40+0000 | INFO     | roostoo.api | API_REQUEST_START | method=GET | label=ticker:TRX/USD | path=/v3/ticker
2026-10-06 06:02:40+0000 | INFO     | roostoo.api | API_REQUEST_OK | method=GET | label=ticker:TRX/USD | elapsed_ms=172
2026-10-06 06:02:40+0000 | INFO     | roostoo.api | API_REQUEST_START | method=GET | label=ticker:AVAX/USD | path=/v3/ticker
2026-10-06 06:02:40+0000 | INFO     | roostoo.api | API_REQUEST_OK | method=GET | label=ticker:AVAX/USD | elapsed_ms=173
2026-10-06 06:02:40+0000 | INFO     | roostoo.api | API_REQUEST_START | method=GET | label=ticker:DOT/USD | path=/v3/ticker
2026-10-06 06:02:40+0000 | INFO     | roostoo.api | API_REQUEST_OK | method=GET | label=ticker:DOT/USD | elapsed_ms=172
2026-10-06 06:02:40+0000 | INFO     | roostoo.api | API_REQUEST_START | method=GET | label=ticker:BNB/USD | path=/v3/ticker
2026-10-06 06:02:40+0000 | INFO     | roostoo.api | API_REQUEST_OK | method=GET | label=ticker:BNB/USD | elapsed_ms=173
2026-10-06 06:02:40+0000 | INFO     | roostoo.api | API_REQUEST_START | method=GET | label=ticker:SUI/USD | path=/v3/ticker
2026-10-06 06:02:40+0000 | INFO     | roostoo.api | API_REQUEST_OK | method=GET | label=ticker:SUI/USD | elapsed_ms=184
2026-10-06 06:02:40+0000 | INFO     | roostoo.api | API_REQUEST_START | method=GET | label=ticker:BTC/USD | path=/v3/ticker
2026-10-06 06:02:41+0000 | INFO     | roostoo.api | API_REQUEST_OK | method=GET | label=ticker:BTC/USD | elapsed_ms=173
2026-10-06 06:02:41+0000 | INFO     | bot | LOOP_COMPLETE | elapsed_ms=1100
2026-10-06 06:03:40+0000 | INFO     | roostoo.api | API_REQUEST_START | method=GET | label=ticker:TRX/USD | path=/v3/ticker
2026-10-06 06:03:40+0000 | INFO     | roostoo.api | API_REQUEST_OK | method=GET | label=ticker:TRX/USD | elapsed_ms=186
2026-10-06 06:03:40+0000 | INFO     | roostoo.api | API_REQUEST_START | method=GET | label=ticker:AVAX/USD | path=/v3/ticker
2026-10-06 06:03:40+0000 | INFO     | roostoo.api | API_REQUEST_OK | method=GET | label=ticker:AVAX/USD | elapsed_ms=185
2026-10-06 06:03:40+0000 | INFO     | roostoo.api | API_REQUEST_START | method=GET | label=ticker:DOT/USD | path=/v3/ticker
2026-10-06 06:03:40+0000 | INFO     | roostoo.api | API_REQUEST_OK | method=GET | label=ticker:DOT/USD | elapsed_ms=172
2026-10-06 06:03:40+0000 | INFO     | roostoo.api | API_REQUEST_START | method=GET | label=ticker:BNB/USD | path=/v3/ticker
2026-10-06 06:03:40+0000 | INFO     | roostoo.api | API_REQUEST_OK | method=GET | label=ticker:BNB/USD | elapsed_ms=186
2026-10-06 06:03:40+0000 | INFO     | roostoo.api | API_REQUEST_START | method=GET | label=ticker:SUI/USD | path=/v3/ticker
2026-10-06 06:03:41+0000 | INFO     | roostoo.api | API_REQUEST_OK | method=GET | label=ticker:SUI/USD | elapsed_ms=501
2026-10-06 06:03:41+0000 | INFO     | roostoo.api | API_REQUEST_START | method=GET | label=ticker:BTC/USD | path=/v3/ticker
2026-10-06 06:03:41+0000 | INFO     | roostoo.api | API_REQUEST_OK | method=GET | label=ticker:BTC/USD | elapsed_ms=501
2026-10-06 06:03:41+0000 | INFO     | bot | LOOP_COMPLETE | elapsed_ms=1776
2026-10-06 06:04:40+0000 | INFO     | roostoo.api | API_REQUEST_START | method=GET | label=ticker:TRX/USD | path=/v3/ticker
2026-10-06 06:04:40+0000 | INFO     | roostoo.api | API_REQUEST_OK | method=GET | label=ticker:TRX/USD | elapsed_ms=187
2026-10-06 06:04:40+0000 | INFO     | roostoo.api | API_REQUEST_START | method=GET | label=ticker:AVAX/USD | path=/v3/ticker
2026-10-06 06:04:40+0000 | INFO     | roostoo.api | API_REQUEST_OK | method=GET | label=ticker:AVAX/USD | elapsed_ms=184
2026-10-06 06:04:40+0000 | INFO     | roostoo.api | API_REQUEST_START | method=GET | label=ticker:DOT/USD | path=/v3/ticker
2026-10-06 06:04:40+0000 | INFO     | roostoo.api | API_REQUEST_OK | method=GET | label=ticker:DOT/USD | elapsed_ms=173
2026-10-06 06:04:40+0000 | INFO     | roostoo.api | API_REQUEST_START | method=GET | label=ticker:BNB/USD | path=/v3/ticker
2026-10-06 06:04:40+0000 | INFO     | roostoo.api | API_REQUEST_OK | method=GET | label=ticker:BNB/USD | elapsed_ms=187
2026-10-06 06:04:40+0000 | INFO     | roostoo.api | API_REQUEST_START | method=GET | label=ticker:SUI/USD | path=/v3/ticker
2026-10-06 06:04:41+0000 | INFO     | roostoo.api | API_REQUEST_OK | method=GET | label=ticker:SUI/USD | elapsed_ms=186
2026-10-06 06:04:41+0000 | INFO     | roostoo.api | API_REQUEST_START | method=GET | label=server_time | path=/v3/serverTime
2026-10-06 06:04:41+0000 | INFO     | roostoo.api | API_REQUEST_OK | method=GET | label=server_time | elapsed_ms=187
2026-10-06 06:04:41+0000 | INFO     | roostoo.api | SERVER_TIME_SYNC | offset_ms=101
2026-10-06 06:04:41+0000 | INFO     | roostoo.api | API_REQUEST_START | method=GET | label=ticker:BTC/USD | path=/v3/ticker
2026-10-06 06:04:41+0000 | INFO     | roostoo.api | API_REQUEST_OK | method=GET | label=ticker:BTC/USD | elapsed_ms=543
2026-10-06 06:04:41+0000 | INFO     | bot | LOOP_COMPLETE | elapsed_ms=1692
2026-10-06 06:05:40+0000 | INFO     | roostoo.api | API_REQUEST_START | method=GET | label=ticker:TRX/USD | path=/v3/ticker
2026-10-06 06:05:40+0000 | INFO     | roostoo.api | API_REQUEST_OK | method=GET | label=ticker:TRX/USD | elapsed_ms=186
2026-10-06 06:05:40+0000 | INFO     | roostoo.api | API_REQUEST_START | method=GET | label=ticker:AVAX/USD | path=/v3/ticker
2026-10-06 06:05:40+0000 | INFO     | roostoo.api | API_REQUEST_OK | method=GET | label=ticker:AVAX/USD | elapsed_ms=185
2026-10-06 06:05:40+0000 | INFO     | roostoo.api | API_REQUEST_START | method=GET | label=ticker:DOT/USD | path=/v3/ticker
2026-10-06 06:05:40+0000 | INFO     | roostoo.api | API_REQUEST_OK | method=GET | label=ticker:DOT/USD | elapsed_ms=175
2026-10-06 06:05:40+0000 | INFO     | roostoo.api | API_REQUEST_START | method=GET | label=ticker:BNB/USD | path=/v3/ticker
2026-10-06 06:05:41+0000 | INFO     | roostoo.api | API_REQUEST_OK | method=GET | label=ticker:BNB/USD | elapsed_ms=543
2026-10-06 06:05:41+0000 | INFO     | roostoo.api | API_REQUEST_START | method=GET | label=ticker:SUI/USD | path=/v3/ticker
2026-10-06 06:05:41+0000 | INFO     | roostoo.api | API_REQUEST_OK | method=GET | label=ticker:SUI/USD | elapsed_ms=186
2026-10-06 06:05:41+0000 | INFO     | roostoo.api | API_REQUEST_START | method=GET | label=ticker:BTC/USD | path=/v3/ticker
2026-10-06 06:05:41+0000 | INFO     | roostoo.api | API_REQUEST_OK | method=GET | label=ticker:BTC/USD | elapsed_ms=540
2026-10-06 06:05:41+0000 | INFO     | bot | LOOP_COMPLETE | elapsed_ms=1858
2026-10-06 06:06:40+0000 | INFO     | roostoo.api | API_REQUEST_START | method=GET | label=ticker:TRX/USD | path=/v3/ticker
2026-10-06 06:06:40+0000 | INFO     | roostoo.api | API_REQUEST_OK | method=GET | label=ticker:TRX/USD | elapsed_ms=173
2026-10-06 06:06:40+0000 | INFO     | roostoo.api | API_REQUEST_START | method=GET | label=ticker:AVAX/USD | path=/v3/ticker
2026-10-06 06:06:40+0000 | INFO     | roostoo.api | API_REQUEST_OK | method=GET | label=ticker:AVAX/USD | elapsed_ms=172
2026-10-06 06:06:40+0000 | INFO     | roostoo.api | API_REQUEST_START | method=GET | label=ticker:DOT/USD | path=/v3/ticker
2026-10-06 06:06:40+0000 | INFO     | roostoo.api | API_REQUEST_OK | method=GET | label=ticker:DOT/USD | elapsed_ms=185
2026-10-06 06:06:40+0000 | INFO     | roostoo.api | API_REQUEST_START | method=GET | label=ticker:BNB/USD | path=/v3/ticker
2026-10-06 06:06:40+0000 | INFO     | roostoo.api | API_REQUEST_OK | method=GET | label=ticker:BNB/USD | elapsed_ms=186
2026-10-06 06:06:40+0000 | INFO     | roostoo.api | API_REQUEST_START | method=GET | label=ticker:SUI/USD | path=/v3/ticker
2026-10-06 06:06:41+0000 | INFO     | roostoo.api | API_REQUEST_OK | method=GET | label=ticker:SUI/USD | elapsed_ms=188
2026-10-06 06:06:41+0000 | INFO     | roostoo.api | API_REQUEST_START | method=GET | label=ticker:BTC/USD | path=/v3/ticker
2026-10-06 06:06:41+0000 | INFO     | roostoo.api | API_REQUEST_OK | method=GET | label=ticker:BTC/USD | elapsed_ms=543
2026-10-06 06:06:41+0000 | INFO     | bot | LOOP_COMPLETE | elapsed_ms=1492
2026-10-06 06:07:40+0000 | INFO     | roostoo.api | API_REQUEST_START | method=GET | label=ticker:TRX/USD | path=/v3/ticker
2026-10-06 06:07:40+0000 | INFO     | roostoo.api | API_REQUEST_OK | method=GET | label=ticker:TRX/USD | elapsed_ms=186
2026-10-06 06:07:40+0000 | INFO     | roostoo.api | API_REQUEST_START | method=GET | label=ticker:AVAX/USD | path=/v3/ticker
2026-10-06 06:07:40+0000 | INFO     | roostoo.api | API_REQUEST_OK | method=GET | label=ticker:AVAX/USD | elapsed_ms=186
2026-10-06 06:07:40+0000 | INFO     | roostoo.api | API_REQUEST_START | method=GET | label=ticker:DOT/USD | path=/v3/ticker
2026-10-06 06:07:40+0000 | INFO     | roostoo.api | API_REQUEST_OK | method=GET | label=ticker:DOT/USD | elapsed_ms=185
2026-10-06 06:07:40+0000 | INFO     | roostoo.api | API_REQUEST_START | method=GET | label=ticker:BNB/USD | path=/v3/ticker
2026-10-06 06:07:41+0000 | INFO     | roostoo.api | API_REQUEST_OK | method=GET | label=ticker:BNB/USD | elapsed_ms=502
2026-10-06 06:07:41+0000 | INFO     | roostoo.api | API_REQUEST_START | method=GET | label=ticker:SUI/USD | path=/v3/ticker
2026-10-06 06:07:41+0000 | INFO     | roostoo.api | API_REQUEST_OK | method=GET | label=ticker:SUI/USD | elapsed_ms=172
2026-10-06 06:07:41+0000 | INFO     | roostoo.api | API_REQUEST_START | method=GET | label=ticker:BTC/USD | path=/v3/ticker
2026-10-06 06:07:41+0000 | INFO     | roostoo.api | API_REQUEST_OK | method=GET | label=ticker:BTC/USD | elapsed_ms=185
2026-10-06 06:07:41+0000 | INFO     | bot | LOOP_COMPLETE | elapsed_ms=1457
2026-10-06 06:08:40+0000 | INFO     | roostoo.api | API_REQUEST_START | method=GET | label=ticker:TRX/USD | path=/v3/ticker
2026-10-06 06:08:40+0000 | INFO     | roostoo.api | API_REQUEST_OK | method=GET | label=ticker:TRX/USD | elapsed_ms=171
2026-10-06 06:08:40+0000 | INFO     | roostoo.api | API_REQUEST_START | method=GET | label=ticker:AVAX/USD | path=/v3/ticker
2026-10-06 06:08:40+0000 | INFO     | roostoo.api | API_REQUEST_OK | method=GET | label=ticker:AVAX/USD | elapsed_ms=171
2026-10-06 06:08:40+0000 | INFO     | roostoo.api | API_REQUEST_START | method=GET | label=ticker:DOT/USD | path=/v3/ticker
2026-10-06 06:08:40+0000 | INFO     | roostoo.api | API_REQUEST_OK | method=GET | label=ticker:DOT/USD | elapsed_ms=184
2026-10-06 06:08:40+0000 | INFO     | roostoo.api | API_REQUEST_START | method=GET | label=ticker:BNB/USD | path=/v3/ticker
2026-10-06 06:08:40+0000 | INFO     | roostoo.api | API_REQUEST_OK | method=GET | label=ticker:BNB/USD | elapsed_ms=186
2026-10-06 06:08:40+0000 | INFO     | roostoo.api | API_REQUEST_START | method=GET | label=ticker:SUI/USD | path=/v3/ticker
2026-10-06 06:08:41+0000 | INFO     | roostoo.api | API_REQUEST_OK | method=GET | label=ticker:SUI/USD | elapsed_ms=541
2026-10-06 06:08:41+0000 | INFO     | roostoo.api | API_REQUEST_START | method=GET | label=ticker:BTC/USD | path=/v3/ticker
2026-10-06 06:08:41+0000 | INFO     | roostoo.api | API_REQUEST_OK | method=GET | label=ticker:BTC/USD | elapsed_ms=172
2026-10-06 06:08:41+0000 | INFO     | bot | LOOP_COMPLETE | elapsed_ms=1471
2026-10-06 06:09:40+0000 | INFO     | roostoo.api | API_REQUEST_START | method=GET | label=ticker:TRX/USD | path=/v3/ticker
2026-10-06 06:09:40+0000 | INFO     | roostoo.api | API_REQUEST_OK | method=GET | label=ticker:TRX/USD | elapsed_ms=187
2026-10-06 06:09:40+0000 | INFO     | roostoo.api | API_REQUEST_START | method=GET | label=ticker:AVAX/USD | path=/v3/ticker
2026-10-06 06:09:40+0000 | INFO     | roostoo.api | API_REQUEST_OK | method=GET | label=ticker:AVAX/USD | elapsed_ms=186
2026-10-06 06:09:40+0000 | INFO     | roostoo.api | API_REQUEST_START | method=GET | label=ticker:DOT/USD | path=/v3/ticker
2026-10-06 06:09:40+0000 | INFO     | roostoo.api | API_REQUEST_OK | method=GET | label=ticker:DOT/USD | elapsed_ms=185
2026-10-06 06:09:40+0000 | INFO     | roostoo.api | API_REQUEST_START | method=GET | label=ticker:BNB/USD | path=/v3/ticker
2026-10-06 06:09:40+0000 | INFO     | roostoo.api | API_REQUEST_OK | method=GET | label=ticker:BNB/USD | elapsed_ms=187
2026-10-06 06:09:40+0000 | INFO     | roostoo.api | API_REQUEST_START | method=GET | label=ticker:SUI/USD | path=/v3/ticker
2026-10-06 06:09:41+0000 | INFO     | roostoo.api | API_REQUEST_OK | method=GET | label=ticker:SUI/USD | elapsed_ms=187
2026-10-06 06:09:41+0000 | INFO     | roostoo.api | API_REQUEST_START | method=GET | label=ticker:BTC/USD | path=/v3/ticker
2026-10-06 06:09:41+0000 | INFO     | roostoo.api | API_REQUEST_OK | method=GET | label=ticker:BTC/USD | elapsed_ms=185
2026-10-06 06:09:41+0000 | INFO     | bot | LOOP_COMPLETE | elapsed_ms=1159
2026-10-06 06:10:40+0000 | INFO     | roostoo.api | API_REQUEST_START | method=GET | label=server_time | path=/v3/serverTime
2026-10-06 06:10:40+0000 | INFO     | roostoo.api | API_REQUEST_OK | method=GET | label=server_time | elapsed_ms=186
2026-10-06 06:10:40+0000 | INFO     | roostoo.api | SERVER_TIME_SYNC | offset_ms=101
2026-10-06 06:10:40+0000 | INFO     | roostoo.api | API_REQUEST_START | method=GET | label=ticker:TRX/USD | path=/v3/ticker
2026-10-06 06:10:40+0000 | INFO     | roostoo.api | API_REQUEST_OK | method=GET | label=ticker:TRX/USD | elapsed_ms=186
2026-10-06 06:10:40+0000 | INFO     | roostoo.api | API_REQUEST_START | method=GET | label=ticker:AVAX/USD | path=/v3/ticker
2026-10-06 06:10:41+0000 | INFO     | roostoo.api | API_REQUEST_OK | method=GET | label=ticker:AVAX/USD | elapsed_ms=544
2026-10-06 06:10:41+0000 | INFO     | roostoo.api | API_REQUEST_START | method=GET | label=ticker:DOT/USD | path=/v3/ticker
2026-10-06 06:10:41+0000 | INFO     | roostoo.api | API_REQUEST_OK | method=GET | label=ticker:DOT/USD | elapsed_ms=172
2026-10-06 06:10:41+0000 | INFO     | roostoo.api | API_REQUEST_START | method=GET | label=ticker:BNB/USD | path=/v3/ticker
2026-10-06 06:10:41+0000 | INFO     | roostoo.api | API_REQUEST_OK | method=GET | label=ticker:BNB/USD | elapsed_ms=501
2026-10-06 06:10:41+0000 | INFO     | roostoo.api | API_REQUEST_START | method=GET | label=ticker:SUI/USD | path=/v3/ticker
2026-10-06 06:10:41+0000 | INFO     | roostoo.api | API_REQUEST_OK | method=GET | label=ticker:SUI/USD | elapsed_ms=172
2026-10-06 06:10:41+0000 | INFO     | roostoo.api | API_REQUEST_START | method=GET | label=ticker:BTC/USD | path=/v3/ticker
2026-10-06 06:10:42+0000 | INFO     | roostoo.api | API_REQUEST_OK | method=GET | label=ticker:BTC/USD | elapsed_ms=193
2026-10-06 06:10:42+0000 | INFO     | bot | LOOP_COMPLETE | elapsed_ms=2002
2026-10-06 06:11:40+0000 | INFO     | roostoo.api | API_REQUEST_START | method=GET | label=ticker:TRX/USD | path=/v3/ticker
2026-10-06 06:11:40+0000 | INFO     | roostoo.api | API_REQUEST_OK | method=GET | label=ticker:TRX/USD | elapsed_ms=173
2026-10-06 06:11:40+0000 | INFO     | roostoo.api | API_REQUEST_START | method=GET | label=ticker:AVAX/USD | path=/v3/ticker
2026-10-06 06:11:40+0000 | INFO     | roostoo.api | API_REQUEST_OK | method=GET | label=ticker:AVAX/USD | elapsed_ms=171
2026-10-06 06:11:40+0000 | INFO     | roostoo.api | API_REQUEST_START | method=GET | label=ticker:DOT/USD | path=/v3/ticker
2026-10-06 06:11:40+0000 | INFO     | roostoo.api | API_REQUEST_OK | method=GET | label=ticker:DOT/USD | elapsed_ms=545
2026-10-06 06:11:40+0000 | INFO     | roostoo.api | API_REQUEST_START | method=GET | label=ticker:BNB/USD | path=/v3/ticker
2026-10-06 06:11:41+0000 | INFO     | roostoo.api | API_REQUEST_OK | method=GET | label=ticker:BNB/USD | elapsed_ms=185
2026-10-06 06:11:41+0000 | INFO     | roostoo.api | API_REQUEST_START | method=GET | label=ticker:SUI/USD | path=/v3/ticker
2026-10-06 06:11:41+0000 | INFO     | roostoo.api | API_REQUEST_OK | method=GET | label=ticker:SUI/USD | elapsed_ms=503
2026-10-06 06:11:41+0000 | INFO     | roostoo.api | API_REQUEST_START | method=GET | label=ticker:BTC/USD | path=/v3/ticker
2026-10-06 06:11:41+0000 | INFO     | roostoo.api | API_REQUEST_OK | method=GET | label=ticker:BTC/USD | elapsed_ms=172
2026-10-06 06:11:41+0000 | INFO     | bot | LOOP_COMPLETE | elapsed_ms=1792
2026-10-06 06:12:40+0000 | INFO     | roostoo.api | API_REQUEST_START | method=GET | label=ticker:TRX/USD | path=/v3/ticker
2026-10-06 06:12:40+0000 | INFO     | roostoo.api | API_REQUEST_OK | method=GET | label=ticker:TRX/USD | elapsed_ms=185
2026-10-06 06:12:40+0000 | INFO     | roostoo.api | API_REQUEST_START | method=GET | label=ticker:AVAX/USD | path=/v3/ticker
2026-10-06 06:12:40+0000 | INFO     | roostoo.api | API_REQUEST_OK | method=GET | label=ticker:AVAX/USD | elapsed_ms=172
2026-10-06 06:12:40+0000 | INFO     | roostoo.api | API_REQUEST_START | method=GET | label=ticker:DOT/USD | path=/v3/ticker
2026-10-06 06:12:40+0000 | INFO     | roostoo.api | API_REQUEST_OK | method=GET | label=ticker:DOT/USD | elapsed_ms=186
2026-10-06 06:12:40+0000 | INFO     | roostoo.api | API_REQUEST_START | method=GET | label=ticker:BNB/USD | path=/v3/ticker
2026-10-06 06:12:40+0000 | INFO     | roostoo.api | API_REQUEST_OK | method=GET | label=ticker:BNB/USD | elapsed_ms=173
2026-10-06 06:12:40+0000 | INFO     | roostoo.api | API_REQUEST_START | method=GET | label=ticker:SUI/USD | path=/v3/ticker
2026-10-06 06:12:41+0000 | INFO     | roostoo.api | API_REQUEST_OK | method=GET | label=ticker:SUI/USD | elapsed_ms=173
2026-10-06 06:12:41+0000 | INFO     | roostoo.api | API_REQUEST_START | method=GET | label=ticker:BTC/USD | path=/v3/ticker
2026-10-06 06:12:41+0000 | INFO     | roostoo.api | API_REQUEST_OK | method=GET | label=ticker:BTC/USD | elapsed_ms=174
2026-10-06 06:12:41+0000 | INFO     | bot | LOOP_COMPLETE | elapsed_ms=1108
2026-10-06 06:13:40+0000 | INFO     | roostoo.api | API_REQUEST_START | method=GET | label=ticker:TRX/USD | path=/v3/ticker
2026-10-06 06:13:40+0000 | INFO     | roostoo.api | API_REQUEST_OK | method=GET | label=ticker:TRX/USD | elapsed_ms=173
2026-10-06 06:13:40+0000 | INFO     | roostoo.api | API_REQUEST_START | method=GET | label=ticker:AVAX/USD | path=/v3/ticker
2026-10-06 06:13:40+0000 | INFO     | roostoo.api | API_REQUEST_OK | method=GET | label=ticker:AVAX/USD | elapsed_ms=171
2026-10-06 06:13:40+0000 | INFO     | roostoo.api | API_REQUEST_START | method=GET | label=ticker:DOT/USD | path=/v3/ticker
2026-10-06 06:13:40+0000 | INFO     | roostoo.api | API_REQUEST_OK | method=GET | label=ticker:DOT/USD | elapsed_ms=502
2026-10-06 06:13:40+0000 | INFO     | roostoo.api | API_REQUEST_START | method=GET | label=ticker:BNB/USD | path=/v3/ticker
2026-10-06 06:13:41+0000 | INFO     | roostoo.api | API_REQUEST_OK | method=GET | label=ticker:BNB/USD | elapsed_ms=173
2026-10-06 06:13:41+0000 | INFO     | roostoo.api | API_REQUEST_START | method=GET | label=ticker:SUI/USD | path=/v3/ticker
2026-10-06 06:13:41+0000 | INFO     | roostoo.api | API_REQUEST_OK | method=GET | label=ticker:SUI/USD | elapsed_ms=541
2026-10-06 06:13:41+0000 | INFO     | roostoo.api | API_REQUEST_START | method=GET | label=ticker:BTC/USD | path=/v3/ticker
2026-10-06 06:13:41+0000 | INFO     | roostoo.api | API_REQUEST_OK | method=GET | label=ticker:BTC/USD | elapsed_ms=186
2026-10-06 06:13:41+0000 | INFO     | bot | LOOP_COMPLETE | elapsed_ms=1790
2026-10-06 06:14:40+0000 | INFO     | roostoo.api | API_REQUEST_START | method=GET | label=ticker:TRX/USD | path=/v3/ticker
2026-10-06 06:14:40+0000 | INFO     | roostoo.api | API_REQUEST_OK | method=GET | label=ticker:TRX/USD | elapsed_ms=186
2026-10-06 06:14:40+0000 | INFO     | roostoo.api | API_REQUEST_START | method=GET | label=ticker:AVAX/USD | path=/v3/ticker
2026-10-06 06:14:40+0000 | INFO     | roostoo.api | API_REQUEST_OK | method=GET | label=ticker:AVAX/USD | elapsed_ms=199
2026-10-06 06:14:40+0000 | INFO     | roostoo.api | API_REQUEST_START | method=GET | label=ticker:DOT/USD | path=/v3/ticker
2026-10-06 06:14:40+0000 | INFO     | roostoo.api | API_REQUEST_OK | method=GET | label=ticker:DOT/USD | elapsed_ms=200
2026-10-06 06:14:40+0000 | INFO     | roostoo.api | API_REQUEST_START | method=GET | label=ticker:BNB/USD | path=/v3/ticker
2026-10-06 06:14:41+0000 | INFO     | roostoo.api | API_REQUEST_OK | method=GET | label=ticker:BNB/USD | elapsed_ms=504
2026-10-06 06:14:41+0000 | INFO     | roostoo.api | API_REQUEST_START | method=GET | label=ticker:SUI/USD | path=/v3/ticker
2026-10-06 06:14:41+0000 | INFO     | roostoo.api | API_REQUEST_OK | method=GET | label=ticker:SUI/USD | elapsed_ms=172
2026-10-06 06:14:41+0000 | INFO     | roostoo.api | API_REQUEST_START | method=GET | label=ticker:BTC/USD | path=/v3/ticker
2026-10-06 06:14:41+0000 | INFO     | roostoo.api | API_REQUEST_OK | method=GET | label=ticker:BTC/USD | elapsed_ms=504
2026-10-06 06:14:41+0000 | INFO     | bot | LOOP_COMPLETE | elapsed_ms=1813
2026-10-06 06:15:40+0000 | INFO     | roostoo.api | API_REQUEST_START | method=GET | label=ticker:TRX/USD | path=/v3/ticker
2026-10-06 06:15:40+0000 | INFO     | roostoo.api | API_REQUEST_OK | method=GET | label=ticker:TRX/USD | elapsed_ms=174
2026-10-06 06:15:40+0000 | INFO     | roostoo.api | API_REQUEST_START | method=GET | label=server_time | path=/v3/serverTime
2026-10-06 06:15:40+0000 | INFO     | roostoo.api | API_REQUEST_OK | method=GET | label=server_time | elapsed_ms=330
2026-10-06 06:15:40+0000 | INFO     | roostoo.api | SERVER_TIME_SYNC | offset_ms=245
2026-10-06 06:15:40+0000 | INFO     | roostoo.api | API_REQUEST_START | method=GET | label=ticker:AVAX/USD | path=/v3/ticker
2026-10-06 06:15:40+0000 | INFO     | roostoo.api | API_REQUEST_OK | method=GET | label=ticker:AVAX/USD | elapsed_ms=187
2026-10-06 06:15:40+0000 | INFO     | roostoo.api | API_REQUEST_START | method=GET | label=ticker:DOT/USD | path=/v3/ticker
2026-10-06 06:15:41+0000 | INFO     | roostoo.api | API_REQUEST_OK | method=GET | label=ticker:DOT/USD | elapsed_ms=185
2026-10-06 06:15:41+0000 | INFO     | roostoo.api | API_REQUEST_START | method=GET | label=ticker:BNB/USD | path=/v3/ticker
2026-10-06 06:15:41+0000 | INFO     | roostoo.api | API_REQUEST_OK | method=GET | label=ticker:BNB/USD | elapsed_ms=185
2026-10-06 06:15:41+0000 | INFO     | roostoo.api | API_REQUEST_START | method=GET | label=ticker:SUI/USD | path=/v3/ticker
2026-10-06 06:15:41+0000 | INFO     | roostoo.api | API_REQUEST_OK | method=GET | label=ticker:SUI/USD | elapsed_ms=502
2026-10-06 06:15:41+0000 | INFO     | roostoo.api | API_REQUEST_START | method=GET | label=ticker:BTC/USD | path=/v3/ticker
2026-10-06 06:15:41+0000 | INFO     | roostoo.api | API_REQUEST_OK | method=GET | label=ticker:BTC/USD | elapsed_ms=184
2026-10-06 06:15:41+0000 | INFO     | bot | LOOP_COMPLETE | elapsed_ms=1794
2026-10-06 06:16:40+0000 | INFO     | roostoo.api | API_REQUEST_START | method=GET | label=ticker:TRX/USD | path=/v3/ticker
2026-10-06 06:16:40+0000 | INFO     | roostoo.api | API_REQUEST_OK | method=GET | label=ticker:TRX/USD | elapsed_ms=173
2026-10-06 06:16:40+0000 | INFO     | roostoo.api | API_REQUEST_START | method=GET | label=ticker:AVAX/USD | path=/v3/ticker
2026-10-06 06:16:40+0000 | INFO     | roostoo.api | API_REQUEST_OK | method=GET | label=ticker:AVAX/USD | elapsed_ms=172
2026-10-06 06:16:40+0000 | INFO     | roostoo.api | API_REQUEST_START | method=GET | label=ticker:DOT/USD | path=/v3/ticker
2026-10-06 06:16:40+0000 | INFO     | roostoo.api | API_REQUEST_OK | method=GET | label=ticker:DOT/USD | elapsed_ms=174
2026-10-06 06:16:40+0000 | INFO     | roostoo.api | API_REQUEST_START | method=GET | label=ticker:BNB/USD | path=/v3/ticker
2026-10-06 06:16:40+0000 | INFO     | roostoo.api | API_REQUEST_OK | method=GET | label=ticker:BNB/USD | elapsed_ms=173
2026-10-06 06:16:40+0000 | INFO     | roostoo.api | API_REQUEST_START | method=GET | label=ticker:SUI/USD | path=/v3/ticker
2026-10-06 06:16:41+0000 | INFO     | roostoo.api | API_REQUEST_OK | method=GET | label=ticker:SUI/USD | elapsed_ms=171
2026-10-06 06:16:41+0000 | INFO     | roostoo.api | API_REQUEST_START | method=GET | label=ticker:BTC/USD | path=/v3/ticker
2026-10-06 06:16:41+0000 | INFO     | roostoo.api | API_REQUEST_OK | method=GET | label=ticker:BTC/USD | elapsed_ms=503
2026-10-06 06:16:41+0000 | INFO     | bot | LOOP_COMPLETE | elapsed_ms=1410
2026-10-06 06:17:40+0000 | INFO     | roostoo.api | API_REQUEST_START | method=GET | label=ticker:TRX/USD | path=/v3/ticker
2026-10-06 06:17:40+0000 | INFO     | roostoo.api | API_REQUEST_OK | method=GET | label=ticker:TRX/USD | elapsed_ms=175
2026-10-06 06:17:40+0000 | INFO     | roostoo.api | API_REQUEST_START | method=GET | label=ticker:AVAX/USD | path=/v3/ticker
2026-10-06 06:17:40+0000 | INFO     | roostoo.api | API_REQUEST_OK | method=GET | label=ticker:AVAX/USD | elapsed_ms=173
2026-10-06 06:17:40+0000 | INFO     | roostoo.api | API_REQUEST_START | method=GET | label=ticker:DOT/USD | path=/v3/ticker
2026-10-06 06:17:40+0000 | INFO     | roostoo.api | API_REQUEST_OK | method=GET | label=ticker:DOT/USD | elapsed_ms=506
2026-10-06 06:17:40+0000 | INFO     | roostoo.api | API_REQUEST_START | method=GET | label=ticker:BNB/USD | path=/v3/ticker
2026-10-06 06:17:41+0000 | INFO     | roostoo.api | API_REQUEST_OK | method=GET | label=ticker:BNB/USD | elapsed_ms=322
2026-10-06 06:17:41+0000 | INFO     | roostoo.api | API_REQUEST_START | method=GET | label=ticker:SUI/USD | path=/v3/ticker
2026-10-06 06:17:41+0000 | INFO     | roostoo.api | API_REQUEST_OK | method=GET | label=ticker:SUI/USD | elapsed_ms=172
2026-10-06 06:17:41+0000 | INFO     | roostoo.api | API_REQUEST_START | method=GET | label=ticker:BTC/USD | path=/v3/ticker
2026-10-06 06:17:41+0000 | INFO     | roostoo.api | API_REQUEST_OK | method=GET | label=ticker:BTC/USD | elapsed_ms=500
2026-10-06 06:17:41+0000 | INFO     | bot | LOOP_COMPLETE | elapsed_ms=1893
2026-10-06 06:18:40+0000 | INFO     | roostoo.api | API_REQUEST_START | method=GET | label=ticker:TRX/USD | path=/v3/ticker
2026-10-06 06:18:40+0000 | INFO     | roostoo.api | API_REQUEST_OK | method=GET | label=ticker:TRX/USD | elapsed_ms=186
2026-10-06 06:18:40+0000 | INFO     | roostoo.api | API_REQUEST_START | method=GET | label=ticker:AVAX/USD | path=/v3/ticker
2026-10-06 06:18:40+0000 | INFO     | roostoo.api | API_REQUEST_OK | method=GET | label=ticker:AVAX/USD | elapsed_ms=186
2026-10-06 06:18:40+0000 | INFO     | roostoo.api | API_REQUEST_START | method=GET | label=ticker:DOT/USD | path=/v3/ticker
2026-10-06 06:18:40+0000 | INFO     | roostoo.api | API_REQUEST_OK | method=GET | label=ticker:DOT/USD | elapsed_ms=171
2026-10-06 06:18:40+0000 | INFO     | roostoo.api | API_REQUEST_START | method=GET | label=ticker:BNB/USD | path=/v3/ticker
2026-10-06 06:18:40+0000 | INFO     | roostoo.api | API_REQUEST_OK | method=GET | label=ticker:BNB/USD | elapsed_ms=172
2026-10-06 06:18:40+0000 | INFO     | roostoo.api | API_REQUEST_START | method=GET | label=ticker:SUI/USD | path=/v3/ticker
2026-10-06 06:18:41+0000 | INFO     | roostoo.api | API_REQUEST_OK | method=GET | label=ticker:SUI/USD | elapsed_ms=173
2026-10-06 06:18:41+0000 | INFO     | roostoo.api | API_REQUEST_START | method=GET | label=ticker:BTC/USD | path=/v3/ticker
2026-10-06 06:18:41+0000 | INFO     | roostoo.api | API_REQUEST_OK | method=GET | label=ticker:BTC/USD | elapsed_ms=545
2026-10-06 06:18:41+0000 | INFO     | bot | LOOP_COMPLETE | elapsed_ms=1481
2026-10-06 06:19:40+0000 | INFO     | roostoo.api | API_REQUEST_START | method=GET | label=ticker:TRX/USD | path=/v3/ticker
2026-10-06 06:19:40+0000 | INFO     | roostoo.api | API_REQUEST_OK | method=GET | label=ticker:TRX/USD | elapsed_ms=187
2026-10-06 06:19:40+0000 | INFO     | roostoo.api | API_REQUEST_START | method=GET | label=ticker:AVAX/USD | path=/v3/ticker
2026-10-06 06:19:40+0000 | INFO     | roostoo.api | API_REQUEST_OK | method=GET | label=ticker:AVAX/USD | elapsed_ms=186
2026-10-06 06:19:40+0000 | INFO     | roostoo.api | API_REQUEST_START | method=GET | label=ticker:DOT/USD | path=/v3/ticker
2026-10-06 06:19:40+0000 | INFO     | roostoo.api | API_REQUEST_OK | method=GET | label=ticker:DOT/USD | elapsed_ms=186
2026-10-06 06:19:40+0000 | INFO     | roostoo.api | API_REQUEST_START | method=GET | label=ticker:BNB/USD | path=/v3/ticker
2026-10-06 06:19:40+0000 | INFO     | roostoo.api | API_REQUEST_OK | method=GET | label=ticker:BNB/USD | elapsed_ms=188
2026-10-06 06:19:40+0000 | INFO     | roostoo.api | API_REQUEST_START | method=GET | label=ticker:SUI/USD | path=/v3/ticker
2026-10-06 06:19:41+0000 | INFO     | roostoo.api | API_REQUEST_OK | method=GET | label=ticker:SUI/USD | elapsed_ms=505
2026-10-06 06:19:41+0000 | INFO     | roostoo.api | API_REQUEST_START | method=GET | label=ticker:BTC/USD | path=/v3/ticker
2026-10-06 06:19:41+0000 | INFO     | roostoo.api | API_REQUEST_OK | method=GET | label=ticker:BTC/USD | elapsed_ms=187
2026-10-06 06:19:41+0000 | INFO     | bot | LOOP_COMPLETE | elapsed_ms=1481
2026-10-06 06:20:40+0000 | INFO     | roostoo.api | API_REQUEST_START | method=GET | label=ticker:TRX/USD | path=/v3/ticker
2026-10-06 06:20:40+0000 | INFO     | roostoo.api | API_REQUEST_OK | method=GET | label=ticker:TRX/USD | elapsed_ms=174
2026-10-06 06:20:40+0000 | INFO     | roostoo.api | API_REQUEST_START | method=GET | label=ticker:AVAX/USD | path=/v3/ticker
2026-10-06 06:20:40+0000 | INFO     | roostoo.api | API_REQUEST_OK | method=GET | label=ticker:AVAX/USD | elapsed_ms=174
2026-10-06 06:20:40+0000 | INFO     | roostoo.api | API_REQUEST_START | method=GET | label=ticker:DOT/USD | path=/v3/ticker
2026-10-06 06:20:40+0000 | INFO     | roostoo.api | API_REQUEST_OK | method=GET | label=ticker:DOT/USD | elapsed_ms=172
2026-10-06 06:20:40+0000 | INFO     | roostoo.api | API_REQUEST_START | method=GET | label=server_time | path=/v3/serverTime
2026-10-06 06:20:40+0000 | INFO     | roostoo.api | API_REQUEST_OK | method=GET | label=server_time | elapsed_ms=174
2026-10-06 06:20:40+0000 | INFO     | roostoo.api | SERVER_TIME_SYNC | offset_ms=88
2026-10-06 06:20:40+0000 | INFO     | roostoo.api | API_REQUEST_START | method=GET | label=ticker:BNB/USD | path=/v3/ticker
2026-10-06 06:20:41+0000 | INFO     | roostoo.api | API_REQUEST_OK | method=GET | label=ticker:BNB/USD | elapsed_ms=176
2026-10-06 06:20:41+0000 | INFO     | roostoo.api | API_REQUEST_START | method=GET | label=ticker:SUI/USD | path=/v3/ticker
2026-10-06 06:20:41+0000 | INFO     | roostoo.api | API_REQUEST_OK | method=GET | label=ticker:SUI/USD | elapsed_ms=334
2026-10-06 06:20:41+0000 | INFO     | roostoo.api | API_REQUEST_START | method=GET | label=ticker:BTC/USD | path=/v3/ticker
2026-10-06 06:20:41+0000 | INFO     | roostoo.api | API_REQUEST_OK | method=GET | label=ticker:BTC/USD | elapsed_ms=503
2026-10-06 06:20:41+0000 | INFO     | bot | LOOP_COMPLETE | elapsed_ms=1771
2026-10-06 06:21:40+0000 | INFO     | roostoo.api | API_REQUEST_START | method=GET | label=ticker:TRX/USD | path=/v3/ticker
2026-10-06 06:21:40+0000 | INFO     | roostoo.api | API_REQUEST_OK | method=GET | label=ticker:TRX/USD | elapsed_ms=185
2026-10-06 06:21:40+0000 | INFO     | roostoo.api | API_REQUEST_START | method=GET | label=ticker:AVAX/USD | path=/v3/ticker
2026-10-06 06:21:40+0000 | INFO     | roostoo.api | API_REQUEST_OK | method=GET | label=ticker:AVAX/USD | elapsed_ms=186
2026-10-06 06:21:40+0000 | INFO     | roostoo.api | API_REQUEST_START | method=GET | label=ticker:DOT/USD | path=/v3/ticker
2026-10-06 06:21:40+0000 | INFO     | roostoo.api | API_REQUEST_OK | method=GET | label=ticker:DOT/USD | elapsed_ms=173
2026-10-06 06:21:40+0000 | INFO     | roostoo.api | API_REQUEST_START | method=GET | label=ticker:BNB/USD | path=/v3/ticker
2026-10-06 06:21:40+0000 | INFO     | roostoo.api | API_REQUEST_OK | method=GET | label=ticker:BNB/USD | elapsed_ms=198
2026-10-06 06:21:40+0000 | INFO     | roostoo.api | API_REQUEST_START | method=GET | label=ticker:SUI/USD | path=/v3/ticker
2026-10-06 06:21:41+0000 | INFO     | roostoo.api | API_REQUEST_OK | method=GET | label=ticker:SUI/USD | elapsed_ms=503
2026-10-06 06:21:41+0000 | INFO     | roostoo.api | API_REQUEST_START | method=GET | label=ticker:BTC/USD | path=/v3/ticker
2026-10-06 06:21:41+0000 | INFO     | roostoo.api | API_REQUEST_OK | method=GET | label=ticker:BTC/USD | elapsed_ms=172
2026-10-06 06:21:41+0000 | INFO     | bot | LOOP_COMPLETE | elapsed_ms=1460
2026-10-06 06:22:40+0000 | INFO     | roostoo.api | API_REQUEST_START | method=GET | label=ticker:TRX/USD | path=/v3/ticker
2026-10-06 06:22:40+0000 | INFO     | roostoo.api | API_REQUEST_OK | method=GET | label=ticker:TRX/USD | elapsed_ms=173
2026-10-06 06:22:40+0000 | INFO     | roostoo.api | API_REQUEST_START | method=GET | label=ticker:AVAX/USD | path=/v3/ticker
2026-10-06 06:22:40+0000 | INFO     | roostoo.api | API_REQUEST_OK | method=GET | label=ticker:AVAX/USD | elapsed_ms=172
2026-10-06 06:22:40+0000 | INFO     | roostoo.api | API_REQUEST_START | method=GET | label=ticker:DOT/USD | path=/v3/ticker
2026-10-06 06:22:40+0000 | INFO     | roostoo.api | API_REQUEST_OK | method=GET | label=ticker:DOT/USD | elapsed_ms=187
2026-10-06 06:22:40+0000 | INFO     | roostoo.api | API_REQUEST_START | method=GET | label=ticker:BNB/USD | path=/v3/ticker
2026-10-06 06:22:40+0000 | INFO     | roostoo.api | API_REQUEST_OK | method=GET | label=ticker:BNB/USD | elapsed_ms=185
2026-10-06 06:22:40+0000 | INFO     | roostoo.api | API_REQUEST_START | method=GET | label=ticker:SUI/USD | path=/v3/ticker
2026-10-06 06:22:41+0000 | INFO     | roostoo.api | API_REQUEST_OK | method=GET | label=ticker:SUI/USD | elapsed_ms=544
2026-10-06 06:22:41+0000 | INFO     | roostoo.api | API_REQUEST_START | method=GET | label=ticker:BTC/USD | path=/v3/ticker
2026-10-06 06:22:41+0000 | INFO     | roostoo.api | API_REQUEST_OK | method=GET | label=ticker:BTC/USD | elapsed_ms=171
2026-10-06 06:22:41+0000 | INFO     | bot | LOOP_COMPLETE | elapsed_ms=1478
2026-10-06 06:23:40+0000 | INFO     | roostoo.api | API_REQUEST_START | method=GET | label=ticker:TRX/USD | path=/v3/ticker
2026-10-06 06:23:40+0000 | INFO     | roostoo.api | API_REQUEST_OK | method=GET | label=ticker:TRX/USD | elapsed_ms=202
2026-10-06 06:23:40+0000 | INFO     | roostoo.api | API_REQUEST_START | method=GET | label=ticker:AVAX/USD | path=/v3/ticker
2026-10-06 06:23:40+0000 | INFO     | roostoo.api | API_REQUEST_OK | method=GET | label=ticker:AVAX/USD | elapsed_ms=186
2026-10-06 06:23:40+0000 | INFO     | roostoo.api | API_REQUEST_START | method=GET | label=ticker:DOT/USD | path=/v3/ticker
2026-10-06 06:23:40+0000 | INFO     | roostoo.api | API_REQUEST_OK | method=GET | label=ticker:DOT/USD | elapsed_ms=186
2026-10-06 06:23:40+0000 | INFO     | roostoo.api | API_REQUEST_START | method=GET | label=ticker:BNB/USD | path=/v3/ticker
2026-10-06 06:23:41+0000 | INFO     | roostoo.api | API_REQUEST_OK | method=GET | label=ticker:BNB/USD | elapsed_ms=503
2026-10-06 06:23:41+0000 | INFO     | roostoo.api | API_REQUEST_START | method=GET | label=ticker:SUI/USD | path=/v3/ticker
2026-10-06 06:23:41+0000 | INFO     | roostoo.api | API_REQUEST_OK | method=GET | label=ticker:SUI/USD | elapsed_ms=185
2026-10-06 06:23:41+0000 | INFO     | roostoo.api | API_REQUEST_START | method=GET | label=ticker:BTC/USD | path=/v3/ticker
2026-10-06 06:23:41+0000 | INFO     | roostoo.api | API_REQUEST_OK | method=GET | label=ticker:BTC/USD | elapsed_ms=174
2026-10-06 06:23:41+0000 | INFO     | bot | LOOP_COMPLETE | elapsed_ms=1479
2026-10-06 06:24:40+0000 | INFO     | roostoo.api | API_REQUEST_START | method=GET | label=ticker:TRX/USD | path=/v3/ticker
2026-10-06 06:24:40+0000 | INFO     | roostoo.api | API_REQUEST_OK | method=GET | label=ticker:TRX/USD | elapsed_ms=189
2026-10-06 06:24:40+0000 | INFO     | roostoo.api | API_REQUEST_START | method=GET | label=ticker:AVAX/USD | path=/v3/ticker
2026-10-06 06:24:40+0000 | INFO     | roostoo.api | API_REQUEST_OK | method=GET | label=ticker:AVAX/USD | elapsed_ms=173
2026-10-06 06:24:40+0000 | INFO     | roostoo.api | API_REQUEST_START | method=GET | label=ticker:DOT/USD | path=/v3/ticker
2026-10-06 06:24:40+0000 | INFO     | roostoo.api | API_REQUEST_OK | method=GET | label=ticker:DOT/USD | elapsed_ms=186
2026-10-06 06:24:40+0000 | INFO     | roostoo.api | API_REQUEST_START | method=GET | label=ticker:BNB/USD | path=/v3/ticker
2026-10-06 06:24:40+0000 | INFO     | roostoo.api | API_REQUEST_OK | method=GET | label=ticker:BNB/USD | elapsed_ms=186
2026-10-06 06:24:40+0000 | INFO     | roostoo.api | API_REQUEST_START | method=GET | label=ticker:SUI/USD | path=/v3/ticker
2026-10-06 06:24:41+0000 | INFO     | roostoo.api | API_REQUEST_OK | method=GET | label=ticker:SUI/USD | elapsed_ms=502
2026-10-06 06:24:41+0000 | INFO     | roostoo.api | API_REQUEST_START | method=GET | label=ticker:BTC/USD | path=/v3/ticker
2026-10-06 06:24:41+0000 | INFO     | roostoo.api | API_REQUEST_OK | method=GET | label=ticker:BTC/USD | elapsed_ms=174
2026-10-06 06:24:41+0000 | INFO     | bot | LOOP_COMPLETE | elapsed_ms=1455
2026-10-06 06:25:40+0000 | INFO     | roostoo.api | API_REQUEST_START | method=GET | label=ticker:TRX/USD | path=/v3/ticker
2026-10-06 06:25:40+0000 | INFO     | roostoo.api | API_REQUEST_OK | method=GET | label=ticker:TRX/USD | elapsed_ms=172
2026-10-06 06:25:40+0000 | INFO     | roostoo.api | API_REQUEST_START | method=GET | label=ticker:AVAX/USD | path=/v3/ticker
2026-10-06 06:25:40+0000 | INFO     | roostoo.api | API_REQUEST_OK | method=GET | label=ticker:AVAX/USD | elapsed_ms=185
2026-10-06 06:25:40+0000 | INFO     | roostoo.api | API_REQUEST_START | method=GET | label=ticker:DOT/USD | path=/v3/ticker
2026-10-06 06:25:41+0000 | INFO     | roostoo.api | API_REQUEST_OK | method=GET | label=ticker:DOT/USD | elapsed_ms=544
2026-10-06 06:25:41+0000 | INFO     | roostoo.api | API_REQUEST_START | method=GET | label=server_time | path=/v3/serverTime
2026-10-06 06:25:41+0000 | INFO     | roostoo.api | API_REQUEST_OK | method=GET | label=server_time | elapsed_ms=172
2026-10-06 06:25:41+0000 | INFO     | roostoo.api | SERVER_TIME_SYNC | offset_ms=87
2026-10-06 06:25:41+0000 | INFO     | roostoo.api | API_REQUEST_START | method=GET | label=ticker:BNB/USD | path=/v3/ticker
2026-10-06 06:25:41+0000 | INFO     | roostoo.api | API_REQUEST_OK | method=GET | label=ticker:BNB/USD | elapsed_ms=186
2026-10-06 06:25:41+0000 | INFO     | roostoo.api | API_REQUEST_START | method=GET | label=ticker:SUI/USD | path=/v3/ticker
2026-10-06 06:25:41+0000 | INFO     | roostoo.api | API_REQUEST_OK | method=GET | label=ticker:SUI/USD | elapsed_ms=187
2026-10-06 06:25:41+0000 | INFO     | roostoo.api | API_REQUEST_START | method=GET | label=ticker:BTC/USD | path=/v3/ticker
2026-10-06 06:25:41+0000 | INFO     | roostoo.api | API_REQUEST_OK | method=GET | label=ticker:BTC/USD | elapsed_ms=172
2026-10-06 06:25:41+0000 | INFO     | bot | LOOP_COMPLETE | elapsed_ms=1667
2026-10-06 06:26:40+0000 | INFO     | roostoo.api | API_REQUEST_START | method=GET | label=ticker:TRX/USD | path=/v3/ticker
2026-10-06 06:26:40+0000 | INFO     | roostoo.api | API_REQUEST_OK | method=GET | label=ticker:TRX/USD | elapsed_ms=173
2026-10-06 06:26:40+0000 | INFO     | roostoo.api | API_REQUEST_START | method=GET | label=ticker:AVAX/USD | path=/v3/ticker
2026-10-06 06:26:40+0000 | INFO     | roostoo.api | API_REQUEST_OK | method=GET | label=ticker:AVAX/USD | elapsed_ms=172
2026-10-06 06:26:40+0000 | INFO     | roostoo.api | API_REQUEST_START | method=GET | label=ticker:DOT/USD | path=/v3/ticker
2026-10-06 06:26:40+0000 | INFO     | roostoo.api | API_REQUEST_OK | method=GET | label=ticker:DOT/USD | elapsed_ms=171
2026-10-06 06:26:40+0000 | INFO     | roostoo.api | API_REQUEST_START | method=GET | label=ticker:BNB/USD | path=/v3/ticker
2026-10-06 06:26:40+0000 | INFO     | roostoo.api | API_REQUEST_OK | method=GET | label=ticker:BNB/USD | elapsed_ms=172
2026-10-06 06:26:40+0000 | INFO     | roostoo.api | API_REQUEST_START | method=GET | label=ticker:SUI/USD | path=/v3/ticker
2026-10-06 06:26:41+0000 | INFO     | roostoo.api | API_REQUEST_OK | method=GET | label=ticker:SUI/USD | elapsed_ms=579
2026-10-06 06:26:41+0000 | INFO     | roostoo.api | API_REQUEST_START | method=GET | label=ticker:BTC/USD | path=/v3/ticker
2026-10-06 06:26:41+0000 | INFO     | roostoo.api | API_REQUEST_OK | method=GET | label=ticker:BTC/USD | elapsed_ms=171
2026-10-06 06:26:41+0000 | INFO     | bot | LOOP_COMPLETE | elapsed_ms=1484
2026-10-06 06:27:40+0000 | INFO     | roostoo.api | API_REQUEST_START | method=GET | label=ticker:TRX/USD | path=/v3/ticker
2026-10-06 06:27:40+0000 | INFO     | roostoo.api | API_REQUEST_OK | method=GET | label=ticker:TRX/USD | elapsed_ms=173
2026-10-06 06:27:40+0000 | INFO     | roostoo.api | API_REQUEST_START | method=GET | label=ticker:AVAX/USD | path=/v3/ticker
2026-10-06 06:27:40+0000 | INFO     | roostoo.api | API_REQUEST_OK | method=GET | label=ticker:AVAX/USD | elapsed_ms=173
2026-10-06 06:27:40+0000 | INFO     | roostoo.api | API_REQUEST_START | method=GET | label=ticker:DOT/USD | path=/v3/ticker
2026-10-06 06:27:40+0000 | INFO     | roostoo.api | API_REQUEST_OK | method=GET | label=ticker:DOT/USD | elapsed_ms=185
2026-10-06 06:27:40+0000 | INFO     | roostoo.api | API_REQUEST_START | method=GET | label=ticker:BNB/USD | path=/v3/ticker
2026-10-06 06:27:40+0000 | INFO     | roostoo.api | API_REQUEST_OK | method=GET | label=ticker:BNB/USD | elapsed_ms=200
2026-10-06 06:27:40+0000 | INFO     | roostoo.api | API_REQUEST_START | method=GET | label=ticker:SUI/USD | path=/v3/ticker
2026-10-06 06:27:41+0000 | INFO     | roostoo.api | API_REQUEST_OK | method=GET | label=ticker:SUI/USD | elapsed_ms=187
2026-10-06 06:27:41+0000 | INFO     | roostoo.api | API_REQUEST_START | method=GET | label=ticker:BTC/USD | path=/v3/ticker
2026-10-06 06:27:41+0000 | INFO     | roostoo.api | API_REQUEST_OK | method=GET | label=ticker:BTC/USD | elapsed_ms=543
2026-10-06 06:27:41+0000 | INFO     | bot | LOOP_COMPLETE | elapsed_ms=1507
2026-10-06 06:28:40+0000 | INFO     | roostoo.api | API_REQUEST_START | method=GET | label=ticker:TRX/USD | path=/v3/ticker
2026-10-06 06:28:40+0000 | INFO     | roostoo.api | API_REQUEST_OK | method=GET | label=ticker:TRX/USD | elapsed_ms=174
2026-10-06 06:28:40+0000 | INFO     | roostoo.api | API_REQUEST_START | method=GET | label=ticker:AVAX/USD | path=/v3/ticker
2026-10-06 06:28:40+0000 | INFO     | roostoo.api | API_REQUEST_OK | method=GET | label=ticker:AVAX/USD | elapsed_ms=172
2026-10-06 06:28:40+0000 | INFO     | roostoo.api | API_REQUEST_START | method=GET | label=ticker:DOT/USD | path=/v3/ticker
2026-10-06 06:28:40+0000 | INFO     | roostoo.api | API_REQUEST_OK | method=GET | label=ticker:DOT/USD | elapsed_ms=186
2026-10-06 06:28:40+0000 | INFO     | roostoo.api | API_REQUEST_START | method=GET | label=ticker:BNB/USD | path=/v3/ticker
2026-10-06 06:28:40+0000 | INFO     | roostoo.api | API_REQUEST_OK | method=GET | label=ticker:BNB/USD | elapsed_ms=186
2026-10-06 06:28:40+0000 | INFO     | roostoo.api | API_REQUEST_START | method=GET | label=ticker:SUI/USD | path=/v3/ticker
2026-10-06 06:28:41+0000 | INFO     | roostoo.api | API_REQUEST_OK | method=GET | label=ticker:SUI/USD | elapsed_ms=541
2026-10-06 06:28:41+0000 | INFO     | roostoo.api | API_REQUEST_START | method=GET | label=ticker:BTC/USD | path=/v3/ticker
2026-10-06 06:28:41+0000 | INFO     | roostoo.api | API_REQUEST_OK | method=GET | label=ticker:BTC/USD | elapsed_ms=504
2026-10-06 06:28:41+0000 | INFO     | bot | LOOP_COMPLETE | elapsed_ms=1808
2026-10-06 06:29:40+0000 | INFO     | roostoo.api | API_REQUEST_START | method=GET | label=ticker:TRX/USD | path=/v3/ticker
2026-10-06 06:29:40+0000 | INFO     | roostoo.api | API_REQUEST_OK | method=GET | label=ticker:TRX/USD | elapsed_ms=347
2026-10-06 06:29:40+0000 | INFO     | roostoo.api | API_REQUEST_START | method=GET | label=ticker:AVAX/USD | path=/v3/ticker
2026-10-06 06:29:40+0000 | INFO     | roostoo.api | API_REQUEST_OK | method=GET | label=ticker:AVAX/USD | elapsed_ms=185
2026-10-06 06:29:40+0000 | INFO     | roostoo.api | API_REQUEST_START | method=GET | label=ticker:DOT/USD | path=/v3/ticker
2026-10-06 06:29:40+0000 | INFO     | roostoo.api | API_REQUEST_OK | method=GET | label=ticker:DOT/USD | elapsed_ms=173
2026-10-06 06:29:40+0000 | INFO     | roostoo.api | API_REQUEST_START | method=GET | label=ticker:BNB/USD | path=/v3/ticker
2026-10-06 06:29:41+0000 | INFO     | roostoo.api | API_REQUEST_OK | method=GET | label=ticker:BNB/USD | elapsed_ms=173
2026-10-06 06:29:41+0000 | INFO     | roostoo.api | API_REQUEST_START | method=GET | label=ticker:SUI/USD | path=/v3/ticker
2026-10-06 06:29:41+0000 | INFO     | roostoo.api | API_REQUEST_OK | method=GET | label=ticker:SUI/USD | elapsed_ms=544
2026-10-06 06:29:41+0000 | INFO     | roostoo.api | API_REQUEST_START | method=GET | label=ticker:BTC/USD | path=/v3/ticker
2026-10-06 06:29:41+0000 | INFO     | roostoo.api | API_REQUEST_OK | method=GET | label=ticker:BTC/USD | elapsed_ms=291
2026-10-06 06:29:41+0000 | INFO     | bot | LOOP_COMPLETE | elapsed_ms=1765
2026-10-06 06:30:40+0000 | INFO     | roostoo.api | API_REQUEST_START | method=GET | label=ticker:TRX/USD | path=/v3/ticker
2026-10-06 06:30:40+0000 | INFO     | roostoo.api | API_REQUEST_OK | method=GET | label=ticker:TRX/USD | elapsed_ms=260
2026-10-06 06:30:40+0000 | INFO     | roostoo.api | API_REQUEST_START | method=GET | label=ticker:AVAX/USD | path=/v3/ticker
2026-10-06 06:30:40+0000 | INFO     | roostoo.api | API_REQUEST_OK | method=GET | label=ticker:AVAX/USD | elapsed_ms=185
2026-10-06 06:30:40+0000 | INFO     | roostoo.api | API_REQUEST_START | method=GET | label=ticker:DOT/USD | path=/v3/ticker
2026-10-06 06:30:40+0000 | INFO     | roostoo.api | API_REQUEST_OK | method=GET | label=ticker:DOT/USD | elapsed_ms=173
2026-10-06 06:30:40+0000 | INFO     | roostoo.api | API_REQUEST_START | method=GET | label=ticker:BNB/USD | path=/v3/ticker
2026-10-06 06:30:40+0000 | INFO     | roostoo.api | API_REQUEST_OK | method=GET | label=ticker:BNB/USD | elapsed_ms=172
2026-10-06 06:30:40+0000 | INFO     | roostoo.api | API_REQUEST_START | method=GET | label=ticker:SUI/USD | path=/v3/ticker
2026-10-06 06:30:41+0000 | INFO     | roostoo.api | API_REQUEST_OK | method=GET | label=ticker:SUI/USD | elapsed_ms=502
2026-10-06 06:30:41+0000 | INFO     | roostoo.api | API_REQUEST_START | method=GET | label=server_time | path=/v3/serverTime
2026-10-06 06:30:41+0000 | INFO     | roostoo.api | API_REQUEST_OK | method=GET | label=server_time | elapsed_ms=197
2026-10-06 06:30:41+0000 | INFO     | roostoo.api | SERVER_TIME_SYNC | offset_ms=100
2026-10-06 06:30:41+0000 | INFO     | roostoo.api | API_REQUEST_START | method=GET | label=ticker:BTC/USD | path=/v3/ticker
2026-10-06 06:30:41+0000 | INFO     | roostoo.api | API_REQUEST_OK | method=GET | label=ticker:BTC/USD | elapsed_ms=186
2026-10-06 06:30:41+0000 | INFO     | bot | LOOP_COMPLETE | elapsed_ms=1735
2026-10-06 06:31:40+0000 | INFO     | roostoo.api | API_REQUEST_START | method=GET | label=ticker:TRX/USD | path=/v3/ticker
2026-10-06 06:31:40+0000 | INFO     | roostoo.api | API_REQUEST_OK | method=GET | label=ticker:TRX/USD | elapsed_ms=171
2026-10-06 06:31:40+0000 | INFO     | roostoo.api | API_REQUEST_START | method=GET | label=ticker:AVAX/USD | path=/v3/ticker
2026-10-06 06:31:40+0000 | INFO     | roostoo.api | API_REQUEST_OK | method=GET | label=ticker:AVAX/USD | elapsed_ms=185
2026-10-06 06:31:40+0000 | INFO     | roostoo.api | API_REQUEST_START | method=GET | label=ticker:DOT/USD | path=/v3/ticker
2026-10-06 06:31:40+0000 | INFO     | roostoo.api | API_REQUEST_OK | method=GET | label=ticker:DOT/USD | elapsed_ms=197
2026-10-06 06:31:40+0000 | INFO     | roostoo.api | API_REQUEST_START | method=GET | label=ticker:BNB/USD | path=/v3/ticker
2026-10-06 06:31:40+0000 | INFO     | roostoo.api | API_REQUEST_OK | method=GET | label=ticker:BNB/USD | elapsed_ms=186
2026-10-06 06:31:40+0000 | INFO     | roostoo.api | API_REQUEST_START | method=GET | label=ticker:SUI/USD | path=/v3/ticker
2026-10-06 06:31:41+0000 | INFO     | roostoo.api | API_REQUEST_OK | method=GET | label=ticker:SUI/USD | elapsed_ms=186
2026-10-06 06:31:41+0000 | INFO     | roostoo.api | API_REQUEST_START | method=GET | label=ticker:BTC/USD | path=/v3/ticker
2026-10-06 06:31:41+0000 | INFO     | roostoo.api | API_REQUEST_OK | method=GET | label=ticker:BTC/USD | elapsed_ms=356
2026-10-06 06:31:41+0000 | INFO     | bot | LOOP_COMPLETE | elapsed_ms=1328
2026-10-06 06:32:40+0000 | INFO     | roostoo.api | API_REQUEST_START | method=GET | label=ticker:TRX/USD | path=/v3/ticker
2026-10-06 06:32:40+0000 | INFO     | roostoo.api | API_REQUEST_OK | method=GET | label=ticker:TRX/USD | elapsed_ms=185
2026-10-06 06:32:40+0000 | INFO     | roostoo.api | API_REQUEST_START | method=GET | label=ticker:AVAX/USD | path=/v3/ticker
2026-10-06 06:32:40+0000 | INFO     | roostoo.api | API_REQUEST_OK | method=GET | label=ticker:AVAX/USD | elapsed_ms=184
2026-10-06 06:32:40+0000 | INFO     | roostoo.api | API_REQUEST_START | method=GET | label=ticker:DOT/USD | path=/v3/ticker
2026-10-06 06:32:40+0000 | INFO     | roostoo.api | API_REQUEST_OK | method=GET | label=ticker:DOT/USD | elapsed_ms=185
2026-10-06 06:32:40+0000 | INFO     | roostoo.api | API_REQUEST_START | method=GET | label=ticker:BNB/USD | path=/v3/ticker
2026-10-06 06:32:41+0000 | INFO     | roostoo.api | API_REQUEST_OK | method=GET | label=ticker:BNB/USD | elapsed_ms=500
2026-10-06 06:32:41+0000 | INFO     | roostoo.api | API_REQUEST_START | method=GET | label=ticker:SUI/USD | path=/v3/ticker
2026-10-06 06:32:41+0000 | INFO     | roostoo.api | API_REQUEST_OK | method=GET | label=ticker:SUI/USD | elapsed_ms=331
2026-10-06 06:32:41+0000 | INFO     | roostoo.api | API_REQUEST_START | method=GET | label=ticker:BTC/USD | path=/v3/ticker
2026-10-06 06:32:41+0000 | INFO     | roostoo.api | API_REQUEST_OK | method=GET | label=ticker:BTC/USD | elapsed_ms=187
2026-10-06 06:32:41+0000 | INFO     | bot | LOOP_COMPLETE | elapsed_ms=1624
2026-10-06 06:33:40+0000 | INFO     | roostoo.api | API_REQUEST_START | method=GET | label=ticker:TRX/USD | path=/v3/ticker
2026-10-06 06:33:40+0000 | INFO     | roostoo.api | API_REQUEST_OK | method=GET | label=ticker:TRX/USD | elapsed_ms=186
2026-10-06 06:33:40+0000 | INFO     | roostoo.api | API_REQUEST_START | method=GET | label=ticker:AVAX/USD | path=/v3/ticker
2026-10-06 06:33:40+0000 | INFO     | roostoo.api | API_REQUEST_OK | method=GET | label=ticker:AVAX/USD | elapsed_ms=185
2026-10-06 06:33:40+0000 | INFO     | roostoo.api | API_REQUEST_START | method=GET | label=ticker:DOT/USD | path=/v3/ticker
2026-10-06 06:33:40+0000 | INFO     | roostoo.api | API_REQUEST_OK | method=GET | label=ticker:DOT/USD | elapsed_ms=185
2026-10-06 06:33:40+0000 | INFO     | roostoo.api | API_REQUEST_START | method=GET | label=ticker:BNB/USD | path=/v3/ticker
2026-10-06 06:33:40+0000 | INFO     | roostoo.api | API_REQUEST_OK | method=GET | label=ticker:BNB/USD | elapsed_ms=185
2026-10-06 06:33:40+0000 | INFO     | roostoo.api | API_REQUEST_START | method=GET | label=ticker:SUI/USD | path=/v3/ticker
2026-10-06 06:33:41+0000 | INFO     | roostoo.api | API_REQUEST_OK | method=GET | label=ticker:SUI/USD | elapsed_ms=542
2026-10-06 06:33:41+0000 | INFO     | roostoo.api | API_REQUEST_START | method=GET | label=ticker:BTC/USD | path=/v3/ticker
2026-10-06 06:33:41+0000 | INFO     | roostoo.api | API_REQUEST_OK | method=GET | label=ticker:BTC/USD | elapsed_ms=198
2026-10-06 06:33:41+0000 | INFO     | bot | LOOP_COMPLETE | elapsed_ms=1529
2026-10-06 06:34:40+0000 | INFO     | roostoo.api | API_REQUEST_START | method=GET | label=ticker:TRX/USD | path=/v3/ticker
2026-10-06 06:34:40+0000 | INFO     | roostoo.api | API_REQUEST_OK | method=GET | label=ticker:TRX/USD | elapsed_ms=174
2026-10-06 06:34:40+0000 | INFO     | roostoo.api | API_REQUEST_START | method=GET | label=ticker:AVAX/USD | path=/v3/ticker
2026-10-06 06:34:40+0000 | INFO     | roostoo.api | API_REQUEST_OK | method=GET | label=ticker:AVAX/USD | elapsed_ms=171
2026-10-06 06:34:40+0000 | INFO     | roostoo.api | API_REQUEST_START | method=GET | label=ticker:DOT/USD | path=/v3/ticker
2026-10-06 06:34:40+0000 | INFO     | roostoo.api | API_REQUEST_OK | method=GET | label=ticker:DOT/USD | elapsed_ms=184
2026-10-06 06:34:40+0000 | INFO     | roostoo.api | API_REQUEST_START | method=GET | label=ticker:BNB/USD | path=/v3/ticker
2026-10-06 06:34:40+0000 | INFO     | roostoo.api | API_REQUEST_OK | method=GET | label=ticker:BNB/USD | elapsed_ms=185
2026-10-06 06:34:40+0000 | INFO     | roostoo.api | API_REQUEST_START | method=GET | label=ticker:SUI/USD | path=/v3/ticker
2026-10-06 06:34:41+0000 | INFO     | roostoo.api | API_REQUEST_OK | method=GET | label=ticker:SUI/USD | elapsed_ms=183
2026-10-06 06:34:41+0000 | INFO     | roostoo.api | API_REQUEST_START | method=GET | label=ticker:BTC/USD | path=/v3/ticker
2026-10-06 06:34:41+0000 | INFO     | roostoo.api | API_REQUEST_OK | method=GET | label=ticker:BTC/USD | elapsed_ms=543
2026-10-06 06:34:41+0000 | INFO     | bot | LOOP_COMPLETE | elapsed_ms=1485
2026-10-06 06:35:40+0000 | INFO     | roostoo.api | API_REQUEST_START | method=GET | label=ticker:TRX/USD | path=/v3/ticker
2026-10-06 06:35:40+0000 | INFO     | roostoo.api | API_REQUEST_OK | method=GET | label=ticker:TRX/USD | elapsed_ms=198
2026-10-06 06:35:40+0000 | INFO     | roostoo.api | API_REQUEST_START | method=GET | label=ticker:AVAX/USD | path=/v3/ticker
2026-10-06 06:35:40+0000 | INFO     | roostoo.api | API_REQUEST_OK | method=GET | label=ticker:AVAX/USD | elapsed_ms=261
2026-10-06 06:35:40+0000 | INFO     | roostoo.api | API_REQUEST_START | method=GET | label=ticker:DOT/USD | path=/v3/ticker
2026-10-06 06:35:41+0000 | INFO     | roostoo.api | API_REQUEST_OK | method=GET | label=ticker:DOT/USD | elapsed_ms=501
2026-10-06 06:35:41+0000 | INFO     | roostoo.api | API_REQUEST_START | method=GET | label=ticker:BNB/USD | path=/v3/ticker
2026-10-06 06:35:41+0000 | INFO     | roostoo.api | API_REQUEST_OK | method=GET | label=ticker:BNB/USD | elapsed_ms=332
2026-10-06 06:35:41+0000 | INFO     | roostoo.api | API_REQUEST_START | method=GET | label=ticker:SUI/USD | path=/v3/ticker
2026-10-06 06:35:41+0000 | INFO     | roostoo.api | API_REQUEST_OK | method=GET | label=ticker:SUI/USD | elapsed_ms=543
2026-10-06 06:35:41+0000 | INFO     | roostoo.api | API_REQUEST_START | method=GET | label=server_time | path=/v3/serverTime
2026-10-06 06:35:42+0000 | INFO     | roostoo.api | API_REQUEST_OK | method=GET | label=server_time | elapsed_ms=186
2026-10-06 06:35:42+0000 | INFO     | roostoo.api | SERVER_TIME_SYNC | offset_ms=86
2026-10-06 06:35:42+0000 | INFO     | roostoo.api | API_REQUEST_START | method=GET | label=ticker:BTC/USD | path=/v3/ticker
2026-10-06 06:35:42+0000 | INFO     | roostoo.api | API_REQUEST_OK | method=GET | label=ticker:BTC/USD | elapsed_ms=186
2026-10-06 06:35:42+0000 | INFO     | bot | LOOP_COMPLETE | elapsed_ms=2253
2026-10-06 06:36:40+0000 | INFO     | roostoo.api | API_REQUEST_START | method=GET | label=ticker:TRX/USD | path=/v3/ticker
2026-10-06 06:36:40+0000 | INFO     | roostoo.api | API_REQUEST_OK | method=GET | label=ticker:TRX/USD | elapsed_ms=200
2026-10-06 06:36:40+0000 | INFO     | roostoo.api | API_REQUEST_START | method=GET | label=ticker:AVAX/USD | path=/v3/ticker
2026-10-06 06:36:40+0000 | INFO     | roostoo.api | API_REQUEST_OK | method=GET | label=ticker:AVAX/USD | elapsed_ms=198
2026-10-06 06:36:40+0000 | INFO     | roostoo.api | API_REQUEST_START | method=GET | label=ticker:DOT/USD | path=/v3/ticker
2026-10-06 06:36:41+0000 | INFO     | roostoo.api | API_REQUEST_OK | method=GET | label=ticker:DOT/USD | elapsed_ms=505
2026-10-06 06:36:41+0000 | INFO     | roostoo.api | API_REQUEST_START | method=GET | label=ticker:BNB/USD | path=/v3/ticker
2026-10-06 06:36:41+0000 | INFO     | roostoo.api | API_REQUEST_OK | method=GET | label=ticker:BNB/USD | elapsed_ms=186
2026-10-06 06:36:41+0000 | INFO     | roostoo.api | API_REQUEST_START | method=GET | label=ticker:SUI/USD | path=/v3/ticker
2026-10-06 06:36:41+0000 | INFO     | roostoo.api | API_REQUEST_OK | method=GET | label=ticker:SUI/USD | elapsed_ms=198
2026-10-06 06:36:41+0000 | INFO     | roostoo.api | API_REQUEST_START | method=GET | label=ticker:BTC/USD | path=/v3/ticker
2026-10-06 06:36:41+0000 | INFO     | roostoo.api | API_REQUEST_OK | method=GET | label=ticker:BTC/USD | elapsed_ms=172
2026-10-06 06:36:41+0000 | INFO     | bot | LOOP_COMPLETE | elapsed_ms=1504
2026-10-06 06:37:40+0000 | INFO     | roostoo.api | API_REQUEST_START | method=GET | label=ticker:TRX/USD | path=/v3/ticker
2026-10-06 06:37:40+0000 | INFO     | roostoo.api | API_REQUEST_OK | method=GET | label=ticker:TRX/USD | elapsed_ms=176
2026-10-06 06:37:40+0000 | INFO     | roostoo.api | API_REQUEST_START | method=GET | label=ticker:AVAX/USD | path=/v3/ticker
2026-10-06 06:37:40+0000 | INFO     | roostoo.api | API_REQUEST_OK | method=GET | label=ticker:AVAX/USD | elapsed_ms=172
2026-10-06 06:37:40+0000 | INFO     | roostoo.api | API_REQUEST_START | method=GET | label=ticker:DOT/USD | path=/v3/ticker
2026-10-06 06:37:40+0000 | INFO     | roostoo.api | API_REQUEST_OK | method=GET | label=ticker:DOT/USD | elapsed_ms=198
2026-10-06 06:37:40+0000 | INFO     | roostoo.api | API_REQUEST_START | method=GET | label=ticker:BNB/USD | path=/v3/ticker
2026-10-06 06:37:41+0000 | INFO     | roostoo.api | API_REQUEST_OK | method=GET | label=ticker:BNB/USD | elapsed_ms=502
2026-10-06 06:37:41+0000 | INFO     | roostoo.api | API_REQUEST_START | method=GET | label=ticker:SUI/USD | path=/v3/ticker
2026-10-06 06:37:41+0000 | INFO     | roostoo.api | API_REQUEST_OK | method=GET | label=ticker:SUI/USD | elapsed_ms=544
2026-10-06 06:37:41+0000 | INFO     | roostoo.api | API_REQUEST_START | method=GET | label=ticker:BTC/USD | path=/v3/ticker
2026-10-06 06:37:42+0000 | INFO     | roostoo.api | API_REQUEST_OK | method=GET | label=ticker:BTC/USD | elapsed_ms=543
2026-10-06 06:37:42+0000 | INFO     | bot | LOOP_COMPLETE | elapsed_ms=2177
2026-10-06 06:38:40+0000 | INFO     | roostoo.api | API_REQUEST_START | method=GET | label=ticker:TRX/USD | path=/v3/ticker
2026-10-06 06:38:40+0000 | INFO     | roostoo.api | API_REQUEST_OK | method=GET | label=ticker:TRX/USD | elapsed_ms=174
2026-10-06 06:38:40+0000 | INFO     | roostoo.api | API_REQUEST_START | method=GET | label=ticker:AVAX/USD | path=/v3/ticker
2026-10-06 06:38:40+0000 | INFO     | roostoo.api | API_REQUEST_OK | method=GET | label=ticker:AVAX/USD | elapsed_ms=173
2026-10-06 06:38:40+0000 | INFO     | roostoo.api | API_REQUEST_START | method=GET | label=ticker:DOT/USD | path=/v3/ticker
2026-10-06 06:38:40+0000 | INFO     | roostoo.api | API_REQUEST_OK | method=GET | label=ticker:DOT/USD | elapsed_ms=199
2026-10-06 06:38:40+0000 | INFO     | roostoo.api | API_REQUEST_START | method=GET | label=ticker:BNB/USD | path=/v3/ticker
2026-10-06 06:38:40+0000 | INFO     | roostoo.api | API_REQUEST_OK | method=GET | label=ticker:BNB/USD | elapsed_ms=185
2026-10-06 06:38:40+0000 | INFO     | roostoo.api | API_REQUEST_START | method=GET | label=ticker:SUI/USD | path=/v3/ticker
2026-10-06 06:38:41+0000 | INFO     | roostoo.api | API_REQUEST_OK | method=GET | label=ticker:SUI/USD | elapsed_ms=185
2026-10-06 06:38:41+0000 | INFO     | roostoo.api | API_REQUEST_START | method=GET | label=ticker:BTC/USD | path=/v3/ticker
2026-10-06 06:38:41+0000 | INFO     | roostoo.api | API_REQUEST_OK | method=GET | label=ticker:BTC/USD | elapsed_ms=186
2026-10-06 06:38:41+0000 | INFO     | bot | LOOP_COMPLETE | elapsed_ms=1147
2026-10-06 06:39:40+0000 | INFO     | roostoo.api | API_REQUEST_START | method=GET | label=ticker:TRX/USD | path=/v3/ticker
2026-10-06 06:39:40+0000 | INFO     | roostoo.api | API_REQUEST_OK | method=GET | label=ticker:TRX/USD | elapsed_ms=177
2026-10-06 06:39:40+0000 | INFO     | roostoo.api | API_REQUEST_START | method=GET | label=ticker:AVAX/USD | path=/v3/ticker
2026-10-06 06:39:40+0000 | INFO     | roostoo.api | API_REQUEST_OK | method=GET | label=ticker:AVAX/USD | elapsed_ms=197
2026-10-06 06:39:40+0000 | INFO     | roostoo.api | API_REQUEST_START | method=GET | label=ticker:DOT/USD | path=/v3/ticker
2026-10-06 06:39:40+0000 | INFO     | roostoo.api | API_REQUEST_OK | method=GET | label=ticker:DOT/USD | elapsed_ms=184
2026-10-06 06:39:40+0000 | INFO     | roostoo.api | API_REQUEST_START | method=GET | label=ticker:BNB/USD | path=/v3/ticker
2026-10-06 06:39:40+0000 | INFO     | roostoo.api | API_REQUEST_OK | method=GET | label=ticker:BNB/USD | elapsed_ms=198
2026-10-06 06:39:40+0000 | INFO     | roostoo.api | API_REQUEST_START | method=GET | label=ticker:SUI/USD | path=/v3/ticker
2026-10-06 06:39:41+0000 | INFO     | roostoo.api | API_REQUEST_OK | method=GET | label=ticker:SUI/USD | elapsed_ms=198
2026-10-06 06:39:41+0000 | INFO     | roostoo.api | API_REQUEST_START | method=GET | label=ticker:BTC/USD | path=/v3/ticker
2026-10-06 06:39:41+0000 | INFO     | roostoo.api | API_REQUEST_OK | method=GET | label=ticker:BTC/USD | elapsed_ms=184
2026-10-06 06:39:41+0000 | INFO     | bot | LOOP_COMPLETE | elapsed_ms=1183
2026-10-06 06:40:40+0000 | INFO     | roostoo.api | API_REQUEST_START | method=GET | label=ticker:TRX/USD | path=/v3/ticker
2026-10-06 06:40:40+0000 | INFO     | roostoo.api | API_REQUEST_OK | method=GET | label=ticker:TRX/USD | elapsed_ms=172
2026-10-06 06:40:40+0000 | INFO     | roostoo.api | API_REQUEST_START | method=GET | label=ticker:AVAX/USD | path=/v3/ticker
2026-10-06 06:40:40+0000 | INFO     | roostoo.api | API_REQUEST_OK | method=GET | label=ticker:AVAX/USD | elapsed_ms=176
2026-10-06 06:40:40+0000 | INFO     | roostoo.api | API_REQUEST_START | method=GET | label=ticker:DOT/USD | path=/v3/ticker
2026-10-06 06:40:40+0000 | INFO     | roostoo.api | API_REQUEST_OK | method=GET | label=ticker:DOT/USD | elapsed_ms=199
2026-10-06 06:40:40+0000 | INFO     | roostoo.api | API_REQUEST_START | method=GET | label=ticker:BNB/USD | path=/v3/ticker
2026-10-06 06:40:41+0000 | INFO     | roostoo.api | API_REQUEST_OK | method=GET | label=ticker:BNB/USD | elapsed_ms=501
2026-10-06 06:40:41+0000 | INFO     | roostoo.api | API_REQUEST_START | method=GET | label=ticker:SUI/USD | path=/v3/ticker
2026-10-06 06:40:41+0000 | INFO     | roostoo.api | API_REQUEST_OK | method=GET | label=ticker:SUI/USD | elapsed_ms=198
2026-10-06 06:40:41+0000 | INFO     | roostoo.api | API_REQUEST_START | method=GET | label=ticker:BTC/USD | path=/v3/ticker
2026-10-06 06:40:41+0000 | INFO     | roostoo.api | API_REQUEST_OK | method=GET | label=ticker:BTC/USD | elapsed_ms=204
2026-10-06 06:40:41+0000 | INFO     | bot | LOOP_COMPLETE | elapsed_ms=1498
2026-10-06 06:41:40+0000 | INFO     | roostoo.api | API_REQUEST_START | method=GET | label=server_time | path=/v3/serverTime
2026-10-06 06:41:40+0000 | INFO     | roostoo.api | API_REQUEST_OK | method=GET | label=server_time | elapsed_ms=186
2026-10-06 06:41:40+0000 | INFO     | roostoo.api | SERVER_TIME_SYNC | offset_ms=102
2026-10-06 06:41:40+0000 | INFO     | roostoo.api | API_REQUEST_START | method=GET | label=ticker:TRX/USD | path=/v3/ticker
2026-10-06 06:41:40+0000 | INFO     | roostoo.api | API_REQUEST_OK | method=GET | label=ticker:TRX/USD | elapsed_ms=187
2026-10-06 06:41:40+0000 | INFO     | roostoo.api | API_REQUEST_START | method=GET | label=ticker:AVAX/USD | path=/v3/ticker
2026-10-06 06:41:40+0000 | INFO     | roostoo.api | API_REQUEST_OK | method=GET | label=ticker:AVAX/USD | elapsed_ms=186
2026-10-06 06:41:40+0000 | INFO     | roostoo.api | API_REQUEST_START | method=GET | label=ticker:DOT/USD | path=/v3/ticker
2026-10-06 06:41:40+0000 | INFO     | roostoo.api | API_REQUEST_OK | method=GET | label=ticker:DOT/USD | elapsed_ms=187
2026-10-06 06:41:40+0000 | INFO     | roostoo.api | API_REQUEST_START | method=GET | label=ticker:BNB/USD | path=/v3/ticker
2026-10-06 06:41:41+0000 | INFO     | roostoo.api | API_REQUEST_OK | method=GET | label=ticker:BNB/USD | elapsed_ms=187
2026-10-06 06:41:41+0000 | INFO     | roostoo.api | API_REQUEST_START | method=GET | label=ticker:SUI/USD | path=/v3/ticker
2026-10-06 06:41:41+0000 | INFO     | roostoo.api | API_REQUEST_OK | method=GET | label=ticker:SUI/USD | elapsed_ms=188
2026-10-06 06:41:41+0000 | INFO     | roostoo.api | API_REQUEST_START | method=GET | label=ticker:BTC/USD | path=/v3/ticker
2026-10-06 06:41:41+0000 | INFO     | roostoo.api | API_REQUEST_OK | method=GET | label=ticker:BTC/USD | elapsed_ms=187
2026-10-06 06:41:41+0000 | INFO     | bot | LOOP_COMPLETE | elapsed_ms=1357
2026-10-06 06:42:40+0000 | INFO     | roostoo.api | API_REQUEST_START | method=GET | label=ticker:TRX/USD | path=/v3/ticker
2026-10-06 06:42:40+0000 | INFO     | roostoo.api | API_REQUEST_OK | method=GET | label=ticker:TRX/USD | elapsed_ms=207
2026-10-06 06:42:40+0000 | INFO     | roostoo.api | API_REQUEST_START | method=GET | label=ticker:AVAX/USD | path=/v3/ticker
2026-10-06 06:42:40+0000 | INFO     | roostoo.api | API_REQUEST_OK | method=GET | label=ticker:AVAX/USD | elapsed_ms=200
2026-10-06 06:42:40+0000 | INFO     | roostoo.api | API_REQUEST_START | method=GET | label=ticker:DOT/USD | path=/v3/ticker
2026-10-06 06:42:40+0000 | INFO     | roostoo.api | API_REQUEST_OK | method=GET | label=ticker:DOT/USD | elapsed_ms=173
2026-10-06 06:42:40+0000 | INFO     | roostoo.api | API_REQUEST_START | method=GET | label=ticker:BNB/USD | path=/v3/ticker
2026-10-06 06:42:40+0000 | INFO     | roostoo.api | API_REQUEST_OK | method=GET | label=ticker:BNB/USD | elapsed_ms=171
2026-10-06 06:42:40+0000 | INFO     | roostoo.api | API_REQUEST_START | method=GET | label=ticker:SUI/USD | path=/v3/ticker
2026-10-06 06:42:41+0000 | INFO     | roostoo.api | API_REQUEST_OK | method=GET | label=ticker:SUI/USD | elapsed_ms=543
2026-10-06 06:42:41+0000 | INFO     | roostoo.api | API_REQUEST_START | method=GET | label=ticker:BTC/USD | path=/v3/ticker
2026-10-06 06:42:41+0000 | INFO     | roostoo.api | API_REQUEST_OK | method=GET | label=ticker:BTC/USD | elapsed_ms=173
2026-10-06 06:42:41+0000 | INFO     | bot | LOOP_COMPLETE | elapsed_ms=1513
2026-10-06 06:43:40+0000 | INFO     | roostoo.api | API_REQUEST_START | method=GET | label=ticker:TRX/USD | path=/v3/ticker
2026-10-06 06:43:40+0000 | INFO     | roostoo.api | API_REQUEST_OK | method=GET | label=ticker:TRX/USD | elapsed_ms=186
2026-10-06 06:43:40+0000 | INFO     | roostoo.api | API_REQUEST_START | method=GET | label=ticker:AVAX/USD | path=/v3/ticker
2026-10-06 06:43:40+0000 | INFO     | roostoo.api | API_REQUEST_OK | method=GET | label=ticker:AVAX/USD | elapsed_ms=185
2026-10-06 06:43:40+0000 | INFO     | roostoo.api | API_REQUEST_START | method=GET | label=ticker:DOT/USD | path=/v3/ticker
2026-10-06 06:43:40+0000 | INFO     | roostoo.api | API_REQUEST_OK | method=GET | label=ticker:DOT/USD | elapsed_ms=185
2026-10-06 06:43:40+0000 | INFO     | roostoo.api | API_REQUEST_START | method=GET | label=ticker:BNB/USD | path=/v3/ticker
2026-10-06 06:43:40+0000 | INFO     | roostoo.api | API_REQUEST_OK | method=GET | label=ticker:BNB/USD | elapsed_ms=172
2026-10-06 06:43:40+0000 | INFO     | roostoo.api | API_REQUEST_START | method=GET | label=ticker:SUI/USD | path=/v3/ticker
2026-10-06 06:43:41+0000 | INFO     | roostoo.api | API_REQUEST_OK | method=GET | label=ticker:SUI/USD | elapsed_ms=332
2026-10-06 06:43:41+0000 | INFO     | roostoo.api | API_REQUEST_START | method=GET | label=ticker:BTC/USD | path=/v3/ticker
2026-10-06 06:43:41+0000 | INFO     | roostoo.api | API_REQUEST_OK | method=GET | label=ticker:BTC/USD | elapsed_ms=503
2026-10-06 06:43:41+0000 | INFO     | bot | LOOP_COMPLETE | elapsed_ms=1609
2026-10-06 06:44:40+0000 | INFO     | roostoo.api | API_REQUEST_START | method=GET | label=ticker:TRX/USD | path=/v3/ticker
2026-10-06 06:44:40+0000 | INFO     | roostoo.api | API_REQUEST_OK | method=GET | label=ticker:TRX/USD | elapsed_ms=187
2026-10-06 06:44:40+0000 | INFO     | roostoo.api | API_REQUEST_START | method=GET | label=ticker:AVAX/USD | path=/v3/ticker
2026-10-06 06:44:40+0000 | INFO     | roostoo.api | API_REQUEST_OK | method=GET | label=ticker:AVAX/USD | elapsed_ms=174
2026-10-06 06:44:40+0000 | INFO     | roostoo.api | API_REQUEST_START | method=GET | label=ticker:DOT/USD | path=/v3/ticker
2026-10-06 06:44:40+0000 | INFO     | roostoo.api | API_REQUEST_OK | method=GET | label=ticker:DOT/USD | elapsed_ms=187
2026-10-06 06:44:40+0000 | INFO     | roostoo.api | API_REQUEST_START | method=GET | label=ticker:BNB/USD | path=/v3/ticker
2026-10-06 06:44:40+0000 | INFO     | roostoo.api | API_REQUEST_OK | method=GET | label=ticker:BNB/USD | elapsed_ms=172
2026-10-06 06:44:40+0000 | INFO     | roostoo.api | API_REQUEST_START | method=GET | label=ticker:SUI/USD | path=/v3/ticker
2026-10-06 06:44:41+0000 | INFO     | roostoo.api | API_REQUEST_OK | method=GET | label=ticker:SUI/USD | elapsed_ms=186
2026-10-06 06:44:41+0000 | INFO     | roostoo.api | API_REQUEST_START | method=GET | label=ticker:BTC/USD | path=/v3/ticker
2026-10-06 06:44:41+0000 | INFO     | roostoo.api | API_REQUEST_OK | method=GET | label=ticker:BTC/USD | elapsed_ms=187
2026-10-06 06:44:41+0000 | INFO     | bot | LOOP_COMPLETE | elapsed_ms=1142
2026-10-06 06:45:40+0000 | INFO     | roostoo.api | API_REQUEST_START | method=GET | label=ticker:TRX/USD | path=/v3/ticker
2026-10-06 06:45:40+0000 | INFO     | roostoo.api | API_REQUEST_OK | method=GET | label=ticker:TRX/USD | elapsed_ms=201
2026-10-06 06:45:40+0000 | INFO     | roostoo.api | API_REQUEST_START | method=GET | label=ticker:AVAX/USD | path=/v3/ticker
2026-10-06 06:45:40+0000 | INFO     | roostoo.api | API_REQUEST_OK | method=GET | label=ticker:AVAX/USD | elapsed_ms=186
2026-10-06 06:45:40+0000 | INFO     | roostoo.api | API_REQUEST_START | method=GET | label=ticker:DOT/USD | path=/v3/ticker
2026-10-06 06:45:40+0000 | INFO     | roostoo.api | API_REQUEST_OK | method=GET | label=ticker:DOT/USD | elapsed_ms=197
2026-10-06 06:45:40+0000 | INFO     | roostoo.api | API_REQUEST_START | method=GET | label=ticker:BNB/USD | path=/v3/ticker
2026-10-06 06:45:40+0000 | INFO     | roostoo.api | API_REQUEST_OK | method=GET | label=ticker:BNB/USD | elapsed_ms=198
2026-10-06 06:45:40+0000 | INFO     | roostoo.api | API_REQUEST_START | method=GET | label=ticker:SUI/USD | path=/v3/ticker
2026-10-06 06:45:41+0000 | INFO     | roostoo.api | API_REQUEST_OK | method=GET | label=ticker:SUI/USD | elapsed_ms=379
2026-10-06 06:45:41+0000 | INFO     | roostoo.api | API_REQUEST_START | method=GET | label=ticker:BTC/USD | path=/v3/ticker
2026-10-06 06:45:41+0000 | INFO     | roostoo.api | API_REQUEST_OK | method=GET | label=ticker:BTC/USD | elapsed_ms=186
2026-10-06 06:45:41+0000 | INFO     | bot | LOOP_COMPLETE | elapsed_ms=1403
2026-10-06 06:46:40+0000 | INFO     | roostoo.api | API_REQUEST_START | method=GET | label=ticker:TRX/USD | path=/v3/ticker
2026-10-06 06:46:40+0000 | INFO     | roostoo.api | API_REQUEST_OK | method=GET | label=ticker:TRX/USD | elapsed_ms=253
2026-10-06 06:46:40+0000 | INFO     | roostoo.api | API_REQUEST_START | method=GET | label=server_time | path=/v3/serverTime
2026-10-06 06:46:40+0000 | INFO     | roostoo.api | API_REQUEST_OK | method=GET | label=server_time | elapsed_ms=172
2026-10-06 06:46:40+0000 | INFO     | roostoo.api | SERVER_TIME_SYNC | offset_ms=87
2026-10-06 06:46:40+0000 | INFO     | roostoo.api | API_REQUEST_START | method=GET | label=ticker:AVAX/USD | path=/v3/ticker
2026-10-06 06:46:40+0000 | INFO     | roostoo.api | API_REQUEST_OK | method=GET | label=ticker:AVAX/USD | elapsed_ms=172
2026-10-06 06:46:40+0000 | INFO     | roostoo.api | API_REQUEST_START | method=GET | label=ticker:DOT/USD | path=/v3/ticker
2026-10-06 06:46:40+0000 | INFO     | roostoo.api | API_REQUEST_OK | method=GET | label=ticker:DOT/USD | elapsed_ms=185
2026-10-06 06:46:40+0000 | INFO     | roostoo.api | API_REQUEST_START | method=GET | label=ticker:BNB/USD | path=/v3/ticker
2026-10-06 06:46:41+0000 | INFO     | roostoo.api | API_REQUEST_OK | method=GET | label=ticker:BNB/USD | elapsed_ms=502
2026-10-06 06:46:41+0000 | INFO     | roostoo.api | API_REQUEST_START | method=GET | label=ticker:SUI/USD | path=/v3/ticker
2026-10-06 06:46:41+0000 | INFO     | roostoo.api | API_REQUEST_OK | method=GET | label=ticker:SUI/USD | elapsed_ms=184
2026-10-06 06:46:41+0000 | INFO     | roostoo.api | API_REQUEST_START | method=GET | label=ticker:BTC/USD | path=/v3/ticker
2026-10-06 06:46:42+0000 | INFO     | roostoo.api | API_REQUEST_OK | method=GET | label=ticker:BTC/USD | elapsed_ms=546
2026-10-06 06:46:42+0000 | INFO     | bot | LOOP_COMPLETE | elapsed_ms=2063
2026-10-06 06:47:40+0000 | INFO     | roostoo.api | API_REQUEST_START | method=GET | label=ticker:TRX/USD | path=/v3/ticker
2026-10-06 06:47:40+0000 | INFO     | roostoo.api | API_REQUEST_OK | method=GET | label=ticker:TRX/USD | elapsed_ms=187
2026-10-06 06:47:40+0000 | INFO     | roostoo.api | API_REQUEST_START | method=GET | label=ticker:AVAX/USD | path=/v3/ticker
2026-10-06 06:47:40+0000 | INFO     | roostoo.api | API_REQUEST_OK | method=GET | label=ticker:AVAX/USD | elapsed_ms=186
2026-10-06 06:47:40+0000 | INFO     | roostoo.api | API_REQUEST_START | method=GET | label=ticker:DOT/USD | path=/v3/ticker
2026-10-06 06:47:40+0000 | INFO     | roostoo.api | API_REQUEST_OK | method=GET | label=ticker:DOT/USD | elapsed_ms=174
2026-10-06 06:47:40+0000 | INFO     | roostoo.api | API_REQUEST_START | method=GET | label=ticker:BNB/USD | path=/v3/ticker
2026-10-06 06:47:40+0000 | INFO     | roostoo.api | API_REQUEST_OK | method=GET | label=ticker:BNB/USD | elapsed_ms=173
2026-10-06 06:47:40+0000 | INFO     | roostoo.api | API_REQUEST_START | method=GET | label=ticker:SUI/USD | path=/v3/ticker
2026-10-06 06:47:41+0000 | INFO     | roostoo.api | API_REQUEST_OK | method=GET | label=ticker:SUI/USD | elapsed_ms=504
2026-10-06 06:47:41+0000 | INFO     | roostoo.api | API_REQUEST_START | method=GET | label=ticker:BTC/USD | path=/v3/ticker
2026-10-06 06:47:41+0000 | INFO     | roostoo.api | API_REQUEST_OK | method=GET | label=ticker:BTC/USD | elapsed_ms=171
2026-10-06 06:47:41+0000 | INFO     | bot | LOOP_COMPLETE | elapsed_ms=1441
2026-10-06 06:48:40+0000 | INFO     | roostoo.api | API_REQUEST_START | method=GET | label=ticker:TRX/USD | path=/v3/ticker
2026-10-06 06:48:40+0000 | INFO     | roostoo.api | API_REQUEST_OK | method=GET | label=ticker:TRX/USD | elapsed_ms=187
2026-10-06 06:48:40+0000 | INFO     | roostoo.api | API_REQUEST_START | method=GET | label=ticker:AVAX/USD | path=/v3/ticker
2026-10-06 06:48:40+0000 | INFO     | roostoo.api | API_REQUEST_OK | method=GET | label=ticker:AVAX/USD | elapsed_ms=186
2026-10-06 06:48:40+0000 | INFO     | roostoo.api | API_REQUEST_START | method=GET | label=ticker:DOT/USD | path=/v3/ticker
2026-10-06 06:48:40+0000 | INFO     | roostoo.api | API_REQUEST_OK | method=GET | label=ticker:DOT/USD | elapsed_ms=249
2026-10-06 06:48:40+0000 | INFO     | roostoo.api | API_REQUEST_START | method=GET | label=ticker:BNB/USD | path=/v3/ticker
2026-10-06 06:48:40+0000 | INFO     | roostoo.api | API_REQUEST_OK | method=GET | label=ticker:BNB/USD | elapsed_ms=185
2026-10-06 06:48:40+0000 | INFO     | roostoo.api | API_REQUEST_START | method=GET | label=ticker:SUI/USD | path=/v3/ticker
2026-10-06 06:48:41+0000 | INFO     | roostoo.api | API_REQUEST_OK | method=GET | label=ticker:SUI/USD | elapsed_ms=503
2026-10-06 06:48:41+0000 | INFO     | roostoo.api | API_REQUEST_START | method=GET | label=ticker:BTC/USD | path=/v3/ticker
2026-10-06 06:48:41+0000 | INFO     | roostoo.api | API_REQUEST_OK | method=GET | label=ticker:BTC/USD | elapsed_ms=185
2026-10-06 06:48:41+0000 | INFO     | bot | LOOP_COMPLETE | elapsed_ms=1536
2026-10-06 06:49:40+0000 | INFO     | roostoo.api | API_REQUEST_START | method=GET | label=ticker:TRX/USD | path=/v3/ticker
2026-10-06 06:49:40+0000 | INFO     | roostoo.api | API_REQUEST_OK | method=GET | label=ticker:TRX/USD | elapsed_ms=187
2026-10-06 06:49:40+0000 | INFO     | roostoo.api | API_REQUEST_START | method=GET | label=ticker:AVAX/USD | path=/v3/ticker
2026-10-06 06:49:40+0000 | INFO     | roostoo.api | API_REQUEST_OK | method=GET | label=ticker:AVAX/USD | elapsed_ms=173
2026-10-06 06:49:40+0000 | INFO     | roostoo.api | API_REQUEST_START | method=GET | label=ticker:DOT/USD | path=/v3/ticker
2026-10-06 06:49:40+0000 | INFO     | roostoo.api | API_REQUEST_OK | method=GET | label=ticker:DOT/USD | elapsed_ms=188
2026-10-06 06:49:40+0000 | INFO     | roostoo.api | API_REQUEST_START | method=GET | label=ticker:BNB/USD | path=/v3/ticker
2026-10-06 06:49:40+0000 | INFO     | roostoo.api | API_REQUEST_OK | method=GET | label=ticker:BNB/USD | elapsed_ms=186
2026-10-06 06:49:40+0000 | INFO     | roostoo.api | API_REQUEST_START | method=GET | label=ticker:SUI/USD | path=/v3/ticker
2026-10-06 06:49:41+0000 | INFO     | roostoo.api | API_REQUEST_OK | method=GET | label=ticker:SUI/USD | elapsed_ms=188
2026-10-06 06:49:41+0000 | INFO     | roostoo.api | API_REQUEST_START | method=GET | label=ticker:BTC/USD | path=/v3/ticker
2026-10-06 06:49:41+0000 | INFO     | roostoo.api | API_REQUEST_OK | method=GET | label=ticker:BTC/USD | elapsed_ms=580
2026-10-06 06:49:41+0000 | INFO     | bot | LOOP_COMPLETE | elapsed_ms=1552
2026-10-06 06:50:40+0000 | INFO     | roostoo.api | API_REQUEST_START | method=GET | label=ticker:TRX/USD | path=/v3/ticker
2026-10-06 06:50:40+0000 | INFO     | roostoo.api | API_REQUEST_OK | method=GET | label=ticker:TRX/USD | elapsed_ms=186
2026-10-06 06:50:40+0000 | INFO     | roostoo.api | API_REQUEST_START | method=GET | label=ticker:AVAX/USD | path=/v3/ticker
2026-10-06 06:50:40+0000 | INFO     | roostoo.api | API_REQUEST_OK | method=GET | label=ticker:AVAX/USD | elapsed_ms=173
2026-10-06 06:50:40+0000 | INFO     | roostoo.api | API_REQUEST_START | method=GET | label=ticker:DOT/USD | path=/v3/ticker
2026-10-06 06:50:40+0000 | INFO     | roostoo.api | API_REQUEST_OK | method=GET | label=ticker:DOT/USD | elapsed_ms=186
2026-10-06 06:50:40+0000 | INFO     | roostoo.api | API_REQUEST_START | method=GET | label=ticker:BNB/USD | path=/v3/ticker
2026-10-06 06:50:40+0000 | INFO     | roostoo.api | API_REQUEST_OK | method=GET | label=ticker:BNB/USD | elapsed_ms=198
2026-10-06 06:50:40+0000 | INFO     | roostoo.api | API_REQUEST_START | method=GET | label=ticker:SUI/USD | path=/v3/ticker
2026-10-06 06:50:41+0000 | INFO     | roostoo.api | API_REQUEST_OK | method=GET | label=ticker:SUI/USD | elapsed_ms=542
2026-10-06 06:50:41+0000 | INFO     | roostoo.api | API_REQUEST_START | method=GET | label=ticker:BTC/USD | path=/v3/ticker
2026-10-06 06:50:41+0000 | INFO     | roostoo.api | API_REQUEST_OK | method=GET | label=ticker:BTC/USD | elapsed_ms=171
2026-10-06 06:50:41+0000 | INFO     | bot | LOOP_COMPLETE | elapsed_ms=1504
2026-10-06 06:51:40+0000 | INFO     | roostoo.api | API_REQUEST_START | method=GET | label=ticker:TRX/USD | path=/v3/ticker
2026-10-06 06:51:40+0000 | INFO     | roostoo.api | API_REQUEST_OK | method=GET | label=ticker:TRX/USD | elapsed_ms=174
2026-10-06 06:51:40+0000 | INFO     | roostoo.api | API_REQUEST_START | method=GET | label=ticker:AVAX/USD | path=/v3/ticker
2026-10-06 06:51:40+0000 | INFO     | roostoo.api | API_REQUEST_OK | method=GET | label=ticker:AVAX/USD | elapsed_ms=173
2026-10-06 06:51:40+0000 | INFO     | roostoo.api | API_REQUEST_START | method=GET | label=ticker:DOT/USD | path=/v3/ticker
2026-10-06 06:51:40+0000 | INFO     | roostoo.api | API_REQUEST_OK | method=GET | label=ticker:DOT/USD | elapsed_ms=173
2026-10-06 06:51:40+0000 | INFO     | roostoo.api | API_REQUEST_START | method=GET | label=server_time | path=/v3/serverTime
2026-10-06 06:51:41+0000 | INFO     | roostoo.api | API_REQUEST_OK | method=GET | label=server_time | elapsed_ms=583
2026-10-06 06:51:41+0000 | INFO     | roostoo.api | SERVER_TIME_SYNC | offset_ms=486
2026-10-06 06:51:41+0000 | INFO     | roostoo.api | API_REQUEST_START | method=GET | label=ticker:BNB/USD | path=/v3/ticker
2026-10-06 06:51:41+0000 | INFO     | roostoo.api | API_REQUEST_OK | method=GET | label=ticker:BNB/USD | elapsed_ms=173
2026-10-06 06:51:41+0000 | INFO     | roostoo.api | API_REQUEST_START | method=GET | label=ticker:SUI/USD | path=/v3/ticker
2026-10-06 06:51:41+0000 | INFO     | roostoo.api | API_REQUEST_OK | method=GET | label=ticker:SUI/USD | elapsed_ms=173
2026-10-06 06:51:41+0000 | INFO     | roostoo.api | API_REQUEST_START | method=GET | label=ticker:BTC/USD | path=/v3/ticker
2026-10-06 06:51:42+0000 | INFO     | roostoo.api | API_REQUEST_OK | method=GET | label=ticker:BTC/USD | elapsed_ms=504
2026-10-06 06:51:42+0000 | INFO     | bot | LOOP_COMPLETE | elapsed_ms=2003
2026-10-06 06:52:40+0000 | INFO     | roostoo.api | API_REQUEST_START | method=GET | label=ticker:TRX/USD | path=/v3/ticker
2026-10-06 06:52:40+0000 | INFO     | roostoo.api | API_REQUEST_OK | method=GET | label=ticker:TRX/USD | elapsed_ms=173
2026-10-06 06:52:40+0000 | INFO     | roostoo.api | API_REQUEST_START | method=GET | label=ticker:AVAX/USD | path=/v3/ticker
2026-10-06 06:52:40+0000 | INFO     | roostoo.api | API_REQUEST_OK | method=GET | label=ticker:AVAX/USD | elapsed_ms=173
2026-10-06 06:52:40+0000 | INFO     | roostoo.api | API_REQUEST_START | method=GET | label=ticker:DOT/USD | path=/v3/ticker
2026-10-06 06:52:40+0000 | INFO     | roostoo.api | API_REQUEST_OK | method=GET | label=ticker:DOT/USD | elapsed_ms=184
2026-10-06 06:52:40+0000 | INFO     | roostoo.api | API_REQUEST_START | method=GET | label=ticker:BNB/USD | path=/v3/ticker
2026-10-06 06:52:40+0000 | INFO     | roostoo.api | API_REQUEST_OK | method=GET | label=ticker:BNB/USD | elapsed_ms=185
2026-10-06 06:52:40+0000 | INFO     | roostoo.api | API_REQUEST_START | method=GET | label=ticker:SUI/USD | path=/v3/ticker
2026-10-06 06:52:41+0000 | INFO     | roostoo.api | API_REQUEST_OK | method=GET | label=ticker:SUI/USD | elapsed_ms=172
2026-10-06 06:52:41+0000 | INFO     | roostoo.api | API_REQUEST_START | method=GET | label=ticker:BTC/USD | path=/v3/ticker
2026-10-06 06:52:41+0000 | INFO     | roostoo.api | API_REQUEST_OK | method=GET | label=ticker:BTC/USD | elapsed_ms=186
2026-10-06 06:52:41+0000 | INFO     | bot | LOOP_COMPLETE | elapsed_ms=1119
2026-10-06 06:53:40+0000 | INFO     | roostoo.api | API_REQUEST_START | method=GET | label=ticker:TRX/USD | path=/v3/ticker
2026-10-06 06:53:40+0000 | INFO     | roostoo.api | API_REQUEST_OK | method=GET | label=ticker:TRX/USD | elapsed_ms=173
2026-10-06 06:53:40+0000 | INFO     | roostoo.api | API_REQUEST_START | method=GET | label=ticker:AVAX/USD | path=/v3/ticker
2026-10-06 06:53:40+0000 | INFO     | roostoo.api | API_REQUEST_OK | method=GET | label=ticker:AVAX/USD | elapsed_ms=171
2026-10-06 06:53:40+0000 | INFO     | roostoo.api | API_REQUEST_START | method=GET | label=ticker:DOT/USD | path=/v3/ticker
2026-10-06 06:53:40+0000 | INFO     | roostoo.api | API_REQUEST_OK | method=GET | label=ticker:DOT/USD | elapsed_ms=186
2026-10-06 06:53:40+0000 | INFO     | roostoo.api | API_REQUEST_START | method=GET | label=ticker:BNB/USD | path=/v3/ticker
2026-10-06 06:53:40+0000 | INFO     | roostoo.api | API_REQUEST_OK | method=GET | label=ticker:BNB/USD | elapsed_ms=173
2026-10-06 06:53:40+0000 | INFO     | roostoo.api | API_REQUEST_START | method=GET | label=ticker:SUI/USD | path=/v3/ticker
2026-10-06 06:53:41+0000 | INFO     | roostoo.api | API_REQUEST_OK | method=GET | label=ticker:SUI/USD | elapsed_ms=172
2026-10-06 06:53:41+0000 | INFO     | roostoo.api | API_REQUEST_START | method=GET | label=ticker:BTC/USD | path=/v3/ticker
2026-10-06 06:53:41+0000 | INFO     | roostoo.api | API_REQUEST_OK | method=GET | label=ticker:BTC/USD | elapsed_ms=198
2026-10-06 06:53:41+0000 | INFO     | bot | LOOP_COMPLETE | elapsed_ms=1119
2026-10-06 06:54:40+0000 | INFO     | roostoo.api | API_REQUEST_START | method=GET | label=ticker:TRX/USD | path=/v3/ticker
2026-10-06 06:54:40+0000 | INFO     | roostoo.api | API_REQUEST_OK | method=GET | label=ticker:TRX/USD | elapsed_ms=173
2026-10-06 06:54:40+0000 | INFO     | roostoo.api | API_REQUEST_START | method=GET | label=ticker:AVAX/USD | path=/v3/ticker
2026-10-06 06:54:40+0000 | INFO     | roostoo.api | API_REQUEST_OK | method=GET | label=ticker:AVAX/USD | elapsed_ms=192
2026-10-06 06:54:40+0000 | INFO     | roostoo.api | API_REQUEST_START | method=GET | label=ticker:DOT/USD | path=/v3/ticker
2026-10-06 06:54:40+0000 | INFO     | roostoo.api | API_REQUEST_OK | method=GET | label=ticker:DOT/USD | elapsed_ms=174
2026-10-06 06:54:40+0000 | INFO     | roostoo.api | API_REQUEST_START | method=GET | label=ticker:BNB/USD | path=/v3/ticker
2026-10-06 06:54:40+0000 | INFO     | roostoo.api | API_REQUEST_OK | method=GET | label=ticker:BNB/USD | elapsed_ms=172
2026-10-06 06:54:40+0000 | INFO     | roostoo.api | API_REQUEST_START | method=GET | label=ticker:SUI/USD | path=/v3/ticker
2026-10-06 06:54:41+0000 | INFO     | roostoo.api | API_REQUEST_OK | method=GET | label=ticker:SUI/USD | elapsed_ms=173
2026-10-06 06:54:41+0000 | INFO     | roostoo.api | API_REQUEST_START | method=GET | label=ticker:BTC/USD | path=/v3/ticker
2026-10-06 06:54:41+0000 | INFO     | roostoo.api | API_REQUEST_OK | method=GET | label=ticker:BTC/USD | elapsed_ms=580
2026-10-06 06:54:41+0000 | INFO     | bot | LOOP_COMPLETE | elapsed_ms=1517
2026-10-06 06:55:40+0000 | INFO     | roostoo.api | API_REQUEST_START | method=GET | label=ticker:TRX/USD | path=/v3/ticker
2026-10-06 06:55:40+0000 | INFO     | roostoo.api | API_REQUEST_OK | method=GET | label=ticker:TRX/USD | elapsed_ms=186
2026-10-06 06:55:40+0000 | INFO     | roostoo.api | API_REQUEST_START | method=GET | label=ticker:AVAX/USD | path=/v3/ticker
2026-10-06 06:55:40+0000 | INFO     | roostoo.api | API_REQUEST_OK | method=GET | label=ticker:AVAX/USD | elapsed_ms=185
2026-10-06 06:55:40+0000 | INFO     | roostoo.api | API_REQUEST_START | method=GET | label=ticker:DOT/USD | path=/v3/ticker
2026-10-06 06:55:40+0000 | INFO     | roostoo.api | API_REQUEST_OK | method=GET | label=ticker:DOT/USD | elapsed_ms=185
2026-10-06 06:55:40+0000 | INFO     | roostoo.api | API_REQUEST_START | method=GET | label=ticker:BNB/USD | path=/v3/ticker
2026-10-06 06:55:40+0000 | INFO     | roostoo.api | API_REQUEST_OK | method=GET | label=ticker:BNB/USD | elapsed_ms=185
2026-10-06 06:55:40+0000 | INFO     | roostoo.api | API_REQUEST_START | method=GET | label=ticker:SUI/USD | path=/v3/ticker
2026-10-06 06:55:41+0000 | INFO     | roostoo.api | API_REQUEST_OK | method=GET | label=ticker:SUI/USD | elapsed_ms=172
2026-10-06 06:55:41+0000 | INFO     | roostoo.api | API_REQUEST_START | method=GET | label=ticker:BTC/USD | path=/v3/ticker
2026-10-06 06:55:41+0000 | INFO     | roostoo.api | API_REQUEST_OK | method=GET | label=ticker:BTC/USD | elapsed_ms=186
2026-10-06 06:55:41+0000 | INFO     | bot | LOOP_COMPLETE | elapsed_ms=1145
2026-10-06 06:56:40+0000 | INFO     | roostoo.api | API_REQUEST_START | method=GET | label=ticker:TRX/USD | path=/v3/ticker
2026-10-06 06:56:40+0000 | INFO     | roostoo.api | API_REQUEST_OK | method=GET | label=ticker:TRX/USD | elapsed_ms=187
2026-10-06 06:56:40+0000 | INFO     | roostoo.api | API_REQUEST_START | method=GET | label=ticker:AVAX/USD | path=/v3/ticker
2026-10-06 06:56:40+0000 | INFO     | roostoo.api | API_REQUEST_OK | method=GET | label=ticker:AVAX/USD | elapsed_ms=185
2026-10-06 06:56:40+0000 | INFO     | roostoo.api | API_REQUEST_START | method=GET | label=ticker:DOT/USD | path=/v3/ticker
2026-10-06 06:56:40+0000 | INFO     | roostoo.api | API_REQUEST_OK | method=GET | label=ticker:DOT/USD | elapsed_ms=185
2026-10-06 06:56:40+0000 | INFO     | roostoo.api | API_REQUEST_START | method=GET | label=ticker:BNB/USD | path=/v3/ticker
2026-10-06 06:56:40+0000 | INFO     | roostoo.api | API_REQUEST_OK | method=GET | label=ticker:BNB/USD | elapsed_ms=172
2026-10-06 06:56:40+0000 | INFO     | roostoo.api | API_REQUEST_START | method=GET | label=ticker:SUI/USD | path=/v3/ticker
2026-10-06 06:56:41+0000 | INFO     | roostoo.api | API_REQUEST_OK | method=GET | label=ticker:SUI/USD | elapsed_ms=186
2026-10-06 06:56:41+0000 | INFO     | roostoo.api | API_REQUEST_START | method=GET | label=ticker:BTC/USD | path=/v3/ticker
2026-10-06 06:56:41+0000 | INFO     | roostoo.api | API_REQUEST_OK | method=GET | label=ticker:BTC/USD | elapsed_ms=171
2026-10-06 06:56:41+0000 | INFO     | bot | LOOP_COMPLETE | elapsed_ms=1133
2026-10-06 06:57:40+0000 | INFO     | roostoo.api | API_REQUEST_START | method=GET | label=server_time | path=/v3/serverTime
2026-10-06 06:57:40+0000 | INFO     | roostoo.api | API_REQUEST_OK | method=GET | label=server_time | elapsed_ms=186
2026-10-06 06:57:40+0000 | INFO     | roostoo.api | SERVER_TIME_SYNC | offset_ms=102
2026-10-06 06:57:40+0000 | INFO     | roostoo.api | API_REQUEST_START | method=GET | label=ticker:TRX/USD | path=/v3/ticker
2026-10-06 06:57:40+0000 | INFO     | roostoo.api | API_REQUEST_OK | method=GET | label=ticker:TRX/USD | elapsed_ms=198
2026-10-06 06:57:40+0000 | INFO     | roostoo.api | API_REQUEST_START | method=GET | label=ticker:AVAX/USD | path=/v3/ticker
2026-10-06 06:57:40+0000 | INFO     | roostoo.api | API_REQUEST_OK | method=GET | label=ticker:AVAX/USD | elapsed_ms=187
2026-10-06 06:57:40+0000 | INFO     | roostoo.api | API_REQUEST_START | method=GET | label=ticker:DOT/USD | path=/v3/ticker
2026-10-06 06:57:41+0000 | INFO     | roostoo.api | API_REQUEST_OK | method=GET | label=ticker:DOT/USD | elapsed_ms=415
2026-10-06 06:57:41+0000 | INFO     | roostoo.api | API_REQUEST_START | method=GET | label=ticker:BNB/USD | path=/v3/ticker
2026-10-06 06:57:41+0000 | INFO     | roostoo.api | API_REQUEST_OK | method=GET | label=ticker:BNB/USD | elapsed_ms=544
2026-10-06 06:57:41+0000 | INFO     | roostoo.api | API_REQUEST_START | method=GET | label=ticker:SUI/USD | path=/v3/ticker
2026-10-06 06:57:42+0000 | INFO     | roostoo.api | API_REQUEST_OK | method=GET | label=ticker:SUI/USD | elapsed_ms=504
2026-10-06 06:57:42+0000 | INFO     | roostoo.api | API_REQUEST_START | method=GET | label=ticker:BTC/USD | path=/v3/ticker
2026-10-06 06:57:42+0000 | INFO     | roostoo.api | API_REQUEST_OK | method=GET | label=ticker:BTC/USD | elapsed_ms=188
2026-10-06 06:57:42+0000 | INFO     | bot | LOOP_COMPLETE | elapsed_ms=2284
2026-10-06 06:58:40+0000 | INFO     | roostoo.api | API_REQUEST_START | method=GET | label=ticker:TRX/USD | path=/v3/ticker
2026-10-06 06:58:40+0000 | INFO     | roostoo.api | API_REQUEST_OK | method=GET | label=ticker:TRX/USD | elapsed_ms=172
2026-10-06 06:58:40+0000 | INFO     | roostoo.api | API_REQUEST_START | method=GET | label=ticker:AVAX/USD | path=/v3/ticker
2026-10-06 06:58:40+0000 | INFO     | roostoo.api | API_REQUEST_OK | method=GET | label=ticker:AVAX/USD | elapsed_ms=172
2026-10-06 06:58:40+0000 | INFO     | roostoo.api | API_REQUEST_START | method=GET | label=ticker:DOT/USD | path=/v3/ticker
2026-10-06 06:58:40+0000 | INFO     | roostoo.api | API_REQUEST_OK | method=GET | label=ticker:DOT/USD | elapsed_ms=185
2026-10-06 06:58:40+0000 | INFO     | roostoo.api | API_REQUEST_START | method=GET | label=ticker:BNB/USD | path=/v3/ticker
2026-10-06 06:58:41+0000 | INFO     | roostoo.api | API_REQUEST_OK | method=GET | label=ticker:BNB/USD | elapsed_ms=544
2026-10-06 06:58:41+0000 | INFO     | roostoo.api | API_REQUEST_START | method=GET | label=ticker:SUI/USD | path=/v3/ticker
2026-10-06 06:58:41+0000 | INFO     | roostoo.api | API_REQUEST_OK | method=GET | label=ticker:SUI/USD | elapsed_ms=186
2026-10-06 06:58:41+0000 | INFO     | roostoo.api | API_REQUEST_START | method=GET | label=ticker:BTC/USD | path=/v3/ticker
2026-10-06 06:58:41+0000 | INFO     | roostoo.api | API_REQUEST_OK | method=GET | label=ticker:BTC/USD | elapsed_ms=185
2026-10-06 06:58:41+0000 | INFO     | bot | LOOP_COMPLETE | elapsed_ms=1491
2026-10-06 06:59:40+0000 | INFO     | roostoo.api | API_REQUEST_START | method=GET | label=ticker:TRX/USD | path=/v3/ticker
2026-10-06 06:59:40+0000 | INFO     | roostoo.api | API_REQUEST_OK | method=GET | label=ticker:TRX/USD | elapsed_ms=174
2026-10-06 06:59:40+0000 | INFO     | roostoo.api | API_REQUEST_START | method=GET | label=ticker:AVAX/USD | path=/v3/ticker
2026-10-06 06:59:40+0000 | INFO     | roostoo.api | API_REQUEST_OK | method=GET | label=ticker:AVAX/USD | elapsed_ms=173
2026-10-06 06:59:40+0000 | INFO     | roostoo.api | API_REQUEST_START | method=GET | label=ticker:DOT/USD | path=/v3/ticker
2026-10-06 06:59:40+0000 | INFO     | roostoo.api | API_REQUEST_OK | method=GET | label=ticker:DOT/USD | elapsed_ms=186
2026-10-06 06:59:40+0000 | INFO     | roostoo.api | API_REQUEST_START | method=GET | label=ticker:BNB/USD | path=/v3/ticker
2026-10-06 06:59:40+0000 | INFO     | roostoo.api | API_REQUEST_OK | method=GET | label=ticker:BNB/USD | elapsed_ms=185
2026-10-06 06:59:40+0000 | INFO     | roostoo.api | API_REQUEST_START | method=GET | label=ticker:SUI/USD | path=/v3/ticker
2026-10-06 06:59:41+0000 | INFO     | roostoo.api | API_REQUEST_OK | method=GET | label=ticker:SUI/USD | elapsed_ms=186
2026-10-06 06:59:41+0000 | INFO     | roostoo.api | API_REQUEST_START | method=GET | label=ticker:BTC/USD | path=/v3/ticker
2026-10-06 06:59:41+0000 | INFO     | roostoo.api | API_REQUEST_OK | method=GET | label=ticker:BTC/USD | elapsed_ms=503
2026-10-06 06:59:41+0000 | INFO     | bot | LOOP_COMPLETE | elapsed_ms=1451
2026-10-06 07:00:40+0000 | INFO     | roostoo.api | API_REQUEST_START | method=GET | label=ticker:TRX/USD | path=/v3/ticker
2026-10-06 07:00:40+0000 | INFO     | roostoo.api | API_REQUEST_OK | method=GET | label=ticker:TRX/USD | elapsed_ms=186
2026-10-06 07:00:40+0000 | INFO     | bot | SIGNAL_CANDLE | pair=TRX/USD | candle=1791266400000 | signal=0 | fast=0.33612370 | slow=0.33598711
2026-10-06 07:00:40+0000 | WARNING  | bot | SIGNAL_EXECUTION | pair=TRX/USD | signal_candle=1791266400000 | execution_hour=1791270000000 | price=0.3365 | action=HOLD | reason=NONE | fast=0.33612370 | slow=0.33598711
2026-10-06 07:00:40+0000 | INFO     | roostoo.api | API_REQUEST_START | method=GET | label=ticker:AVAX/USD | path=/v3/ticker
2026-10-06 07:00:40+0000 | INFO     | roostoo.api | API_REQUEST_OK | method=GET | label=ticker:AVAX/USD | elapsed_ms=172
2026-10-06 07:00:40+0000 | INFO     | bot | SIGNAL_CANDLE | pair=AVAX/USD | candle=1791266400000 | signal=0 | fast=11.06950265 | slow=11.04551529
2026-10-06 07:00:40+0000 | WARNING  | bot | SIGNAL_EXECUTION | pair=AVAX/USD | signal_candle=1791266400000 | execution_hour=1791270000000 | price=11.289 | action=HOLD | reason=NONE | fast=11.06950265 | slow=11.04551529
2026-10-06 07:00:40+0000 | INFO     | roostoo.api | API_REQUEST_START | method=GET | label=ticker:DOT/USD | path=/v3/ticker
2026-10-06 07:00:40+0000 | INFO     | roostoo.api | API_REQUEST_OK | method=GET | label=ticker:DOT/USD | elapsed_ms=185
2026-10-06 07:00:40+0000 | INFO     | bot | SIGNAL_CANDLE | pair=DOT/USD | candle=1791266400000 | signal=0 | fast=1.21500756 | slow=1.20890197
2026-10-06 07:00:40+0000 | WARNING  | bot | SIGNAL_EXECUTION | pair=DOT/USD | signal_candle=1791266400000 | execution_hour=1791270000000 | price=1.231 | action=HOLD | reason=NONE | fast=1.21500756 | slow=1.20890197
2026-10-06 07:00:40+0000 | INFO     | roostoo.api | API_REQUEST_START | method=GET | label=ticker:BNB/USD | path=/v3/ticker
2026-10-06 07:00:40+0000 | INFO     | roostoo.api | API_REQUEST_OK | method=GET | label=ticker:BNB/USD | elapsed_ms=185
2026-10-06 07:00:40+0000 | INFO     | bot | SIGNAL_CANDLE | pair=BNB/USD | candle=1791266400000 | signal=0 | fast=786.21508911 | slow=785.41761443
2026-10-06 07:00:40+0000 | WARNING  | bot | SIGNAL_EXECUTION | pair=BNB/USD | signal_candle=1791266400000 | execution_hour=1791270000000 | price=779.09 | action=HOLD | reason=NONE | fast=786.21508911 | slow=785.41761443
2026-10-06 07:00:40+0000 | INFO     | roostoo.api | API_REQUEST_START | method=GET | label=ticker:SUI/USD | path=/v3/ticker
2026-10-06 07:00:41+0000 | INFO     | roostoo.api | API_REQUEST_OK | method=GET | label=ticker:SUI/USD | elapsed_ms=185
2026-10-06 07:00:41+0000 | INFO     | bot | SIGNAL_CANDLE | pair=SUI/USD | candle=1791266400000 | signal=0 | fast=1.20473605 | slow=1.20092487
2026-10-06 07:00:41+0000 | WARNING  | bot | SIGNAL_EXECUTION | pair=SUI/USD | signal_candle=1791266400000 | execution_hour=1791270000000 | price=1.1897 | action=HOLD | reason=NONE | fast=1.20473605 | slow=1.20092487
2026-10-06 07:00:41+0000 | INFO     | roostoo.api | API_REQUEST_START | method=GET | label=ticker:BTC/USD | path=/v3/ticker
2026-10-06 07:00:41+0000 | INFO     | roostoo.api | API_REQUEST_OK | method=GET | label=ticker:BTC/USD | elapsed_ms=503
2026-10-06 07:00:41+0000 | INFO     | bot | SIGNAL_CANDLE | pair=BTC/USD | candle=1791266400000 | signal=0 | fast=85674.45487628 | slow=85548.29316286
2026-10-06 07:00:41+0000 | WARNING  | bot | SIGNAL_EXECUTION | pair=BTC/USD | signal_candle=1791266400000 | execution_hour=1791270000000 | price=85286.37 | action=HOLD | reason=NONE | fast=85674.45487628 | slow=85548.29316286
2026-10-06 07:00:41+0000 | INFO     | bot | LOOP_COMPLETE | elapsed_ms=1501
2026-10-06 07:01:40+0000 | INFO     | roostoo.api | API_REQUEST_START | method=GET | label=ticker:TRX/USD | path=/v3/ticker
2026-10-06 07:01:40+0000 | INFO     | roostoo.api | API_REQUEST_OK | method=GET | label=ticker:TRX/USD | elapsed_ms=173
2026-10-06 07:01:40+0000 | INFO     | roostoo.api | API_REQUEST_START | method=GET | label=ticker:AVAX/USD | path=/v3/ticker
2026-10-06 07:01:40+0000 | INFO     | roostoo.api | API_REQUEST_OK | method=GET | label=ticker:AVAX/USD | elapsed_ms=175
2026-10-06 07:01:40+0000 | INFO     | roostoo.api | API_REQUEST_START | method=GET | label=ticker:DOT/USD | path=/v3/ticker
2026-10-06 07:01:40+0000 | INFO     | roostoo.api | API_REQUEST_OK | method=GET | label=ticker:DOT/USD | elapsed_ms=186
2026-10-06 07:01:40+0000 | INFO     | roostoo.api | API_REQUEST_START | method=GET | label=ticker:BNB/USD | path=/v3/ticker
2026-10-06 07:01:40+0000 | INFO     | roostoo.api | API_REQUEST_OK | method=GET | label=ticker:BNB/USD | elapsed_ms=198
2026-10-06 07:01:40+0000 | INFO     | roostoo.api | API_REQUEST_START | method=GET | label=ticker:SUI/USD | path=/v3/ticker
2026-10-06 07:01:41+0000 | INFO     | roostoo.api | API_REQUEST_OK | method=GET | label=ticker:SUI/USD | elapsed_ms=173
2026-10-06 07:01:41+0000 | INFO     | roostoo.api | API_REQUEST_START | method=GET | label=ticker:BTC/USD | path=/v3/ticker
2026-10-06 07:01:41+0000 | INFO     | roostoo.api | API_REQUEST_OK | method=GET | label=ticker:BTC/USD | elapsed_ms=186
2026-10-06 07:01:41+0000 | INFO     | bot | LOOP_COMPLETE | elapsed_ms=1137
2026-10-06 07:02:40+0000 | INFO     | roostoo.api | API_REQUEST_START | method=GET | label=ticker:TRX/USD | path=/v3/ticker
2026-10-06 07:02:40+0000 | INFO     | roostoo.api | API_REQUEST_OK | method=GET | label=ticker:TRX/USD | elapsed_ms=174
2026-10-06 07:02:40+0000 | INFO     | roostoo.api | API_REQUEST_START | method=GET | label=ticker:AVAX/USD | path=/v3/ticker
2026-10-06 07:02:40+0000 | INFO     | roostoo.api | API_REQUEST_OK | method=GET | label=ticker:AVAX/USD | elapsed_ms=187
2026-10-06 07:02:40+0000 | INFO     | roostoo.api | API_REQUEST_START | method=GET | label=server_time | path=/v3/serverTime
2026-10-06 07:02:41+0000 | INFO     | roostoo.api | API_REQUEST_OK | method=GET | label=server_time | elapsed_ms=581
2026-10-06 07:02:41+0000 | INFO     | roostoo.api | SERVER_TIME_SYNC | offset_ms=484
2026-10-06 07:02:41+0000 | INFO     | roostoo.api | API_REQUEST_START | method=GET | label=ticker:DOT/USD | path=/v3/ticker
2026-10-06 07:02:41+0000 | INFO     | roostoo.api | API_REQUEST_OK | method=GET | label=ticker:DOT/USD | elapsed_ms=171
2026-10-06 07:02:41+0000 | INFO     | roostoo.api | API_REQUEST_START | method=GET | label=ticker:BNB/USD | path=/v3/ticker
2026-10-06 07:02:41+0000 | INFO     | roostoo.api | API_REQUEST_OK | method=GET | label=ticker:BNB/USD | elapsed_ms=188
2026-10-06 07:02:41+0000 | INFO     | roostoo.api | API_REQUEST_START | method=GET | label=ticker:SUI/USD | path=/v3/ticker
2026-10-06 07:02:41+0000 | INFO     | roostoo.api | API_REQUEST_OK | method=GET | label=ticker:SUI/USD | elapsed_ms=544
2026-10-06 07:02:41+0000 | INFO     | roostoo.api | API_REQUEST_START | method=GET | label=ticker:BTC/USD | path=/v3/ticker
2026-10-06 07:02:42+0000 | INFO     | roostoo.api | API_REQUEST_OK | method=GET | label=ticker:BTC/USD | elapsed_ms=189
2026-10-06 07:02:42+0000 | INFO     | bot | LOOP_COMPLETE | elapsed_ms=2091
2026-10-06 07:03:40+0000 | INFO     | roostoo.api | API_REQUEST_START | method=GET | label=ticker:TRX/USD | path=/v3/ticker
2026-10-06 07:03:40+0000 | INFO     | roostoo.api | API_REQUEST_OK | method=GET | label=ticker:TRX/USD | elapsed_ms=174
2026-10-06 07:03:40+0000 | INFO     | roostoo.api | API_REQUEST_START | method=GET | label=ticker:AVAX/USD | path=/v3/ticker
2026-10-06 07:03:40+0000 | INFO     | roostoo.api | API_REQUEST_OK | method=GET | label=ticker:AVAX/USD | elapsed_ms=198
2026-10-06 07:03:40+0000 | INFO     | roostoo.api | API_REQUEST_START | method=GET | label=ticker:DOT/USD | path=/v3/ticker
2026-10-06 07:03:40+0000 | INFO     | roostoo.api | API_REQUEST_OK | method=GET | label=ticker:DOT/USD | elapsed_ms=198
2026-10-06 07:03:40+0000 | INFO     | roostoo.api | API_REQUEST_START | method=GET | label=ticker:BNB/USD | path=/v3/ticker
2026-10-06 07:03:40+0000 | INFO     | roostoo.api | API_REQUEST_OK | method=GET | label=ticker:BNB/USD | elapsed_ms=198
2026-10-06 07:03:40+0000 | INFO     | roostoo.api | API_REQUEST_START | method=GET | label=ticker:SUI/USD | path=/v3/ticker
2026-10-06 07:03:41+0000 | INFO     | roostoo.api | API_REQUEST_OK | method=GET | label=ticker:SUI/USD | elapsed_ms=184
2026-10-06 07:03:41+0000 | INFO     | roostoo.api | API_REQUEST_START | method=GET | label=ticker:BTC/USD | path=/v3/ticker
2026-10-06 07:03:41+0000 | INFO     | roostoo.api | API_REQUEST_OK | method=GET | label=ticker:BTC/USD | elapsed_ms=539
2026-10-06 07:03:41+0000 | INFO     | bot | LOOP_COMPLETE | elapsed_ms=1537
2026-10-06 07:04:40+0000 | INFO     | roostoo.api | API_REQUEST_START | method=GET | label=ticker:TRX/USD | path=/v3/ticker
2026-10-06 07:04:40+0000 | INFO     | roostoo.api | API_REQUEST_OK | method=GET | label=ticker:TRX/USD | elapsed_ms=262
2026-10-06 07:04:40+0000 | INFO     | roostoo.api | API_REQUEST_START | method=GET | label=ticker:AVAX/USD | path=/v3/ticker
2026-10-06 07:04:40+0000 | INFO     | roostoo.api | API_REQUEST_OK | method=GET | label=ticker:AVAX/USD | elapsed_ms=174
2026-10-06 07:04:40+0000 | INFO     | roostoo.api | API_REQUEST_START | method=GET | label=ticker:DOT/USD | path=/v3/ticker
2026-10-06 07:04:40+0000 | INFO     | roostoo.api | API_REQUEST_OK | method=GET | label=ticker:DOT/USD | elapsed_ms=190
2026-10-06 07:04:40+0000 | INFO     | roostoo.api | API_REQUEST_START | method=GET | label=ticker:BNB/USD | path=/v3/ticker
2026-10-06 07:04:40+0000 | INFO     | roostoo.api | API_REQUEST_OK | method=GET | label=ticker:BNB/USD | elapsed_ms=189
2026-10-06 07:04:40+0000 | INFO     | roostoo.api | API_REQUEST_START | method=GET | label=ticker:SUI/USD | path=/v3/ticker
2026-10-06 07:04:41+0000 | INFO     | roostoo.api | API_REQUEST_OK | method=GET | label=ticker:SUI/USD | elapsed_ms=543
2026-10-06 07:04:41+0000 | INFO     | roostoo.api | API_REQUEST_START | method=GET | label=ticker:BTC/USD | path=/v3/ticker
2026-10-06 07:04:41+0000 | INFO     | roostoo.api | API_REQUEST_OK | method=GET | label=ticker:BTC/USD | elapsed_ms=186
2026-10-06 07:04:41+0000 | INFO     | bot | LOOP_COMPLETE | elapsed_ms=1587
2026-10-06 07:05:40+0000 | INFO     | roostoo.api | API_REQUEST_START | method=GET | label=ticker:TRX/USD | path=/v3/ticker
2026-10-06 07:05:40+0000 | INFO     | roostoo.api | API_REQUEST_OK | method=GET | label=ticker:TRX/USD | elapsed_ms=172
2026-10-06 07:05:40+0000 | INFO     | roostoo.api | API_REQUEST_START | method=GET | label=ticker:AVAX/USD | path=/v3/ticker
2026-10-06 07:05:40+0000 | INFO     | roostoo.api | API_REQUEST_OK | method=GET | label=ticker:AVAX/USD | elapsed_ms=278
2026-10-06 07:05:40+0000 | INFO     | roostoo.api | API_REQUEST_START | method=GET | label=ticker:DOT/USD | path=/v3/ticker
2026-10-06 07:05:40+0000 | INFO     | roostoo.api | API_REQUEST_OK | method=GET | label=ticker:DOT/USD | elapsed_ms=188
2026-10-06 07:05:40+0000 | INFO     | roostoo.api | API_REQUEST_START | method=GET | label=ticker:BNB/USD | path=/v3/ticker
2026-10-06 07:05:41+0000 | INFO     | roostoo.api | API_REQUEST_OK | method=GET | label=ticker:BNB/USD | elapsed_ms=353
2026-10-06 07:05:41+0000 | INFO     | roostoo.api | API_REQUEST_START | method=GET | label=ticker:SUI/USD | path=/v3/ticker
2026-10-06 07:05:41+0000 | INFO     | roostoo.api | API_REQUEST_OK | method=GET | label=ticker:SUI/USD | elapsed_ms=544
2026-10-06 07:05:41+0000 | INFO     | roostoo.api | API_REQUEST_START | method=GET | label=ticker:BTC/USD | path=/v3/ticker
2026-10-06 07:05:41+0000 | INFO     | roostoo.api | API_REQUEST_OK | method=GET | label=ticker:BTC/USD | elapsed_ms=184
2026-10-06 07:05:41+0000 | INFO     | bot | LOOP_COMPLETE | elapsed_ms=1765
2026-10-06 07:06:40+0000 | INFO     | roostoo.api | API_REQUEST_START | method=GET | label=ticker:TRX/USD | path=/v3/ticker
2026-10-06 07:06:40+0000 | INFO     | roostoo.api | API_REQUEST_OK | method=GET | label=ticker:TRX/USD | elapsed_ms=174
2026-10-06 07:06:40+0000 | INFO     | roostoo.api | API_REQUEST_START | method=GET | label=ticker:AVAX/USD | path=/v3/ticker
2026-10-06 07:06:40+0000 | INFO     | roostoo.api | API_REQUEST_OK | method=GET | label=ticker:AVAX/USD | elapsed_ms=185
2026-10-06 07:06:40+0000 | INFO     | roostoo.api | API_REQUEST_START | method=GET | label=ticker:DOT/USD | path=/v3/ticker
2026-10-06 07:06:40+0000 | INFO     | roostoo.api | API_REQUEST_OK | method=GET | label=ticker:DOT/USD | elapsed_ms=185
2026-10-06 07:06:40+0000 | INFO     | roostoo.api | API_REQUEST_START | method=GET | label=ticker:BNB/USD | path=/v3/ticker
2026-10-06 07:06:40+0000 | INFO     | roostoo.api | API_REQUEST_OK | method=GET | label=ticker:BNB/USD | elapsed_ms=184
2026-10-06 07:06:40+0000 | INFO     | roostoo.api | API_REQUEST_START | method=GET | label=ticker:SUI/USD | path=/v3/ticker
2026-10-06 07:06:41+0000 | INFO     | roostoo.api | API_REQUEST_OK | method=GET | label=ticker:SUI/USD | elapsed_ms=541
2026-10-06 07:06:41+0000 | INFO     | roostoo.api | API_REQUEST_START | method=GET | label=ticker:BTC/USD | path=/v3/ticker
2026-10-06 07:06:41+0000 | INFO     | roostoo.api | API_REQUEST_OK | method=GET | label=ticker:BTC/USD | elapsed_ms=192
2026-10-06 07:06:41+0000 | INFO     | bot | LOOP_COMPLETE | elapsed_ms=1508
2026-10-06 07:07:40+0000 | INFO     | roostoo.api | API_REQUEST_START | method=GET | label=ticker:TRX/USD | path=/v3/ticker
2026-10-06 07:07:40+0000 | INFO     | roostoo.api | API_REQUEST_OK | method=GET | label=ticker:TRX/USD | elapsed_ms=188
2026-10-06 07:07:40+0000 | INFO     | roostoo.api | API_REQUEST_START | method=GET | label=ticker:AVAX/USD | path=/v3/ticker
2026-10-06 07:07:40+0000 | INFO     | roostoo.api | API_REQUEST_OK | method=GET | label=ticker:AVAX/USD | elapsed_ms=262
2026-10-06 07:07:40+0000 | INFO     | roostoo.api | API_REQUEST_START | method=GET | label=ticker:DOT/USD | path=/v3/ticker
2026-10-06 07:07:40+0000 | INFO     | roostoo.api | API_REQUEST_OK | method=GET | label=ticker:DOT/USD | elapsed_ms=173
2026-10-06 07:07:40+0000 | INFO     | roostoo.api | API_REQUEST_START | method=GET | label=ticker:BNB/USD | path=/v3/ticker
2026-10-06 07:07:41+0000 | INFO     | roostoo.api | API_REQUEST_OK | method=GET | label=ticker:BNB/USD | elapsed_ms=502
2026-10-06 07:07:41+0000 | INFO     | roostoo.api | API_REQUEST_START | method=GET | label=server_time | path=/v3/serverTime
2026-10-06 07:07:41+0000 | INFO     | roostoo.api | API_REQUEST_OK | method=GET | label=server_time | elapsed_ms=173
2026-10-06 07:07:41+0000 | INFO     | roostoo.api | SERVER_TIME_SYNC | offset_ms=89
2026-10-06 07:07:41+0000 | INFO     | roostoo.api | API_REQUEST_START | method=GET | label=ticker:SUI/USD | path=/v3/ticker
2026-10-06 07:07:41+0000 | INFO     | roostoo.api | API_REQUEST_OK | method=GET | label=ticker:SUI/USD | elapsed_ms=172
2026-10-06 07:07:41+0000 | INFO     | roostoo.api | API_REQUEST_START | method=GET | label=ticker:BTC/USD | path=/v3/ticker
2026-10-06 07:07:41+0000 | INFO     | roostoo.api | API_REQUEST_OK | method=GET | label=ticker:BTC/USD | elapsed_ms=172
2026-10-06 07:07:41+0000 | INFO     | bot | LOOP_COMPLETE | elapsed_ms=1691
2026-10-06 07:08:40+0000 | INFO     | roostoo.api | API_REQUEST_START | method=GET | label=ticker:TRX/USD | path=/v3/ticker
2026-10-06 07:08:40+0000 | INFO     | roostoo.api | API_REQUEST_OK | method=GET | label=ticker:TRX/USD | elapsed_ms=192
2026-10-06 07:08:40+0000 | INFO     | roostoo.api | API_REQUEST_START | method=GET | label=ticker:AVAX/USD | path=/v3/ticker
2026-10-06 07:08:40+0000 | INFO     | roostoo.api | API_REQUEST_OK | method=GET | label=ticker:AVAX/USD | elapsed_ms=359
2026-10-06 07:08:40+0000 | INFO     | roostoo.api | API_REQUEST_START | method=GET | label=ticker:DOT/USD | path=/v3/ticker
2026-10-06 07:08:40+0000 | INFO     | roostoo.api | API_REQUEST_OK | method=GET | label=ticker:DOT/USD | elapsed_ms=186
2026-10-06 07:08:40+0000 | INFO     | roostoo.api | API_REQUEST_START | method=GET | label=ticker:BNB/USD | path=/v3/ticker
2026-10-06 07:08:41+0000 | INFO     | roostoo.api | API_REQUEST_OK | method=GET | label=ticker:BNB/USD | elapsed_ms=186
2026-10-06 07:08:41+0000 | INFO     | roostoo.api | API_REQUEST_START | method=GET | label=ticker:SUI/USD | path=/v3/ticker
2026-10-06 07:08:41+0000 | INFO     | roostoo.api | API_REQUEST_OK | method=GET | label=ticker:SUI/USD | elapsed_ms=185
2026-10-06 07:08:41+0000 | INFO     | roostoo.api | API_REQUEST_START | method=GET | label=ticker:BTC/USD | path=/v3/ticker
2026-10-06 07:08:41+0000 | INFO     | roostoo.api | API_REQUEST_OK | method=GET | label=ticker:BTC/USD | elapsed_ms=171
2026-10-06 07:08:41+0000 | INFO     | bot | LOOP_COMPLETE | elapsed_ms=1327
2026-10-06 07:09:40+0000 | INFO     | roostoo.api | API_REQUEST_START | method=GET | label=ticker:TRX/USD | path=/v3/ticker
2026-10-06 07:09:40+0000 | INFO     | roostoo.api | API_REQUEST_OK | method=GET | label=ticker:TRX/USD | elapsed_ms=185
2026-10-06 07:09:40+0000 | INFO     | roostoo.api | API_REQUEST_START | method=GET | label=ticker:AVAX/USD | path=/v3/ticker
2026-10-06 07:09:40+0000 | INFO     | roostoo.api | API_REQUEST_OK | method=GET | label=ticker:AVAX/USD | elapsed_ms=173
2026-10-06 07:09:40+0000 | INFO     | roostoo.api | API_REQUEST_START | method=GET | label=ticker:DOT/USD | path=/v3/ticker
2026-10-06 07:09:40+0000 | INFO     | roostoo.api | API_REQUEST_OK | method=GET | label=ticker:DOT/USD | elapsed_ms=187
2026-10-06 07:09:40+0000 | INFO     | roostoo.api | API_REQUEST_START | method=GET | label=ticker:BNB/USD | path=/v3/ticker
2026-10-06 07:09:40+0000 | INFO     | roostoo.api | API_REQUEST_OK | method=GET | label=ticker:BNB/USD | elapsed_ms=186
2026-10-06 07:09:40+0000 | INFO     | roostoo.api | API_REQUEST_START | method=GET | label=ticker:SUI/USD | path=/v3/ticker
2026-10-06 07:09:41+0000 | INFO     | roostoo.api | API_REQUEST_OK | method=GET | label=ticker:SUI/USD | elapsed_ms=183
2026-10-06 07:09:41+0000 | INFO     | roostoo.api | API_REQUEST_START | method=GET | label=ticker:BTC/USD | path=/v3/ticker
2026-10-06 07:09:41+0000 | INFO     | roostoo.api | API_REQUEST_OK | method=GET | label=ticker:BTC/USD | elapsed_ms=198
2026-10-06 07:09:41+0000 | INFO     | bot | LOOP_COMPLETE | elapsed_ms=1158
2026-10-06 07:10:40+0000 | INFO     | roostoo.api | API_REQUEST_START | method=GET | label=ticker:TRX/USD | path=/v3/ticker
2026-10-06 07:10:40+0000 | INFO     | roostoo.api | API_REQUEST_OK | method=GET | label=ticker:TRX/USD | elapsed_ms=173
2026-10-06 07:10:40+0000 | INFO     | roostoo.api | API_REQUEST_START | method=GET | label=ticker:AVAX/USD | path=/v3/ticker
2026-10-06 07:10:40+0000 | INFO     | roostoo.api | API_REQUEST_OK | method=GET | label=ticker:AVAX/USD | elapsed_ms=171
2026-10-06 07:10:40+0000 | INFO     | roostoo.api | API_REQUEST_START | method=GET | label=ticker:DOT/USD | path=/v3/ticker
2026-10-06 07:10:40+0000 | INFO     | roostoo.api | API_REQUEST_OK | method=GET | label=ticker:DOT/USD | elapsed_ms=173
2026-10-06 07:10:40+0000 | INFO     | roostoo.api | API_REQUEST_START | method=GET | label=ticker:BNB/USD | path=/v3/ticker
2026-10-06 07:10:40+0000 | INFO     | roostoo.api | API_REQUEST_OK | method=GET | label=ticker:BNB/USD | elapsed_ms=184
2026-10-06 07:10:40+0000 | INFO     | roostoo.api | API_REQUEST_START | method=GET | label=ticker:SUI/USD | path=/v3/ticker
2026-10-06 07:10:41+0000 | INFO     | roostoo.api | API_REQUEST_OK | method=GET | label=ticker:SUI/USD | elapsed_ms=173
2026-10-06 07:10:41+0000 | INFO     | roostoo.api | API_REQUEST_START | method=GET | label=ticker:BTC/USD | path=/v3/ticker
2026-10-06 07:10:41+0000 | INFO     | roostoo.api | API_REQUEST_OK | method=GET | label=ticker:BTC/USD | elapsed_ms=502
2026-10-06 07:10:41+0000 | INFO     | bot | LOOP_COMPLETE | elapsed_ms=1422
2026-10-06 07:11:40+0000 | INFO     | roostoo.api | API_REQUEST_START | method=GET | label=ticker:TRX/USD | path=/v3/ticker
2026-10-06 07:11:40+0000 | INFO     | roostoo.api | API_REQUEST_OK | method=GET | label=ticker:TRX/USD | elapsed_ms=187
2026-10-06 07:11:40+0000 | INFO     | roostoo.api | API_REQUEST_START | method=GET | label=ticker:AVAX/USD | path=/v3/ticker
2026-10-06 07:11:40+0000 | INFO     | roostoo.api | API_REQUEST_OK | method=GET | label=ticker:AVAX/USD | elapsed_ms=185
2026-10-06 07:11:40+0000 | INFO     | roostoo.api | API_REQUEST_START | method=GET | label=ticker:DOT/USD | path=/v3/ticker
2026-10-06 07:11:40+0000 | INFO     | roostoo.api | API_REQUEST_OK | method=GET | label=ticker:DOT/USD | elapsed_ms=185
2026-10-06 07:11:40+0000 | INFO     | roostoo.api | API_REQUEST_START | method=GET | label=ticker:BNB/USD | path=/v3/ticker
2026-10-06 07:11:40+0000 | INFO     | roostoo.api | API_REQUEST_OK | method=GET | label=ticker:BNB/USD | elapsed_ms=173
2026-10-06 07:11:40+0000 | INFO     | roostoo.api | API_REQUEST_START | method=GET | label=ticker:SUI/USD | path=/v3/ticker
2026-10-06 07:11:41+0000 | INFO     | roostoo.api | API_REQUEST_OK | method=GET | label=ticker:SUI/USD | elapsed_ms=503
2026-10-06 07:11:41+0000 | INFO     | roostoo.api | API_REQUEST_START | method=GET | label=ticker:BTC/USD | path=/v3/ticker
2026-10-06 07:11:41+0000 | INFO     | roostoo.api | API_REQUEST_OK | method=GET | label=ticker:BTC/USD | elapsed_ms=222
2026-10-06 07:11:41+0000 | INFO     | bot | LOOP_COMPLETE | elapsed_ms=1501
2026-10-06 07:12:40+0000 | INFO     | roostoo.api | API_REQUEST_START | method=GET | label=ticker:TRX/USD | path=/v3/ticker
2026-10-06 07:12:40+0000 | INFO     | roostoo.api | API_REQUEST_OK | method=GET | label=ticker:TRX/USD | elapsed_ms=186
2026-10-06 07:12:40+0000 | INFO     | roostoo.api | API_REQUEST_START | method=GET | label=ticker:AVAX/USD | path=/v3/ticker
2026-10-06 07:12:40+0000 | INFO     | roostoo.api | API_REQUEST_OK | method=GET | label=ticker:AVAX/USD | elapsed_ms=172
2026-10-06 07:12:40+0000 | INFO     | roostoo.api | API_REQUEST_START | method=GET | label=ticker:DOT/USD | path=/v3/ticker
2026-10-06 07:12:40+0000 | INFO     | roostoo.api | API_REQUEST_OK | method=GET | label=ticker:DOT/USD | elapsed_ms=185
2026-10-06 07:12:40+0000 | INFO     | roostoo.api | API_REQUEST_START | method=GET | label=ticker:BNB/USD | path=/v3/ticker
2026-10-06 07:12:40+0000 | INFO     | roostoo.api | API_REQUEST_OK | method=GET | label=ticker:BNB/USD | elapsed_ms=187
2026-10-06 07:12:40+0000 | INFO     | roostoo.api | API_REQUEST_START | method=GET | label=ticker:SUI/USD | path=/v3/ticker
2026-10-06 07:12:41+0000 | INFO     | roostoo.api | API_REQUEST_OK | method=GET | label=ticker:SUI/USD | elapsed_ms=543
2026-10-06 07:12:41+0000 | INFO     | roostoo.api | API_REQUEST_START | method=GET | label=ticker:BTC/USD | path=/v3/ticker
2026-10-06 07:12:41+0000 | INFO     | roostoo.api | API_REQUEST_OK | method=GET | label=ticker:BTC/USD | elapsed_ms=185
2026-10-06 07:12:41+0000 | INFO     | bot | LOOP_COMPLETE | elapsed_ms=1503
2026-10-06 07:13:40+0000 | INFO     | roostoo.api | API_REQUEST_START | method=GET | label=server_time | path=/v3/serverTime
2026-10-06 07:13:40+0000 | INFO     | roostoo.api | API_REQUEST_OK | method=GET | label=server_time | elapsed_ms=171
2026-10-06 07:13:40+0000 | INFO     | roostoo.api | SERVER_TIME_SYNC | offset_ms=87
2026-10-06 07:13:40+0000 | INFO     | roostoo.api | API_REQUEST_START | method=GET | label=ticker:TRX/USD | path=/v3/ticker
2026-10-06 07:13:40+0000 | INFO     | roostoo.api | API_REQUEST_OK | method=GET | label=ticker:TRX/USD | elapsed_ms=171
2026-10-06 07:13:40+0000 | INFO     | roostoo.api | API_REQUEST_START | method=GET | label=ticker:AVAX/USD | path=/v3/ticker
2026-10-06 07:13:40+0000 | INFO     | roostoo.api | API_REQUEST_OK | method=GET | label=ticker:AVAX/USD | elapsed_ms=541
2026-10-06 07:13:40+0000 | INFO     | roostoo.api | API_REQUEST_START | method=GET | label=ticker:DOT/USD | path=/v3/ticker
2026-10-06 07:13:41+0000 | INFO     | roostoo.api | API_REQUEST_OK | method=GET | label=ticker:DOT/USD | elapsed_ms=542
2026-10-06 07:13:41+0000 | INFO     | roostoo.api | API_REQUEST_START | method=GET | label=ticker:BNB/USD | path=/v3/ticker
2026-10-06 07:13:42+0000 | INFO     | roostoo.api | API_REQUEST_OK | method=GET | label=ticker:BNB/USD | elapsed_ms=503
2026-10-06 07:13:42+0000 | INFO     | roostoo.api | API_REQUEST_START | method=GET | label=ticker:SUI/USD | path=/v3/ticker
2026-10-06 07:13:42+0000 | INFO     | roostoo.api | API_REQUEST_OK | method=GET | label=ticker:SUI/USD | elapsed_ms=200
2026-10-06 07:13:42+0000 | INFO     | roostoo.api | API_REQUEST_START | method=GET | label=ticker:BTC/USD | path=/v3/ticker
2026-10-06 07:13:42+0000 | INFO     | roostoo.api | API_REQUEST_OK | method=GET | label=ticker:BTC/USD | elapsed_ms=551
2026-10-06 07:13:42+0000 | INFO     | bot | LOOP_COMPLETE | elapsed_ms=2754
2026-10-06 07:14:40+0000 | INFO     | roostoo.api | API_REQUEST_START | method=GET | label=ticker:TRX/USD | path=/v3/ticker
2026-10-06 07:14:40+0000 | INFO     | roostoo.api | API_REQUEST_OK | method=GET | label=ticker:TRX/USD | elapsed_ms=173
2026-10-06 07:14:40+0000 | INFO     | roostoo.api | API_REQUEST_START | method=GET | label=ticker:AVAX/USD | path=/v3/ticker
2026-10-06 07:14:40+0000 | INFO     | roostoo.api | API_REQUEST_OK | method=GET | label=ticker:AVAX/USD | elapsed_ms=172
2026-10-06 07:14:40+0000 | INFO     | roostoo.api | API_REQUEST_START | method=GET | label=ticker:DOT/USD | path=/v3/ticker
2026-10-06 07:14:40+0000 | INFO     | roostoo.api | API_REQUEST_OK | method=GET | label=ticker:DOT/USD | elapsed_ms=171
2026-10-06 07:14:40+0000 | INFO     | roostoo.api | API_REQUEST_START | method=GET | label=ticker:BNB/USD | path=/v3/ticker
2026-10-06 07:14:40+0000 | INFO     | roostoo.api | API_REQUEST_OK | method=GET | label=ticker:BNB/USD | elapsed_ms=172
2026-10-06 07:14:40+0000 | INFO     | roostoo.api | API_REQUEST_START | method=GET | label=ticker:SUI/USD | path=/v3/ticker
2026-10-06 07:14:41+0000 | INFO     | roostoo.api | API_REQUEST_OK | method=GET | label=ticker:SUI/USD | elapsed_ms=185
2026-10-06 07:14:41+0000 | INFO     | roostoo.api | API_REQUEST_START | method=GET | label=ticker:BTC/USD | path=/v3/ticker
2026-10-06 07:14:41+0000 | INFO     | roostoo.api | API_REQUEST_OK | method=GET | label=ticker:BTC/USD | elapsed_ms=243
2026-10-06 07:14:41+0000 | INFO     | bot | LOOP_COMPLETE | elapsed_ms=1161
2026-10-06 07:15:40+0000 | INFO     | roostoo.api | API_REQUEST_START | method=GET | label=ticker:TRX/USD | path=/v3/ticker
2026-10-06 07:15:40+0000 | INFO     | roostoo.api | API_REQUEST_OK | method=GET | label=ticker:TRX/USD | elapsed_ms=178
2026-10-06 07:15:40+0000 | INFO     | roostoo.api | API_REQUEST_START | method=GET | label=ticker:AVAX/USD | path=/v3/ticker
2026-10-06 07:15:40+0000 | INFO     | roostoo.api | API_REQUEST_OK | method=GET | label=ticker:AVAX/USD | elapsed_ms=171
2026-10-06 07:15:40+0000 | INFO     | roostoo.api | API_REQUEST_START | method=GET | label=ticker:DOT/USD | path=/v3/ticker
2026-10-06 07:15:40+0000 | INFO     | roostoo.api | API_REQUEST_OK | method=GET | label=ticker:DOT/USD | elapsed_ms=185
2026-10-06 07:15:40+0000 | INFO     | roostoo.api | API_REQUEST_START | method=GET | label=ticker:BNB/USD | path=/v3/ticker
2026-10-06 07:15:40+0000 | INFO     | roostoo.api | API_REQUEST_OK | method=GET | label=ticker:BNB/USD | elapsed_ms=173
2026-10-06 07:15:40+0000 | INFO     | roostoo.api | API_REQUEST_START | method=GET | label=ticker:SUI/USD | path=/v3/ticker
2026-10-06 07:15:41+0000 | INFO     | roostoo.api | API_REQUEST_OK | method=GET | label=ticker:SUI/USD | elapsed_ms=187
2026-10-06 07:15:41+0000 | INFO     | roostoo.api | API_REQUEST_START | method=GET | label=ticker:BTC/USD | path=/v3/ticker
2026-10-06 07:15:41+0000 | INFO     | roostoo.api | API_REQUEST_OK | method=GET | label=ticker:BTC/USD | elapsed_ms=544
2026-10-06 07:15:41+0000 | INFO     | bot | LOOP_COMPLETE | elapsed_ms=1487
2026-10-06 07:16:40+0000 | INFO     | roostoo.api | API_REQUEST_START | method=GET | label=ticker:TRX/USD | path=/v3/ticker
2026-10-06 07:16:40+0000 | INFO     | roostoo.api | API_REQUEST_OK | method=GET | label=ticker:TRX/USD | elapsed_ms=229
2026-10-06 07:16:40+0000 | INFO     | roostoo.api | API_REQUEST_START | method=GET | label=ticker:AVAX/USD | path=/v3/ticker
2026-10-06 07:16:40+0000 | INFO     | roostoo.api | API_REQUEST_OK | method=GET | label=ticker:AVAX/USD | elapsed_ms=186
2026-10-06 07:16:40+0000 | INFO     | roostoo.api | API_REQUEST_START | method=GET | label=ticker:DOT/USD | path=/v3/ticker
2026-10-06 07:16:40+0000 | INFO     | roostoo.api | API_REQUEST_OK | method=GET | label=ticker:DOT/USD | elapsed_ms=184
2026-10-06 07:16:40+0000 | INFO     | roostoo.api | API_REQUEST_START | method=GET | label=ticker:BNB/USD | path=/v3/ticker
2026-10-06 07:16:40+0000 | INFO     | roostoo.api | API_REQUEST_OK | method=GET | label=ticker:BNB/USD | elapsed_ms=185
2026-10-06 07:16:40+0000 | INFO     | roostoo.api | API_REQUEST_START | method=GET | label=ticker:SUI/USD | path=/v3/ticker
2026-10-06 07:16:41+0000 | INFO     | roostoo.api | API_REQUEST_OK | method=GET | label=ticker:SUI/USD | elapsed_ms=185
2026-10-06 07:16:41+0000 | INFO     | roostoo.api | API_REQUEST_START | method=GET | label=ticker:BTC/USD | path=/v3/ticker
2026-10-06 07:16:41+0000 | INFO     | roostoo.api | API_REQUEST_OK | method=GET | label=ticker:BTC/USD | elapsed_ms=506
2026-10-06 07:16:41+0000 | INFO     | bot | LOOP_COMPLETE | elapsed_ms=1523
2026-10-06 07:17:40+0000 | INFO     | roostoo.api | API_REQUEST_START | method=GET | label=ticker:TRX/USD | path=/v3/ticker
2026-10-06 07:17:40+0000 | INFO     | roostoo.api | API_REQUEST_OK | method=GET | label=ticker:TRX/USD | elapsed_ms=186
2026-10-06 07:17:40+0000 | INFO     | roostoo.api | API_REQUEST_START | method=GET | label=ticker:AVAX/USD | path=/v3/ticker
2026-10-06 07:17:40+0000 | INFO     | roostoo.api | API_REQUEST_OK | method=GET | label=ticker:AVAX/USD | elapsed_ms=186
2026-10-06 07:17:40+0000 | INFO     | roostoo.api | API_REQUEST_START | method=GET | label=ticker:DOT/USD | path=/v3/ticker
2026-10-06 07:17:40+0000 | INFO     | roostoo.api | API_REQUEST_OK | method=GET | label=ticker:DOT/USD | elapsed_ms=172
2026-10-06 07:17:40+0000 | INFO     | roostoo.api | API_REQUEST_START | method=GET | label=ticker:BNB/USD | path=/v3/ticker
2026-10-06 07:17:40+0000 | INFO     | roostoo.api | API_REQUEST_OK | method=GET | label=ticker:BNB/USD | elapsed_ms=184
2026-10-06 07:17:40+0000 | INFO     | roostoo.api | API_REQUEST_START | method=GET | label=ticker:SUI/USD | path=/v3/ticker
2026-10-06 07:17:41+0000 | INFO     | roostoo.api | API_REQUEST_OK | method=GET | label=ticker:SUI/USD | elapsed_ms=173
2026-10-06 07:17:41+0000 | INFO     | roostoo.api | API_REQUEST_START | method=GET | label=ticker:BTC/USD | path=/v3/ticker
2026-10-06 07:17:41+0000 | INFO     | roostoo.api | API_REQUEST_OK | method=GET | label=ticker:BTC/USD | elapsed_ms=172
2026-10-06 07:17:41+0000 | INFO     | bot | LOOP_COMPLETE | elapsed_ms=1119
2026-10-06 07:18:40+0000 | INFO     | roostoo.api | API_REQUEST_START | method=GET | label=ticker:TRX/USD | path=/v3/ticker
2026-10-06 07:18:40+0000 | INFO     | roostoo.api | API_REQUEST_OK | method=GET | label=ticker:TRX/USD | elapsed_ms=175
2026-10-06 07:18:40+0000 | INFO     | roostoo.api | API_REQUEST_START | method=GET | label=server_time | path=/v3/serverTime
2026-10-06 07:18:40+0000 | INFO     | roostoo.api | API_REQUEST_OK | method=GET | label=server_time | elapsed_ms=172
2026-10-06 07:18:40+0000 | INFO     | roostoo.api | SERVER_TIME_SYNC | offset_ms=87
2026-10-06 07:18:40+0000 | INFO     | roostoo.api | API_REQUEST_START | method=GET | label=ticker:AVAX/USD | path=/v3/ticker
2026-10-06 07:18:40+0000 | INFO     | roostoo.api | API_REQUEST_OK | method=GET | label=ticker:AVAX/USD | elapsed_ms=186
2026-10-06 07:18:40+0000 | INFO     | roostoo.api | API_REQUEST_START | method=GET | label=ticker:DOT/USD | path=/v3/ticker
2026-10-06 07:18:40+0000 | INFO     | roostoo.api | API_REQUEST_OK | method=GET | label=ticker:DOT/USD | elapsed_ms=173
2026-10-06 07:18:40+0000 | INFO     | roostoo.api | API_REQUEST_START | method=GET | label=ticker:BNB/USD | path=/v3/ticker
2026-10-06 07:18:41+0000 | INFO     | roostoo.api | API_REQUEST_OK | method=GET | label=ticker:BNB/USD | elapsed_ms=542
2026-10-06 07:18:41+0000 | INFO     | roostoo.api | API_REQUEST_START | method=GET | label=ticker:SUI/USD | path=/v3/ticker
2026-10-06 07:18:41+0000 | INFO     | roostoo.api | API_REQUEST_OK | method=GET | label=ticker:SUI/USD | elapsed_ms=186
2026-10-06 07:18:41+0000 | INFO     | roostoo.api | API_REQUEST_START | method=GET | label=ticker:BTC/USD | path=/v3/ticker
2026-10-06 07:18:41+0000 | INFO     | roostoo.api | API_REQUEST_OK | method=GET | label=ticker:BTC/USD | elapsed_ms=188
2026-10-06 07:18:41+0000 | INFO     | bot | LOOP_COMPLETE | elapsed_ms=1668
2026-10-06 07:19:40+0000 | INFO     | roostoo.api | API_REQUEST_START | method=GET | label=ticker:TRX/USD | path=/v3/ticker
2026-10-06 07:19:40+0000 | INFO     | roostoo.api | API_REQUEST_OK | method=GET | label=ticker:TRX/USD | elapsed_ms=187
2026-10-06 07:19:40+0000 | INFO     | roostoo.api | API_REQUEST_START | method=GET | label=ticker:AVAX/USD | path=/v3/ticker
2026-10-06 07:19:40+0000 | INFO     | roostoo.api | API_REQUEST_OK | method=GET | label=ticker:AVAX/USD | elapsed_ms=184
2026-10-06 07:19:40+0000 | INFO     | roostoo.api | API_REQUEST_START | method=GET | label=ticker:DOT/USD | path=/v3/ticker
2026-10-06 07:19:40+0000 | INFO     | roostoo.api | API_REQUEST_OK | method=GET | label=ticker:DOT/USD | elapsed_ms=173
2026-10-06 07:19:40+0000 | INFO     | roostoo.api | API_REQUEST_START | method=GET | label=ticker:BNB/USD | path=/v3/ticker
2026-10-06 07:19:40+0000 | INFO     | roostoo.api | API_REQUEST_OK | method=GET | label=ticker:BNB/USD | elapsed_ms=185
2026-10-06 07:19:40+0000 | INFO     | roostoo.api | API_REQUEST_START | method=GET | label=ticker:SUI/USD | path=/v3/ticker
2026-10-06 07:19:41+0000 | INFO     | roostoo.api | API_REQUEST_OK | method=GET | label=ticker:SUI/USD | elapsed_ms=185
2026-10-06 07:19:41+0000 | INFO     | roostoo.api | API_REQUEST_START | method=GET | label=ticker:BTC/USD | path=/v3/ticker
2026-10-06 07:19:41+0000 | INFO     | roostoo.api | API_REQUEST_OK | method=GET | label=ticker:BTC/USD | elapsed_ms=185
2026-10-06 07:19:41+0000 | INFO     | bot | LOOP_COMPLETE | elapsed_ms=1146
2026-10-06 07:20:40+0000 | INFO     | roostoo.api | API_REQUEST_START | method=GET | label=ticker:TRX/USD | path=/v3/ticker
2026-10-06 07:20:40+0000 | INFO     | roostoo.api | API_REQUEST_OK | method=GET | label=ticker:TRX/USD | elapsed_ms=457
2026-10-06 07:20:40+0000 | INFO     | roostoo.api | API_REQUEST_START | method=GET | label=ticker:AVAX/USD | path=/v3/ticker
2026-10-06 07:20:40+0000 | INFO     | roostoo.api | API_REQUEST_OK | method=GET | label=ticker:AVAX/USD | elapsed_ms=173
2026-10-06 07:20:40+0000 | INFO     | roostoo.api | API_REQUEST_START | method=GET | label=ticker:DOT/USD | path=/v3/ticker
2026-10-06 07:20:41+0000 | INFO     | roostoo.api | API_REQUEST_OK | method=GET | label=ticker:DOT/USD | elapsed_ms=541
2026-10-06 07:20:41+0000 | INFO     | roostoo.api | API_REQUEST_START | method=GET | label=ticker:BNB/USD | path=/v3/ticker
2026-10-06 07:20:41+0000 | INFO     | roostoo.api | API_REQUEST_OK | method=GET | label=ticker:BNB/USD | elapsed_ms=186
2026-10-06 07:20:41+0000 | INFO     | roostoo.api | API_REQUEST_START | method=GET | label=ticker:SUI/USD | path=/v3/ticker
2026-10-06 07:20:41+0000 | INFO     | roostoo.api | API_REQUEST_OK | method=GET | label=ticker:SUI/USD | elapsed_ms=187
2026-10-06 07:20:41+0000 | INFO     | roostoo.api | API_REQUEST_START | method=GET | label=ticker:BTC/USD | path=/v3/ticker
2026-10-06 07:20:42+0000 | INFO     | roostoo.api | API_REQUEST_OK | method=GET | label=ticker:BTC/USD | elapsed_ms=502
2026-10-06 07:20:42+0000 | INFO     | bot | LOOP_COMPLETE | elapsed_ms=2105
2026-10-06 07:21:40+0000 | INFO     | roostoo.api | API_REQUEST_START | method=GET | label=ticker:TRX/USD | path=/v3/ticker
2026-10-06 07:21:40+0000 | INFO     | roostoo.api | API_REQUEST_OK | method=GET | label=ticker:TRX/USD | elapsed_ms=175
2026-10-06 07:21:40+0000 | INFO     | roostoo.api | API_REQUEST_START | method=GET | label=ticker:AVAX/USD | path=/v3/ticker
2026-10-06 07:21:40+0000 | INFO     | roostoo.api | API_REQUEST_OK | method=GET | label=ticker:AVAX/USD | elapsed_ms=174
2026-10-06 07:21:40+0000 | INFO     | roostoo.api | API_REQUEST_START | method=GET | label=ticker:DOT/USD | path=/v3/ticker
2026-10-06 07:21:40+0000 | INFO     | roostoo.api | API_REQUEST_OK | method=GET | label=ticker:DOT/USD | elapsed_ms=172
2026-10-06 07:21:40+0000 | INFO     | roostoo.api | API_REQUEST_START | method=GET | label=ticker:BNB/USD | path=/v3/ticker
2026-10-06 07:21:40+0000 | INFO     | roostoo.api | API_REQUEST_OK | method=GET | label=ticker:BNB/USD | elapsed_ms=173
2026-10-06 07:21:40+0000 | INFO     | roostoo.api | API_REQUEST_START | method=GET | label=ticker:SUI/USD | path=/v3/ticker
2026-10-06 07:21:41+0000 | INFO     | roostoo.api | API_REQUEST_OK | method=GET | label=ticker:SUI/USD | elapsed_ms=186
2026-10-06 07:21:41+0000 | INFO     | roostoo.api | API_REQUEST_START | method=GET | label=ticker:BTC/USD | path=/v3/ticker
2026-10-06 07:21:41+0000 | INFO     | roostoo.api | API_REQUEST_OK | method=GET | label=ticker:BTC/USD | elapsed_ms=501
2026-10-06 07:21:41+0000 | INFO     | bot | LOOP_COMPLETE | elapsed_ms=1427
2026-10-06 07:22:40+0000 | INFO     | roostoo.api | API_REQUEST_START | method=GET | label=ticker:TRX/USD | path=/v3/ticker
2026-10-06 07:22:40+0000 | INFO     | roostoo.api | API_REQUEST_OK | method=GET | label=ticker:TRX/USD | elapsed_ms=185
2026-10-06 07:22:40+0000 | INFO     | roostoo.api | API_REQUEST_START | method=GET | label=ticker:AVAX/USD | path=/v3/ticker
2026-10-06 07:22:40+0000 | INFO     | roostoo.api | API_REQUEST_OK | method=GET | label=ticker:AVAX/USD | elapsed_ms=186
2026-10-06 07:22:40+0000 | INFO     | roostoo.api | API_REQUEST_START | method=GET | label=ticker:DOT/USD | path=/v3/ticker
2026-10-06 07:22:40+0000 | INFO     | roostoo.api | API_REQUEST_OK | method=GET | label=ticker:DOT/USD | elapsed_ms=184
2026-10-06 07:22:40+0000 | INFO     | roostoo.api | API_REQUEST_START | method=GET | label=ticker:BNB/USD | path=/v3/ticker
2026-10-06 07:22:40+0000 | INFO     | roostoo.api | API_REQUEST_OK | method=GET | label=ticker:BNB/USD | elapsed_ms=185
2026-10-06 07:22:40+0000 | INFO     | roostoo.api | API_REQUEST_START | method=GET | label=ticker:SUI/USD | path=/v3/ticker
2026-10-06 07:22:41+0000 | INFO     | roostoo.api | API_REQUEST_OK | method=GET | label=ticker:SUI/USD | elapsed_ms=198
2026-10-06 07:22:41+0000 | INFO     | roostoo.api | API_REQUEST_START | method=GET | label=ticker:BTC/USD | path=/v3/ticker
2026-10-06 07:22:41+0000 | INFO     | roostoo.api | API_REQUEST_OK | method=GET | label=ticker:BTC/USD | elapsed_ms=540
2026-10-06 07:22:41+0000 | INFO     | bot | LOOP_COMPLETE | elapsed_ms=1531
2026-10-06 07:23:40+0000 | INFO     | roostoo.api | API_REQUEST_START | method=GET | label=ticker:TRX/USD | path=/v3/ticker
2026-10-06 07:23:40+0000 | INFO     | roostoo.api | API_REQUEST_OK | method=GET | label=ticker:TRX/USD | elapsed_ms=185
2026-10-06 07:23:40+0000 | INFO     | roostoo.api | API_REQUEST_START | method=GET | label=ticker:AVAX/USD | path=/v3/ticker
2026-10-06 07:23:40+0000 | INFO     | roostoo.api | API_REQUEST_OK | method=GET | label=ticker:AVAX/USD | elapsed_ms=172
2026-10-06 07:23:40+0000 | INFO     | roostoo.api | API_REQUEST_START | method=GET | label=server_time | path=/v3/serverTime
2026-10-06 07:23:40+0000 | INFO     | roostoo.api | API_REQUEST_OK | method=GET | label=server_time | elapsed_ms=173
2026-10-06 07:23:40+0000 | INFO     | roostoo.api | SERVER_TIME_SYNC | offset_ms=87
2026-10-06 07:23:40+0000 | INFO     | roostoo.api | API_REQUEST_START | method=GET | label=ticker:DOT/USD | path=/v3/ticker
2026-10-06 07:23:41+0000 | INFO     | roostoo.api | API_REQUEST_OK | method=GET | label=ticker:DOT/USD | elapsed_ms=504
2026-10-06 07:23:41+0000 | INFO     | roostoo.api | API_REQUEST_START | method=GET | label=ticker:BNB/USD | path=/v3/ticker
2026-10-06 07:23:41+0000 | INFO     | roostoo.api | API_REQUEST_OK | method=GET | label=ticker:BNB/USD | elapsed_ms=171
2026-10-06 07:23:41+0000 | INFO     | roostoo.api | API_REQUEST_START | method=GET | label=ticker:SUI/USD | path=/v3/ticker
2026-10-06 07:23:41+0000 | INFO     | roostoo.api | API_REQUEST_OK | method=GET | label=ticker:SUI/USD | elapsed_ms=172
2026-10-06 07:23:41+0000 | INFO     | roostoo.api | API_REQUEST_START | method=GET | label=ticker:BTC/USD | path=/v3/ticker
2026-10-06 07:23:41+0000 | INFO     | roostoo.api | API_REQUEST_OK | method=GET | label=ticker:BTC/USD | elapsed_ms=173
2026-10-06 07:23:41+0000 | INFO     | bot | LOOP_COMPLETE | elapsed_ms=1597
2026-10-06 07:24:40+0000 | INFO     | roostoo.api | API_REQUEST_START | method=GET | label=ticker:TRX/USD | path=/v3/ticker
2026-10-06 07:24:40+0000 | INFO     | roostoo.api | API_REQUEST_OK | method=GET | label=ticker:TRX/USD | elapsed_ms=175
2026-10-06 07:24:40+0000 | INFO     | roostoo.api | API_REQUEST_START | method=GET | label=ticker:AVAX/USD | path=/v3/ticker
2026-10-06 07:24:40+0000 | INFO     | roostoo.api | API_REQUEST_OK | method=GET | label=ticker:AVAX/USD | elapsed_ms=186
2026-10-06 07:24:40+0000 | INFO     | roostoo.api | API_REQUEST_START | method=GET | label=ticker:DOT/USD | path=/v3/ticker
2026-10-06 07:24:40+0000 | INFO     | roostoo.api | API_REQUEST_OK | method=GET | label=ticker:DOT/USD | elapsed_ms=200
2026-10-06 07:24:40+0000 | INFO     | roostoo.api | API_REQUEST_START | method=GET | label=ticker:BNB/USD | path=/v3/ticker
2026-10-06 07:24:40+0000 | INFO     | roostoo.api | API_REQUEST_OK | method=GET | label=ticker:BNB/USD | elapsed_ms=199
2026-10-06 07:24:40+0000 | INFO     | roostoo.api | API_REQUEST_START | method=GET | label=ticker:SUI/USD | path=/v3/ticker
2026-10-06 07:24:41+0000 | INFO     | roostoo.api | API_REQUEST_OK | method=GET | label=ticker:SUI/USD | elapsed_ms=184
2026-10-06 07:24:41+0000 | INFO     | roostoo.api | API_REQUEST_START | method=GET | label=ticker:BTC/USD | path=/v3/ticker
2026-10-06 07:24:41+0000 | INFO     | roostoo.api | API_REQUEST_OK | method=GET | label=ticker:BTC/USD | elapsed_ms=198
2026-10-06 07:24:41+0000 | INFO     | bot | LOOP_COMPLETE | elapsed_ms=1191
2026-10-06 07:25:40+0000 | INFO     | roostoo.api | API_REQUEST_START | method=GET | label=ticker:TRX/USD | path=/v3/ticker
2026-10-06 07:25:40+0000 | INFO     | roostoo.api | API_REQUEST_OK | method=GET | label=ticker:TRX/USD | elapsed_ms=174
2026-10-06 07:25:40+0000 | INFO     | roostoo.api | API_REQUEST_START | method=GET | label=ticker:AVAX/USD | path=/v3/ticker
2026-10-06 07:25:40+0000 | INFO     | roostoo.api | API_REQUEST_OK | method=GET | label=ticker:AVAX/USD | elapsed_ms=171
2026-10-06 07:25:40+0000 | INFO     | roostoo.api | API_REQUEST_START | method=GET | label=ticker:DOT/USD | path=/v3/ticker
2026-10-06 07:25:40+0000 | INFO     | roostoo.api | API_REQUEST_OK | method=GET | label=ticker:DOT/USD | elapsed_ms=500
2026-10-06 07:25:40+0000 | INFO     | roostoo.api | API_REQUEST_START | method=GET | label=ticker:BNB/USD | path=/v3/ticker
2026-10-06 07:25:41+0000 | INFO     | roostoo.api | API_REQUEST_OK | method=GET | label=ticker:BNB/USD | elapsed_ms=199
2026-10-06 07:25:41+0000 | INFO     | roostoo.api | API_REQUEST_START | method=GET | label=ticker:SUI/USD | path=/v3/ticker
2026-10-06 07:25:41+0000 | INFO     | roostoo.api | API_REQUEST_OK | method=GET | label=ticker:SUI/USD | elapsed_ms=174
2026-10-06 07:25:41+0000 | INFO     | roostoo.api | API_REQUEST_START | method=GET | label=ticker:BTC/USD | path=/v3/ticker
2026-10-06 07:25:41+0000 | INFO     | roostoo.api | API_REQUEST_OK | method=GET | label=ticker:BTC/USD | elapsed_ms=542
2026-10-06 07:25:41+0000 | INFO     | bot | LOOP_COMPLETE | elapsed_ms=1807
2026-10-06 07:26:40+0000 | INFO     | roostoo.api | API_REQUEST_START | method=GET | label=ticker:TRX/USD | path=/v3/ticker
2026-10-06 07:26:40+0000 | INFO     | roostoo.api | API_REQUEST_OK | method=GET | label=ticker:TRX/USD | elapsed_ms=176
2026-10-06 07:26:40+0000 | INFO     | roostoo.api | API_REQUEST_START | method=GET | label=ticker:AVAX/USD | path=/v3/ticker
2026-10-06 07:26:40+0000 | INFO     | roostoo.api | API_REQUEST_OK | method=GET | label=ticker:AVAX/USD | elapsed_ms=171
2026-10-06 07:26:40+0000 | INFO     | roostoo.api | API_REQUEST_START | method=GET | label=ticker:DOT/USD | path=/v3/ticker
2026-10-06 07:26:40+0000 | INFO     | roostoo.api | API_REQUEST_OK | method=GET | label=ticker:DOT/USD | elapsed_ms=185
2026-10-06 07:26:40+0000 | INFO     | roostoo.api | API_REQUEST_START | method=GET | label=ticker:BNB/USD | path=/v3/ticker
2026-10-06 07:26:40+0000 | INFO     | roostoo.api | API_REQUEST_OK | method=GET | label=ticker:BNB/USD | elapsed_ms=185
2026-10-06 07:26:40+0000 | INFO     | roostoo.api | API_REQUEST_START | method=GET | label=ticker:SUI/USD | path=/v3/ticker
2026-10-06 07:26:41+0000 | INFO     | roostoo.api | API_REQUEST_OK | method=GET | label=ticker:SUI/USD | elapsed_ms=186
2026-10-06 07:26:41+0000 | INFO     | roostoo.api | API_REQUEST_START | method=GET | label=ticker:BTC/USD | path=/v3/ticker
2026-10-06 07:26:41+0000 | INFO     | roostoo.api | API_REQUEST_OK | method=GET | label=ticker:BTC/USD | elapsed_ms=504
2026-10-06 07:26:41+0000 | INFO     | bot | LOOP_COMPLETE | elapsed_ms=1451
2026-10-06 07:27:40+0000 | INFO     | roostoo.api | API_REQUEST_START | method=GET | label=ticker:TRX/USD | path=/v3/ticker
2026-10-06 07:27:40+0000 | INFO     | roostoo.api | API_REQUEST_OK | method=GET | label=ticker:TRX/USD | elapsed_ms=177
2026-10-06 07:27:40+0000 | INFO     | roostoo.api | API_REQUEST_START | method=GET | label=ticker:AVAX/USD | path=/v3/ticker
2026-10-06 07:27:40+0000 | INFO     | roostoo.api | API_REQUEST_OK | method=GET | label=ticker:AVAX/USD | elapsed_ms=177
2026-10-06 07:27:40+0000 | INFO     | roostoo.api | API_REQUEST_START | method=GET | label=ticker:DOT/USD | path=/v3/ticker
2026-10-06 07:27:40+0000 | INFO     | roostoo.api | API_REQUEST_OK | method=GET | label=ticker:DOT/USD | elapsed_ms=186
2026-10-06 07:27:40+0000 | INFO     | roostoo.api | API_REQUEST_START | method=GET | label=ticker:BNB/USD | path=/v3/ticker
2026-10-06 07:27:40+0000 | INFO     | roostoo.api | API_REQUEST_OK | method=GET | label=ticker:BNB/USD | elapsed_ms=172
2026-10-06 07:27:40+0000 | INFO     | roostoo.api | API_REQUEST_START | method=GET | label=ticker:SUI/USD | path=/v3/ticker
2026-10-06 07:27:41+0000 | INFO     | roostoo.api | API_REQUEST_OK | method=GET | label=ticker:SUI/USD | elapsed_ms=186
2026-10-06 07:27:41+0000 | INFO     | roostoo.api | API_REQUEST_START | method=GET | label=ticker:BTC/USD | path=/v3/ticker
2026-10-06 07:27:41+0000 | INFO     | roostoo.api | API_REQUEST_OK | method=GET | label=ticker:BTC/USD | elapsed_ms=503
2026-10-06 07:27:41+0000 | INFO     | bot | LOOP_COMPLETE | elapsed_ms=1448
2026-10-06 07:28:40+0000 | INFO     | roostoo.api | API_REQUEST_START | method=GET | label=ticker:TRX/USD | path=/v3/ticker
2026-10-06 07:28:40+0000 | INFO     | roostoo.api | API_REQUEST_OK | method=GET | label=ticker:TRX/USD | elapsed_ms=175
2026-10-06 07:28:40+0000 | INFO     | roostoo.api | API_REQUEST_START | method=GET | label=ticker:AVAX/USD | path=/v3/ticker
2026-10-06 07:28:40+0000 | INFO     | roostoo.api | API_REQUEST_OK | method=GET | label=ticker:AVAX/USD | elapsed_ms=185
2026-10-06 07:28:40+0000 | INFO     | roostoo.api | API_REQUEST_START | method=GET | label=ticker:DOT/USD | path=/v3/ticker
2026-10-06 07:28:40+0000 | INFO     | roostoo.api | API_REQUEST_OK | method=GET | label=ticker:DOT/USD | elapsed_ms=185
2026-10-06 07:28:40+0000 | INFO     | roostoo.api | API_REQUEST_START | method=GET | label=server_time | path=/v3/serverTime
2026-10-06 07:28:41+0000 | INFO     | roostoo.api | API_REQUEST_OK | method=GET | label=server_time | elapsed_ms=502
2026-10-06 07:28:41+0000 | INFO     | roostoo.api | SERVER_TIME_SYNC | offset_ms=417
2026-10-06 07:28:41+0000 | INFO     | roostoo.api | API_REQUEST_START | method=GET | label=ticker:BNB/USD | path=/v3/ticker
2026-10-06 07:28:41+0000 | INFO     | roostoo.api | API_REQUEST_OK | method=GET | label=ticker:BNB/USD | elapsed_ms=173
2026-10-06 07:28:41+0000 | INFO     | roostoo.api | API_REQUEST_START | method=GET | label=ticker:SUI/USD | path=/v3/ticker
2026-10-06 07:28:41+0000 | INFO     | roostoo.api | API_REQUEST_OK | method=GET | label=ticker:SUI/USD | elapsed_ms=544
2026-10-06 07:28:41+0000 | INFO     | roostoo.api | API_REQUEST_START | method=GET | label=ticker:BTC/USD | path=/v3/ticker
2026-10-06 07:28:42+0000 | INFO     | roostoo.api | API_REQUEST_OK | method=GET | label=ticker:BTC/USD | elapsed_ms=173
2026-10-06 07:28:42+0000 | INFO     | bot | LOOP_COMPLETE | elapsed_ms=1985
2026-10-06 07:29:40+0000 | INFO     | roostoo.api | API_REQUEST_START | method=GET | label=ticker:TRX/USD | path=/v3/ticker
2026-10-06 07:29:40+0000 | INFO     | roostoo.api | API_REQUEST_OK | method=GET | label=ticker:TRX/USD | elapsed_ms=190
2026-10-06 07:29:40+0000 | INFO     | roostoo.api | API_REQUEST_START | method=GET | label=ticker:AVAX/USD | path=/v3/ticker
2026-10-06 07:29:40+0000 | INFO     | roostoo.api | API_REQUEST_OK | method=GET | label=ticker:AVAX/USD | elapsed_ms=185
2026-10-06 07:29:40+0000 | INFO     | roostoo.api | API_REQUEST_START | method=GET | label=ticker:DOT/USD | path=/v3/ticker
2026-10-06 07:29:40+0000 | INFO     | roostoo.api | API_REQUEST_OK | method=GET | label=ticker:DOT/USD | elapsed_ms=186
2026-10-06 07:29:40+0000 | INFO     | roostoo.api | API_REQUEST_START | method=GET | label=ticker:BNB/USD | path=/v3/ticker
2026-10-06 07:29:40+0000 | INFO     | roostoo.api | API_REQUEST_OK | method=GET | label=ticker:BNB/USD | elapsed_ms=186
2026-10-06 07:29:40+0000 | INFO     | roostoo.api | API_REQUEST_START | method=GET | label=ticker:SUI/USD | path=/v3/ticker
2026-10-06 07:29:41+0000 | INFO     | roostoo.api | API_REQUEST_OK | method=GET | label=ticker:SUI/USD | elapsed_ms=542
2026-10-06 07:29:41+0000 | INFO     | roostoo.api | API_REQUEST_START | method=GET | label=ticker:BTC/USD | path=/v3/ticker
2026-10-06 07:29:41+0000 | INFO     | roostoo.api | API_REQUEST_OK | method=GET | label=ticker:BTC/USD | elapsed_ms=172
2026-10-06 07:29:41+0000 | INFO     | bot | LOOP_COMPLETE | elapsed_ms=1507
2026-10-06 07:30:40+0000 | INFO     | roostoo.api | API_REQUEST_START | method=GET | label=ticker:TRX/USD | path=/v3/ticker
2026-10-06 07:30:40+0000 | INFO     | roostoo.api | API_REQUEST_OK | method=GET | label=ticker:TRX/USD | elapsed_ms=174
2026-10-06 07:30:40+0000 | INFO     | roostoo.api | API_REQUEST_START | method=GET | label=ticker:AVAX/USD | path=/v3/ticker
2026-10-06 07:30:40+0000 | INFO     | roostoo.api | API_REQUEST_OK | method=GET | label=ticker:AVAX/USD | elapsed_ms=171
2026-10-06 07:30:40+0000 | INFO     | roostoo.api | API_REQUEST_START | method=GET | label=ticker:DOT/USD | path=/v3/ticker
2026-10-06 07:30:40+0000 | INFO     | roostoo.api | API_REQUEST_OK | method=GET | label=ticker:DOT/USD | elapsed_ms=304
2026-10-06 07:30:40+0000 | INFO     | roostoo.api | API_REQUEST_START | method=GET | label=ticker:BNB/USD | path=/v3/ticker
2026-10-06 07:30:40+0000 | INFO     | roostoo.api | API_REQUEST_OK | method=GET | label=ticker:BNB/USD | elapsed_ms=187
2026-10-06 07:30:40+0000 | INFO     | roostoo.api | API_REQUEST_START | method=GET | label=ticker:SUI/USD | path=/v3/ticker
2026-10-06 07:30:41+0000 | INFO     | roostoo.api | API_REQUEST_OK | method=GET | label=ticker:SUI/USD | elapsed_ms=174
2026-10-06 07:30:41+0000 | INFO     | roostoo.api | API_REQUEST_START | method=GET | label=ticker:BTC/USD | path=/v3/ticker
2026-10-06 07:30:41+0000 | INFO     | roostoo.api | API_REQUEST_OK | method=GET | label=ticker:BTC/USD | elapsed_ms=545
2026-10-06 07:30:41+0000 | INFO     | bot | LOOP_COMPLETE | elapsed_ms=1601
2026-10-06 07:31:40+0000 | INFO     | roostoo.api | API_REQUEST_START | method=GET | label=ticker:TRX/USD | path=/v3/ticker
2026-10-06 07:31:40+0000 | INFO     | roostoo.api | API_REQUEST_OK | method=GET | label=ticker:TRX/USD | elapsed_ms=175
2026-10-06 07:31:40+0000 | INFO     | roostoo.api | API_REQUEST_START | method=GET | label=ticker:AVAX/USD | path=/v3/ticker
2026-10-06 07:31:40+0000 | INFO     | roostoo.api | API_REQUEST_OK | method=GET | label=ticker:AVAX/USD | elapsed_ms=174
2026-10-06 07:31:40+0000 | INFO     | roostoo.api | API_REQUEST_START | method=GET | label=ticker:DOT/USD | path=/v3/ticker
2026-10-06 07:31:40+0000 | INFO     | roostoo.api | API_REQUEST_OK | method=GET | label=ticker:DOT/USD | elapsed_ms=188
2026-10-06 07:31:40+0000 | INFO     | roostoo.api | API_REQUEST_START | method=GET | label=ticker:BNB/USD | path=/v3/ticker
2026-10-06 07:31:40+0000 | INFO     | roostoo.api | API_REQUEST_OK | method=GET | label=ticker:BNB/USD | elapsed_ms=189
2026-10-06 07:31:40+0000 | INFO     | roostoo.api | API_REQUEST_START | method=GET | label=ticker:SUI/USD | path=/v3/ticker
2026-10-06 07:31:41+0000 | INFO     | roostoo.api | API_REQUEST_OK | method=GET | label=ticker:SUI/USD | elapsed_ms=186
2026-10-06 07:31:41+0000 | INFO     | roostoo.api | API_REQUEST_START | method=GET | label=ticker:BTC/USD | path=/v3/ticker
2026-10-06 07:31:41+0000 | INFO     | roostoo.api | API_REQUEST_OK | method=GET | label=ticker:BTC/USD | elapsed_ms=186
2026-10-06 07:31:41+0000 | INFO     | bot | LOOP_COMPLETE | elapsed_ms=1157
2026-10-06 07:32:40+0000 | INFO     | roostoo.api | API_REQUEST_START | method=GET | label=ticker:TRX/USD | path=/v3/ticker
2026-10-06 07:32:40+0000 | INFO     | roostoo.api | API_REQUEST_OK | method=GET | label=ticker:TRX/USD | elapsed_ms=185
2026-10-06 07:32:40+0000 | INFO     | roostoo.api | API_REQUEST_START | method=GET | label=ticker:AVAX/USD | path=/v3/ticker
2026-10-06 07:32:40+0000 | INFO     | roostoo.api | API_REQUEST_OK | method=GET | label=ticker:AVAX/USD | elapsed_ms=185
2026-10-06 07:32:40+0000 | INFO     | roostoo.api | API_REQUEST_START | method=GET | label=ticker:DOT/USD | path=/v3/ticker
2026-10-06 07:32:40+0000 | INFO     | roostoo.api | API_REQUEST_OK | method=GET | label=ticker:DOT/USD | elapsed_ms=172
2026-10-06 07:32:40+0000 | INFO     | roostoo.api | API_REQUEST_START | method=GET | label=ticker:BNB/USD | path=/v3/ticker
2026-10-06 07:32:40+0000 | INFO     | roostoo.api | API_REQUEST_OK | method=GET | label=ticker:BNB/USD | elapsed_ms=172
2026-10-06 07:32:40+0000 | INFO     | roostoo.api | API_REQUEST_START | method=GET | label=ticker:SUI/USD | path=/v3/ticker
2026-10-06 07:32:41+0000 | INFO     | roostoo.api | API_REQUEST_OK | method=GET | label=ticker:SUI/USD | elapsed_ms=172
2026-10-06 07:32:41+0000 | INFO     | roostoo.api | API_REQUEST_START | method=GET | label=ticker:BTC/USD | path=/v3/ticker
2026-10-06 07:32:41+0000 | INFO     | roostoo.api | API_REQUEST_OK | method=GET | label=ticker:BTC/USD | elapsed_ms=173
2026-10-06 07:32:41+0000 | INFO     | bot | LOOP_COMPLETE | elapsed_ms=1104
2026-10-06 07:33:40+0000 | INFO     | roostoo.api | API_REQUEST_START | method=GET | label=ticker:TRX/USD | path=/v3/ticker
2026-10-06 07:33:40+0000 | INFO     | roostoo.api | API_REQUEST_OK | method=GET | label=ticker:TRX/USD | elapsed_ms=200
2026-10-06 07:33:40+0000 | INFO     | roostoo.api | API_REQUEST_START | method=GET | label=ticker:AVAX/USD | path=/v3/ticker
2026-10-06 07:33:40+0000 | INFO     | roostoo.api | API_REQUEST_OK | method=GET | label=ticker:AVAX/USD | elapsed_ms=198
2026-10-06 07:33:40+0000 | INFO     | roostoo.api | API_REQUEST_START | method=GET | label=ticker:DOT/USD | path=/v3/ticker
2026-10-06 07:33:40+0000 | INFO     | roostoo.api | API_REQUEST_OK | method=GET | label=ticker:DOT/USD | elapsed_ms=175
2026-10-06 07:33:40+0000 | INFO     | roostoo.api | API_REQUEST_START | method=GET | label=ticker:BNB/USD | path=/v3/ticker
2026-10-06 07:33:40+0000 | INFO     | roostoo.api | API_REQUEST_OK | method=GET | label=ticker:BNB/USD | elapsed_ms=219
2026-10-06 07:33:40+0000 | INFO     | roostoo.api | API_REQUEST_START | method=GET | label=ticker:SUI/USD | path=/v3/ticker
2026-10-06 07:33:41+0000 | INFO     | roostoo.api | API_REQUEST_OK | method=GET | label=ticker:SUI/USD | elapsed_ms=198
2026-10-06 07:33:41+0000 | INFO     | roostoo.api | API_REQUEST_START | method=GET | label=ticker:BTC/USD | path=/v3/ticker
2026-10-06 07:33:41+0000 | INFO     | roostoo.api | API_REQUEST_OK | method=GET | label=ticker:BTC/USD | elapsed_ms=184
2026-10-06 07:33:41+0000 | INFO     | bot | LOOP_COMPLETE | elapsed_ms=1219
2026-10-06 07:34:40+0000 | INFO     | roostoo.api | API_REQUEST_START | method=GET | label=server_time | path=/v3/serverTime
2026-10-06 07:34:40+0000 | INFO     | roostoo.api | API_REQUEST_OK | method=GET | label=server_time | elapsed_ms=187
2026-10-06 07:34:40+0000 | INFO     | roostoo.api | SERVER_TIME_SYNC | offset_ms=102
2026-10-06 07:34:40+0000 | INFO     | roostoo.api | API_REQUEST_START | method=GET | label=ticker:TRX/USD | path=/v3/ticker
2026-10-06 07:34:40+0000 | INFO     | roostoo.api | API_REQUEST_OK | method=GET | label=ticker:TRX/USD | elapsed_ms=185
2026-10-06 07:34:40+0000 | INFO     | roostoo.api | API_REQUEST_START | method=GET | label=ticker:AVAX/USD | path=/v3/ticker
2026-10-06 07:34:40+0000 | INFO     | roostoo.api | API_REQUEST_OK | method=GET | label=ticker:AVAX/USD | elapsed_ms=184
2026-10-06 07:34:40+0000 | INFO     | roostoo.api | API_REQUEST_START | method=GET | label=ticker:DOT/USD | path=/v3/ticker
2026-10-06 07:34:40+0000 | INFO     | roostoo.api | API_REQUEST_OK | method=GET | label=ticker:DOT/USD | elapsed_ms=185
2026-10-06 07:34:40+0000 | INFO     | roostoo.api | API_REQUEST_START | method=GET | label=ticker:BNB/USD | path=/v3/ticker
2026-10-06 07:34:41+0000 | INFO     | roostoo.api | API_REQUEST_OK | method=GET | label=ticker:BNB/USD | elapsed_ms=174
2026-10-06 07:34:41+0000 | INFO     | roostoo.api | API_REQUEST_START | method=GET | label=ticker:SUI/USD | path=/v3/ticker
2026-10-06 07:34:41+0000 | INFO     | roostoo.api | API_REQUEST_OK | method=GET | label=ticker:SUI/USD | elapsed_ms=185
2026-10-06 07:34:41+0000 | INFO     | roostoo.api | API_REQUEST_START | method=GET | label=ticker:BTC/USD | path=/v3/ticker
2026-10-06 07:34:41+0000 | INFO     | roostoo.api | API_REQUEST_OK | method=GET | label=ticker:BTC/USD | elapsed_ms=185
2026-10-06 07:34:41+0000 | INFO     | bot | LOOP_COMPLETE | elapsed_ms=1333
2026-10-06 07:35:40+0000 | INFO     | roostoo.api | API_REQUEST_START | method=GET | label=ticker:TRX/USD | path=/v3/ticker
2026-10-06 07:35:40+0000 | INFO     | roostoo.api | API_REQUEST_OK | method=GET | label=ticker:TRX/USD | elapsed_ms=187
2026-10-06 07:35:40+0000 | INFO     | roostoo.api | API_REQUEST_START | method=GET | label=ticker:AVAX/USD | path=/v3/ticker
2026-10-06 07:35:40+0000 | INFO     | roostoo.api | API_REQUEST_OK | method=GET | label=ticker:AVAX/USD | elapsed_ms=187
2026-10-06 07:35:40+0000 | INFO     | roostoo.api | API_REQUEST_START | method=GET | label=ticker:DOT/USD | path=/v3/ticker
2026-10-06 07:35:40+0000 | INFO     | roostoo.api | API_REQUEST_OK | method=GET | label=ticker:DOT/USD | elapsed_ms=186
2026-10-06 07:35:40+0000 | INFO     | roostoo.api | API_REQUEST_START | method=GET | label=ticker:BNB/USD | path=/v3/ticker
2026-10-06 07:35:40+0000 | INFO     | roostoo.api | API_REQUEST_OK | method=GET | label=ticker:BNB/USD | elapsed_ms=186
2026-10-06 07:35:40+0000 | INFO     | roostoo.api | API_REQUEST_START | method=GET | label=ticker:SUI/USD | path=/v3/ticker
2026-10-06 07:35:41+0000 | INFO     | roostoo.api | API_REQUEST_OK | method=GET | label=ticker:SUI/USD | elapsed_ms=543
2026-10-06 07:35:41+0000 | INFO     | roostoo.api | API_REQUEST_START | method=GET | label=ticker:BTC/USD | path=/v3/ticker
2026-10-06 07:35:41+0000 | INFO     | roostoo.api | API_REQUEST_OK | method=GET | label=ticker:BTC/USD | elapsed_ms=501
2026-10-06 07:35:41+0000 | INFO     | bot | LOOP_COMPLETE | elapsed_ms=1842
2026-10-06 07:36:40+0000 | INFO     | roostoo.api | API_REQUEST_START | method=GET | label=ticker:TRX/USD | path=/v3/ticker
2026-10-06 07:36:40+0000 | INFO     | roostoo.api | API_REQUEST_OK | method=GET | label=ticker:TRX/USD | elapsed_ms=172
2026-10-06 07:36:40+0000 | INFO     | roostoo.api | API_REQUEST_START | method=GET | label=ticker:AVAX/USD | path=/v3/ticker
2026-10-06 07:36:40+0000 | INFO     | roostoo.api | API_REQUEST_OK | method=GET | label=ticker:AVAX/USD | elapsed_ms=184
2026-10-06 07:36:40+0000 | INFO     | roostoo.api | API_REQUEST_START | method=GET | label=ticker:DOT/USD | path=/v3/ticker
2026-10-06 07:36:40+0000 | INFO     | roostoo.api | API_REQUEST_OK | method=GET | label=ticker:DOT/USD | elapsed_ms=172
2026-10-06 07:36:40+0000 | INFO     | roostoo.api | API_REQUEST_START | method=GET | label=ticker:BNB/USD | path=/v3/ticker
2026-10-06 07:36:40+0000 | INFO     | roostoo.api | API_REQUEST_OK | method=GET | label=ticker:BNB/USD | elapsed_ms=173
2026-10-06 07:36:40+0000 | INFO     | roostoo.api | API_REQUEST_START | method=GET | label=ticker:SUI/USD | path=/v3/ticker
2026-10-06 07:36:41+0000 | INFO     | roostoo.api | API_REQUEST_OK | method=GET | label=ticker:SUI/USD | elapsed_ms=185
2026-10-06 07:36:41+0000 | INFO     | roostoo.api | API_REQUEST_START | method=GET | label=ticker:BTC/USD | path=/v3/ticker
2026-10-06 07:36:41+0000 | INFO     | roostoo.api | API_REQUEST_OK | method=GET | label=ticker:BTC/USD | elapsed_ms=186
2026-10-06 07:36:41+0000 | INFO     | bot | LOOP_COMPLETE | elapsed_ms=1121
2026-10-06 07:37:40+0000 | INFO     | roostoo.api | API_REQUEST_START | method=GET | label=ticker:TRX/USD | path=/v3/ticker
2026-10-06 07:37:40+0000 | INFO     | roostoo.api | API_REQUEST_OK | method=GET | label=ticker:TRX/USD | elapsed_ms=171
2026-10-06 07:37:40+0000 | INFO     | roostoo.api | API_REQUEST_START | method=GET | label=ticker:AVAX/USD | path=/v3/ticker
2026-10-06 07:37:40+0000 | INFO     | roostoo.api | API_REQUEST_OK | method=GET | label=ticker:AVAX/USD | elapsed_ms=171
2026-10-06 07:37:40+0000 | INFO     | roostoo.api | API_REQUEST_START | method=GET | label=ticker:DOT/USD | path=/v3/ticker
2026-10-06 07:37:40+0000 | INFO     | roostoo.api | API_REQUEST_OK | method=GET | label=ticker:DOT/USD | elapsed_ms=187
2026-10-06 07:37:40+0000 | INFO     | roostoo.api | API_REQUEST_START | method=GET | label=ticker:BNB/USD | path=/v3/ticker
2026-10-06 07:37:40+0000 | INFO     | roostoo.api | API_REQUEST_OK | method=GET | label=ticker:BNB/USD | elapsed_ms=185
2026-10-06 07:37:40+0000 | INFO     | roostoo.api | API_REQUEST_START | method=GET | label=ticker:SUI/USD | path=/v3/ticker
2026-10-06 07:37:41+0000 | INFO     | roostoo.api | API_REQUEST_OK | method=GET | label=ticker:SUI/USD | elapsed_ms=186
2026-10-06 07:37:41+0000 | INFO     | roostoo.api | API_REQUEST_START | method=GET | label=ticker:BTC/USD | path=/v3/ticker
2026-10-06 07:37:41+0000 | INFO     | roostoo.api | API_REQUEST_OK | method=GET | label=ticker:BTC/USD | elapsed_ms=542
2026-10-06 07:37:41+0000 | INFO     | bot | LOOP_COMPLETE | elapsed_ms=1486
2026-10-06 07:38:40+0000 | INFO     | roostoo.api | API_REQUEST_START | method=GET | label=ticker:TRX/USD | path=/v3/ticker
2026-10-06 07:38:40+0000 | INFO     | roostoo.api | API_REQUEST_OK | method=GET | label=ticker:TRX/USD | elapsed_ms=184
2026-10-06 07:38:40+0000 | INFO     | roostoo.api | API_REQUEST_START | method=GET | label=ticker:AVAX/USD | path=/v3/ticker
2026-10-06 07:38:40+0000 | INFO     | roostoo.api | API_REQUEST_OK | method=GET | label=ticker:AVAX/USD | elapsed_ms=184
2026-10-06 07:38:40+0000 | INFO     | roostoo.api | API_REQUEST_START | method=GET | label=ticker:DOT/USD | path=/v3/ticker
2026-10-06 07:38:40+0000 | INFO     | roostoo.api | API_REQUEST_OK | method=GET | label=ticker:DOT/USD | elapsed_ms=187
2026-10-06 07:38:40+0000 | INFO     | roostoo.api | API_REQUEST_START | method=GET | label=ticker:BNB/USD | path=/v3/ticker
2026-10-06 07:38:40+0000 | INFO     | roostoo.api | API_REQUEST_OK | method=GET | label=ticker:BNB/USD | elapsed_ms=185
2026-10-06 07:38:40+0000 | INFO     | roostoo.api | API_REQUEST_START | method=GET | label=ticker:SUI/USD | path=/v3/ticker
2026-10-06 07:38:41+0000 | INFO     | roostoo.api | API_REQUEST_OK | method=GET | label=ticker:SUI/USD | elapsed_ms=185
2026-10-06 07:38:41+0000 | INFO     | roostoo.api | API_REQUEST_START | method=GET | label=ticker:BTC/USD | path=/v3/ticker
2026-10-06 07:38:41+0000 | INFO     | roostoo.api | API_REQUEST_OK | method=GET | label=ticker:BTC/USD | elapsed_ms=502
2026-10-06 07:38:41+0000 | INFO     | bot | LOOP_COMPLETE | elapsed_ms=1475
2026-10-06 07:39:40+0000 | INFO     | roostoo.api | API_REQUEST_START | method=GET | label=ticker:TRX/USD | path=/v3/ticker
2026-10-06 07:39:40+0000 | INFO     | roostoo.api | API_REQUEST_OK | method=GET | label=ticker:TRX/USD | elapsed_ms=172
2026-10-06 07:39:40+0000 | INFO     | roostoo.api | API_REQUEST_START | method=GET | label=ticker:AVAX/USD | path=/v3/ticker
2026-10-06 07:39:40+0000 | INFO     | roostoo.api | API_REQUEST_OK | method=GET | label=ticker:AVAX/USD | elapsed_ms=172
2026-10-06 07:39:40+0000 | INFO     | roostoo.api | API_REQUEST_START | method=GET | label=server_time | path=/v3/serverTime
2026-10-06 07:39:40+0000 | INFO     | roostoo.api | API_REQUEST_OK | method=GET | label=server_time | elapsed_ms=185
2026-10-06 07:39:40+0000 | INFO     | roostoo.api | SERVER_TIME_SYNC | offset_ms=101
2026-10-06 07:39:40+0000 | INFO     | roostoo.api | API_REQUEST_START | method=GET | label=ticker:DOT/USD | path=/v3/ticker
2026-10-06 07:39:40+0000 | INFO     | roostoo.api | API_REQUEST_OK | method=GET | label=ticker:DOT/USD | elapsed_ms=185
2026-10-06 07:39:40+0000 | INFO     | roostoo.api | API_REQUEST_START | method=GET | label=ticker:BNB/USD | path=/v3/ticker
2026-10-06 07:39:41+0000 | INFO     | roostoo.api | API_REQUEST_OK | method=GET | label=ticker:BNB/USD | elapsed_ms=171
2026-10-06 07:39:41+0000 | INFO     | roostoo.api | API_REQUEST_START | method=GET | label=ticker:SUI/USD | path=/v3/ticker
2026-10-06 07:39:41+0000 | INFO     | roostoo.api | API_REQUEST_OK | method=GET | label=ticker:SUI/USD | elapsed_ms=186
2026-10-06 07:39:41+0000 | INFO     | roostoo.api | API_REQUEST_START | method=GET | label=ticker:BTC/USD | path=/v3/ticker
2026-10-06 07:39:41+0000 | INFO     | roostoo.api | API_REQUEST_OK | method=GET | label=ticker:BTC/USD | elapsed_ms=171
2026-10-06 07:39:41+0000 | INFO     | bot | LOOP_COMPLETE | elapsed_ms=1292
2026-10-06 07:40:40+0000 | INFO     | roostoo.api | API_REQUEST_START | method=GET | label=ticker:TRX/USD | path=/v3/ticker
2026-10-06 07:40:40+0000 | INFO     | roostoo.api | API_REQUEST_OK | method=GET | label=ticker:TRX/USD | elapsed_ms=204
2026-10-06 07:40:40+0000 | INFO     | roostoo.api | API_REQUEST_START | method=GET | label=ticker:AVAX/USD | path=/v3/ticker
2026-10-06 07:40:40+0000 | INFO     | roostoo.api | API_REQUEST_OK | method=GET | label=ticker:AVAX/USD | elapsed_ms=172
2026-10-06 07:40:40+0000 | INFO     | roostoo.api | API_REQUEST_START | method=GET | label=ticker:DOT/USD | path=/v3/ticker
2026-10-06 07:40:40+0000 | INFO     | roostoo.api | API_REQUEST_OK | method=GET | label=ticker:DOT/USD | elapsed_ms=172
2026-10-06 07:40:40+0000 | INFO     | roostoo.api | API_REQUEST_START | method=GET | label=ticker:BNB/USD | path=/v3/ticker
2026-10-06 07:40:40+0000 | INFO     | roostoo.api | API_REQUEST_OK | method=GET | label=ticker:BNB/USD | elapsed_ms=188
2026-10-06 07:40:40+0000 | INFO     | roostoo.api | API_REQUEST_START | method=GET | label=ticker:SUI/USD | path=/v3/ticker
2026-10-06 07:40:41+0000 | INFO     | roostoo.api | API_REQUEST_OK | method=GET | label=ticker:SUI/USD | elapsed_ms=502
2026-10-06 07:40:41+0000 | INFO     | roostoo.api | API_REQUEST_START | method=GET | label=ticker:BTC/USD | path=/v3/ticker
2026-10-06 07:40:41+0000 | INFO     | roostoo.api | API_REQUEST_OK | method=GET | label=ticker:BTC/USD | elapsed_ms=172
2026-10-06 07:40:41+0000 | INFO     | bot | LOOP_COMPLETE | elapsed_ms=1458
2026-10-06 07:41:40+0000 | INFO     | roostoo.api | API_REQUEST_START | method=GET | label=ticker:TRX/USD | path=/v3/ticker
2026-10-06 07:41:40+0000 | INFO     | roostoo.api | API_REQUEST_OK | method=GET | label=ticker:TRX/USD | elapsed_ms=187
2026-10-06 07:41:40+0000 | INFO     | roostoo.api | API_REQUEST_START | method=GET | label=ticker:AVAX/USD | path=/v3/ticker
2026-10-06 07:41:40+0000 | INFO     | roostoo.api | API_REQUEST_OK | method=GET | label=ticker:AVAX/USD | elapsed_ms=172
2026-10-06 07:41:40+0000 | INFO     | roostoo.api | API_REQUEST_START | method=GET | label=ticker:DOT/USD | path=/v3/ticker
2026-10-06 07:41:40+0000 | INFO     | roostoo.api | API_REQUEST_OK | method=GET | label=ticker:DOT/USD | elapsed_ms=173
2026-10-06 07:41:40+0000 | INFO     | roostoo.api | API_REQUEST_START | method=GET | label=ticker:BNB/USD | path=/v3/ticker
2026-10-06 07:41:40+0000 | INFO     | roostoo.api | API_REQUEST_OK | method=GET | label=ticker:BNB/USD | elapsed_ms=189
2026-10-06 07:41:40+0000 | INFO     | roostoo.api | API_REQUEST_START | method=GET | label=ticker:SUI/USD | path=/v3/ticker
2026-10-06 07:41:41+0000 | INFO     | roostoo.api | API_REQUEST_OK | method=GET | label=ticker:SUI/USD | elapsed_ms=543
2026-10-06 07:41:41+0000 | INFO     | roostoo.api | API_REQUEST_START | method=GET | label=ticker:BTC/USD | path=/v3/ticker
2026-10-06 07:41:41+0000 | INFO     | roostoo.api | API_REQUEST_OK | method=GET | label=ticker:BTC/USD | elapsed_ms=187
2026-10-06 07:41:41+0000 | INFO     | bot | LOOP_COMPLETE | elapsed_ms=1498
2026-10-06 07:42:40+0000 | INFO     | roostoo.api | API_REQUEST_START | method=GET | label=ticker:TRX/USD | path=/v3/ticker
2026-10-06 07:42:40+0000 | INFO     | roostoo.api | API_REQUEST_OK | method=GET | label=ticker:TRX/USD | elapsed_ms=187
2026-10-06 07:42:40+0000 | INFO     | roostoo.api | API_REQUEST_START | method=GET | label=ticker:AVAX/USD | path=/v3/ticker
2026-10-06 07:42:40+0000 | INFO     | roostoo.api | API_REQUEST_OK | method=GET | label=ticker:AVAX/USD | elapsed_ms=172
2026-10-06 07:42:40+0000 | INFO     | roostoo.api | API_REQUEST_START | method=GET | label=ticker:DOT/USD | path=/v3/ticker
2026-10-06 07:42:40+0000 | INFO     | roostoo.api | API_REQUEST_OK | method=GET | label=ticker:DOT/USD | elapsed_ms=502
2026-10-06 07:42:40+0000 | INFO     | roostoo.api | API_REQUEST_START | method=GET | label=ticker:BNB/USD | path=/v3/ticker
2026-10-06 07:42:41+0000 | INFO     | roostoo.api | API_REQUEST_OK | method=GET | label=ticker:BNB/USD | elapsed_ms=172
2026-10-06 07:42:41+0000 | INFO     | roostoo.api | API_REQUEST_START | method=GET | label=ticker:SUI/USD | path=/v3/ticker
2026-10-06 07:42:41+0000 | INFO     | roostoo.api | API_REQUEST_OK | method=GET | label=ticker:SUI/USD | elapsed_ms=542
2026-10-06 07:42:41+0000 | INFO     | roostoo.api | API_REQUEST_START | method=GET | label=ticker:BTC/USD | path=/v3/ticker
2026-10-06 07:42:41+0000 | INFO     | roostoo.api | API_REQUEST_OK | method=GET | label=ticker:BTC/USD | elapsed_ms=198
2026-10-06 07:42:41+0000 | INFO     | bot | LOOP_COMPLETE | elapsed_ms=1820
2026-10-06 07:43:40+0000 | INFO     | roostoo.api | API_REQUEST_START | method=GET | label=ticker:TRX/USD | path=/v3/ticker
2026-10-06 07:43:40+0000 | INFO     | roostoo.api | API_REQUEST_OK | method=GET | label=ticker:TRX/USD | elapsed_ms=173
2026-10-06 07:43:40+0000 | INFO     | roostoo.api | API_REQUEST_START | method=GET | label=ticker:AVAX/USD | path=/v3/ticker
2026-10-06 07:43:40+0000 | INFO     | roostoo.api | API_REQUEST_OK | method=GET | label=ticker:AVAX/USD | elapsed_ms=172
2026-10-06 07:43:40+0000 | INFO     | roostoo.api | API_REQUEST_START | method=GET | label=ticker:DOT/USD | path=/v3/ticker
2026-10-06 07:43:40+0000 | INFO     | roostoo.api | API_REQUEST_OK | method=GET | label=ticker:DOT/USD | elapsed_ms=173
2026-10-06 07:43:40+0000 | INFO     | roostoo.api | API_REQUEST_START | method=GET | label=ticker:BNB/USD | path=/v3/ticker
2026-10-06 07:43:40+0000 | INFO     | roostoo.api | API_REQUEST_OK | method=GET | label=ticker:BNB/USD | elapsed_ms=187
2026-10-06 07:43:40+0000 | INFO     | roostoo.api | API_REQUEST_START | method=GET | label=ticker:SUI/USD | path=/v3/ticker
2026-10-06 07:43:40+0000 | INFO     | roostoo.api | API_REQUEST_OK | method=GET | label=ticker:SUI/USD | elapsed_ms=173
2026-10-06 07:43:40+0000 | INFO     | roostoo.api | API_REQUEST_START | method=GET | label=ticker:BTC/USD | path=/v3/ticker
2026-10-06 07:43:41+0000 | INFO     | roostoo.api | API_REQUEST_OK | method=GET | label=ticker:BTC/USD | elapsed_ms=501
2026-10-06 07:43:41+0000 | INFO     | bot | LOOP_COMPLETE | elapsed_ms=1423
2026-10-06 07:44:40+0000 | INFO     | roostoo.api | API_REQUEST_START | method=GET | label=ticker:TRX/USD | path=/v3/ticker
2026-10-06 07:44:40+0000 | INFO     | roostoo.api | API_REQUEST_OK | method=GET | label=ticker:TRX/USD | elapsed_ms=174
2026-10-06 07:44:40+0000 | INFO     | roostoo.api | API_REQUEST_START | method=GET | label=ticker:AVAX/USD | path=/v3/ticker
2026-10-06 07:44:40+0000 | INFO     | roostoo.api | API_REQUEST_OK | method=GET | label=ticker:AVAX/USD | elapsed_ms=172
2026-10-06 07:44:40+0000 | INFO     | roostoo.api | API_REQUEST_START | method=GET | label=ticker:DOT/USD | path=/v3/ticker
2026-10-06 07:44:40+0000 | INFO     | roostoo.api | API_REQUEST_OK | method=GET | label=ticker:DOT/USD | elapsed_ms=172
2026-10-06 07:44:40+0000 | INFO     | roostoo.api | API_REQUEST_START | method=GET | label=ticker:BNB/USD | path=/v3/ticker
2026-10-06 07:44:40+0000 | INFO     | roostoo.api | API_REQUEST_OK | method=GET | label=ticker:BNB/USD | elapsed_ms=173
2026-10-06 07:44:40+0000 | INFO     | roostoo.api | API_REQUEST_START | method=GET | label=server_time | path=/v3/serverTime
2026-10-06 07:44:41+0000 | INFO     | roostoo.api | API_REQUEST_OK | method=GET | label=server_time | elapsed_ms=542
2026-10-06 07:44:41+0000 | INFO     | roostoo.api | SERVER_TIME_SYNC | offset_ms=457
2026-10-06 07:44:41+0000 | INFO     | roostoo.api | API_REQUEST_START | method=GET | label=ticker:SUI/USD | path=/v3/ticker
2026-10-06 07:44:41+0000 | INFO     | roostoo.api | API_REQUEST_OK | method=GET | label=ticker:SUI/USD | elapsed_ms=185
2026-10-06 07:44:41+0000 | INFO     | roostoo.api | API_REQUEST_START | method=GET | label=ticker:BTC/USD | path=/v3/ticker
2026-10-06 07:44:41+0000 | INFO     | roostoo.api | API_REQUEST_OK | method=GET | label=ticker:BTC/USD | elapsed_ms=172
2026-10-06 07:44:41+0000 | INFO     | bot | LOOP_COMPLETE | elapsed_ms=1638
2026-10-06 07:45:40+0000 | INFO     | roostoo.api | API_REQUEST_START | method=GET | label=ticker:TRX/USD | path=/v3/ticker
2026-10-06 07:45:40+0000 | INFO     | roostoo.api | API_REQUEST_OK | method=GET | label=ticker:TRX/USD | elapsed_ms=292
2026-10-06 07:45:40+0000 | INFO     | roostoo.api | API_REQUEST_START | method=GET | label=ticker:AVAX/USD | path=/v3/ticker
2026-10-06 07:45:40+0000 | INFO     | roostoo.api | API_REQUEST_OK | method=GET | label=ticker:AVAX/USD | elapsed_ms=187
2026-10-06 07:45:40+0000 | INFO     | roostoo.api | API_REQUEST_START | method=GET | label=ticker:DOT/USD | path=/v3/ticker
2026-10-06 07:45:40+0000 | INFO     | roostoo.api | API_REQUEST_OK | method=GET | label=ticker:DOT/USD | elapsed_ms=203
2026-10-06 07:45:40+0000 | INFO     | roostoo.api | API_REQUEST_START | method=GET | label=ticker:BNB/USD | path=/v3/ticker
2026-10-06 07:45:41+0000 | INFO     | roostoo.api | API_REQUEST_OK | method=GET | label=ticker:BNB/USD | elapsed_ms=184
2026-10-06 07:45:41+0000 | INFO     | roostoo.api | API_REQUEST_START | method=GET | label=ticker:SUI/USD | path=/v3/ticker
2026-10-06 07:45:41+0000 | INFO     | roostoo.api | API_REQUEST_OK | method=GET | label=ticker:SUI/USD | elapsed_ms=185
2026-10-06 07:45:41+0000 | INFO     | roostoo.api | API_REQUEST_START | method=GET | label=ticker:BTC/USD | path=/v3/ticker
2026-10-06 07:45:41+0000 | INFO     | roostoo.api | API_REQUEST_OK | method=GET | label=ticker:BTC/USD | elapsed_ms=185
2026-10-06 07:45:41+0000 | INFO     | bot | LOOP_COMPLETE | elapsed_ms=1285
2026-10-06 07:46:40+0000 | INFO     | roostoo.api | API_REQUEST_START | method=GET | label=ticker:TRX/USD | path=/v3/ticker
2026-10-06 07:46:40+0000 | INFO     | roostoo.api | API_REQUEST_OK | method=GET | label=ticker:TRX/USD | elapsed_ms=187
2026-10-06 07:46:40+0000 | INFO     | roostoo.api | API_REQUEST_START | method=GET | label=ticker:AVAX/USD | path=/v3/ticker
2026-10-06 07:46:40+0000 | INFO     | roostoo.api | API_REQUEST_OK | method=GET | label=ticker:AVAX/USD | elapsed_ms=184
2026-10-06 07:46:40+0000 | INFO     | roostoo.api | API_REQUEST_START | method=GET | label=ticker:DOT/USD | path=/v3/ticker
2026-10-06 07:46:40+0000 | INFO     | roostoo.api | API_REQUEST_OK | method=GET | label=ticker:DOT/USD | elapsed_ms=172
2026-10-06 07:46:40+0000 | INFO     | roostoo.api | API_REQUEST_START | method=GET | label=ticker:BNB/USD | path=/v3/ticker
2026-10-06 07:46:41+0000 | INFO     | roostoo.api | API_REQUEST_OK | method=GET | label=ticker:BNB/USD | elapsed_ms=544
2026-10-06 07:46:41+0000 | INFO     | roostoo.api | API_REQUEST_START | method=GET | label=ticker:SUI/USD | path=/v3/ticker
2026-10-06 07:46:41+0000 | INFO     | roostoo.api | API_REQUEST_OK | method=GET | label=ticker:SUI/USD | elapsed_ms=186
2026-10-06 07:46:41+0000 | INFO     | roostoo.api | API_REQUEST_START | method=GET | label=ticker:BTC/USD | path=/v3/ticker
2026-10-06 07:46:41+0000 | INFO     | roostoo.api | API_REQUEST_OK | method=GET | label=ticker:BTC/USD | elapsed_ms=580
2026-10-06 07:46:41+0000 | INFO     | bot | LOOP_COMPLETE | elapsed_ms=1901
2026-10-06 07:47:40+0000 | INFO     | roostoo.api | API_REQUEST_START | method=GET | label=ticker:TRX/USD | path=/v3/ticker
2026-10-06 07:47:40+0000 | INFO     | roostoo.api | API_REQUEST_OK | method=GET | label=ticker:TRX/USD | elapsed_ms=172
2026-10-06 07:47:40+0000 | INFO     | roostoo.api | API_REQUEST_START | method=GET | label=ticker:AVAX/USD | path=/v3/ticker
2026-10-06 07:47:40+0000 | INFO     | roostoo.api | API_REQUEST_OK | method=GET | label=ticker:AVAX/USD | elapsed_ms=185
2026-10-06 07:47:40+0000 | INFO     | roostoo.api | API_REQUEST_START | method=GET | label=ticker:DOT/USD | path=/v3/ticker
2026-10-06 07:47:41+0000 | INFO     | roostoo.api | API_REQUEST_OK | method=GET | label=ticker:DOT/USD | elapsed_ms=543
2026-10-06 07:47:41+0000 | INFO     | roostoo.api | API_REQUEST_START | method=GET | label=ticker:BNB/USD | path=/v3/ticker
2026-10-06 07:47:41+0000 | INFO     | roostoo.api | API_REQUEST_OK | method=GET | label=ticker:BNB/USD | elapsed_ms=208
2026-10-06 07:47:41+0000 | INFO     | roostoo.api | API_REQUEST_START | method=GET | label=ticker:SUI/USD | path=/v3/ticker
2026-10-06 07:47:41+0000 | INFO     | roostoo.api | API_REQUEST_OK | method=GET | label=ticker:SUI/USD | elapsed_ms=172
2026-10-06 07:47:41+0000 | INFO     | roostoo.api | API_REQUEST_START | method=GET | label=ticker:BTC/USD | path=/v3/ticker
2026-10-06 07:47:41+0000 | INFO     | roostoo.api | API_REQUEST_OK | method=GET | label=ticker:BTC/USD | elapsed_ms=189
2026-10-06 07:47:41+0000 | INFO     | bot | LOOP_COMPLETE | elapsed_ms=1519
2026-10-06 07:48:40+0000 | INFO     | roostoo.api | API_REQUEST_START | method=GET | label=ticker:TRX/USD | path=/v3/ticker
2026-10-06 07:48:40+0000 | INFO     | roostoo.api | API_REQUEST_OK | method=GET | label=ticker:TRX/USD | elapsed_ms=173
2026-10-06 07:48:40+0000 | INFO     | roostoo.api | API_REQUEST_START | method=GET | label=ticker:AVAX/USD | path=/v3/ticker
2026-10-06 07:48:40+0000 | INFO     | roostoo.api | API_REQUEST_OK | method=GET | label=ticker:AVAX/USD | elapsed_ms=185
2026-10-06 07:48:40+0000 | INFO     | roostoo.api | API_REQUEST_START | method=GET | label=ticker:DOT/USD | path=/v3/ticker
2026-10-06 07:48:40+0000 | INFO     | roostoo.api | API_REQUEST_OK | method=GET | label=ticker:DOT/USD | elapsed_ms=186
2026-10-06 07:48:40+0000 | INFO     | roostoo.api | API_REQUEST_START | method=GET | label=ticker:BNB/USD | path=/v3/ticker
2026-10-06 07:48:40+0000 | INFO     | roostoo.api | API_REQUEST_OK | method=GET | label=ticker:BNB/USD | elapsed_ms=187
2026-10-06 07:48:40+0000 | INFO     | roostoo.api | API_REQUEST_START | method=GET | label=ticker:SUI/USD | path=/v3/ticker
2026-10-06 07:48:41+0000 | INFO     | roostoo.api | API_REQUEST_OK | method=GET | label=ticker:SUI/USD | elapsed_ms=187
2026-10-06 07:48:41+0000 | INFO     | roostoo.api | API_REQUEST_START | method=GET | label=ticker:BTC/USD | path=/v3/ticker
2026-10-06 07:48:41+0000 | INFO     | roostoo.api | API_REQUEST_OK | method=GET | label=ticker:BTC/USD | elapsed_ms=171
2026-10-06 07:48:41+0000 | INFO     | bot | LOOP_COMPLETE | elapsed_ms=1136
2026-10-06 07:49:40+0000 | INFO     | roostoo.api | API_REQUEST_START | method=GET | label=ticker:TRX/USD | path=/v3/ticker
2026-10-06 07:49:40+0000 | INFO     | roostoo.api | API_REQUEST_OK | method=GET | label=ticker:TRX/USD | elapsed_ms=173
2026-10-06 07:49:40+0000 | INFO     | roostoo.api | API_REQUEST_START | method=GET | label=ticker:AVAX/USD | path=/v3/ticker
2026-10-06 07:49:40+0000 | INFO     | roostoo.api | API_REQUEST_OK | method=GET | label=ticker:AVAX/USD | elapsed_ms=172
2026-10-06 07:49:40+0000 | INFO     | roostoo.api | API_REQUEST_START | method=GET | label=ticker:DOT/USD | path=/v3/ticker
2026-10-06 07:49:40+0000 | INFO     | roostoo.api | API_REQUEST_OK | method=GET | label=ticker:DOT/USD | elapsed_ms=199
2026-10-06 07:49:40+0000 | INFO     | roostoo.api | API_REQUEST_START | method=GET | label=ticker:BNB/USD | path=/v3/ticker
2026-10-06 07:49:40+0000 | INFO     | roostoo.api | API_REQUEST_OK | method=GET | label=ticker:BNB/USD | elapsed_ms=188
2026-10-06 07:49:40+0000 | INFO     | roostoo.api | API_REQUEST_START | method=GET | label=ticker:SUI/USD | path=/v3/ticker
2026-10-06 07:49:41+0000 | INFO     | roostoo.api | API_REQUEST_OK | method=GET | label=ticker:SUI/USD | elapsed_ms=199
2026-10-06 07:49:41+0000 | INFO     | roostoo.api | API_REQUEST_START | method=GET | label=ticker:BTC/USD | path=/v3/ticker
2026-10-06 07:49:41+0000 | INFO     | roostoo.api | API_REQUEST_OK | method=GET | label=ticker:BTC/USD | elapsed_ms=502
2026-10-06 07:49:41+0000 | INFO     | bot | LOOP_COMPLETE | elapsed_ms=1478
2026-10-06 07:50:40+0000 | INFO     | roostoo.api | API_REQUEST_START | method=GET | label=server_time | path=/v3/serverTime
2026-10-06 07:50:40+0000 | INFO     | roostoo.api | API_REQUEST_OK | method=GET | label=server_time | elapsed_ms=186
2026-10-06 07:50:40+0000 | INFO     | roostoo.api | SERVER_TIME_SYNC | offset_ms=101
2026-10-06 07:50:40+0000 | INFO     | roostoo.api | API_REQUEST_START | method=GET | label=ticker:TRX/USD | path=/v3/ticker
2026-10-06 07:50:40+0000 | INFO     | roostoo.api | API_REQUEST_OK | method=GET | label=ticker:TRX/USD | elapsed_ms=185
2026-10-06 07:50:40+0000 | INFO     | roostoo.api | API_REQUEST_START | method=GET | label=ticker:AVAX/USD | path=/v3/ticker
2026-10-06 07:50:40+0000 | INFO     | roostoo.api | API_REQUEST_OK | method=GET | label=ticker:AVAX/USD | elapsed_ms=187
2026-10-06 07:50:40+0000 | INFO     | roostoo.api | API_REQUEST_START | method=GET | label=ticker:DOT/USD | path=/v3/ticker
2026-10-06 07:50:40+0000 | INFO     | roostoo.api | API_REQUEST_OK | method=GET | label=ticker:DOT/USD | elapsed_ms=199
2026-10-06 07:50:40+0000 | INFO     | roostoo.api | API_REQUEST_START | method=GET | label=ticker:BNB/USD | path=/v3/ticker
2026-10-06 07:50:41+0000 | INFO     | roostoo.api | API_REQUEST_OK | method=GET | label=ticker:BNB/USD | elapsed_ms=197
2026-10-06 07:50:41+0000 | INFO     | roostoo.api | API_REQUEST_START | method=GET | label=ticker:SUI/USD | path=/v3/ticker
2026-10-06 07:50:41+0000 | INFO     | roostoo.api | API_REQUEST_OK | method=GET | label=ticker:SUI/USD | elapsed_ms=541
2026-10-06 07:50:41+0000 | INFO     | roostoo.api | API_REQUEST_START | method=GET | label=ticker:BTC/USD | path=/v3/ticker
2026-10-06 07:50:41+0000 | INFO     | roostoo.api | API_REQUEST_OK | method=GET | label=ticker:BTC/USD | elapsed_ms=187
2026-10-06 07:50:41+0000 | INFO     | bot | LOOP_COMPLETE | elapsed_ms=1736
2026-10-06 07:51:40+0000 | INFO     | roostoo.api | API_REQUEST_START | method=GET | label=ticker:TRX/USD | path=/v3/ticker
2026-10-06 07:51:40+0000 | INFO     | roostoo.api | API_REQUEST_OK | method=GET | label=ticker:TRX/USD | elapsed_ms=187
2026-10-06 07:51:40+0000 | INFO     | roostoo.api | API_REQUEST_START | method=GET | label=ticker:AVAX/USD | path=/v3/ticker
2026-10-06 07:51:40+0000 | INFO     | roostoo.api | API_REQUEST_OK | method=GET | label=ticker:AVAX/USD | elapsed_ms=187
2026-10-06 07:51:40+0000 | INFO     | roostoo.api | API_REQUEST_START | method=GET | label=ticker:DOT/USD | path=/v3/ticker
2026-10-06 07:51:40+0000 | INFO     | roostoo.api | API_REQUEST_OK | method=GET | label=ticker:DOT/USD | elapsed_ms=185
2026-10-06 07:51:40+0000 | INFO     | roostoo.api | API_REQUEST_START | method=GET | label=ticker:BNB/USD | path=/v3/ticker
2026-10-06 07:51:40+0000 | INFO     | roostoo.api | API_REQUEST_OK | method=GET | label=ticker:BNB/USD | elapsed_ms=172
2026-10-06 07:51:40+0000 | INFO     | roostoo.api | API_REQUEST_START | method=GET | label=ticker:SUI/USD | path=/v3/ticker
2026-10-06 07:51:41+0000 | INFO     | roostoo.api | API_REQUEST_OK | method=GET | label=ticker:SUI/USD | elapsed_ms=177
2026-10-06 07:51:41+0000 | INFO     | roostoo.api | API_REQUEST_START | method=GET | label=ticker:BTC/USD | path=/v3/ticker
2026-10-06 07:51:41+0000 | INFO     | roostoo.api | API_REQUEST_OK | method=GET | label=ticker:BTC/USD | elapsed_ms=173
2026-10-06 07:51:41+0000 | INFO     | bot | LOOP_COMPLETE | elapsed_ms=1129
2026-10-06 07:52:40+0000 | INFO     | roostoo.api | API_REQUEST_START | method=GET | label=ticker:TRX/USD | path=/v3/ticker
2026-10-06 07:52:40+0000 | INFO     | roostoo.api | API_REQUEST_OK | method=GET | label=ticker:TRX/USD | elapsed_ms=187
2026-10-06 07:52:40+0000 | INFO     | roostoo.api | API_REQUEST_START | method=GET | label=ticker:AVAX/USD | path=/v3/ticker
2026-10-06 07:52:40+0000 | INFO     | roostoo.api | API_REQUEST_OK | method=GET | label=ticker:AVAX/USD | elapsed_ms=186
2026-10-06 07:52:40+0000 | INFO     | roostoo.api | API_REQUEST_START | method=GET | label=ticker:DOT/USD | path=/v3/ticker
2026-10-06 07:52:40+0000 | INFO     | roostoo.api | API_REQUEST_OK | method=GET | label=ticker:DOT/USD | elapsed_ms=171
2026-10-06 07:52:40+0000 | INFO     | roostoo.api | API_REQUEST_START | method=GET | label=ticker:BNB/USD | path=/v3/ticker
2026-10-06 07:52:40+0000 | INFO     | roostoo.api | API_REQUEST_OK | method=GET | label=ticker:BNB/USD | elapsed_ms=185
2026-10-06 07:52:40+0000 | INFO     | roostoo.api | API_REQUEST_START | method=GET | label=ticker:SUI/USD | path=/v3/ticker
2026-10-06 07:52:41+0000 | INFO     | roostoo.api | API_REQUEST_OK | method=GET | label=ticker:SUI/USD | elapsed_ms=185
2026-10-06 07:52:41+0000 | INFO     | roostoo.api | API_REQUEST_START | method=GET | label=ticker:BTC/USD | path=/v3/ticker
2026-10-06 07:52:41+0000 | INFO     | roostoo.api | API_REQUEST_OK | method=GET | label=ticker:BTC/USD | elapsed_ms=502
2026-10-06 07:52:41+0000 | INFO     | bot | LOOP_COMPLETE | elapsed_ms=1463
2026-10-06 07:53:40+0000 | INFO     | roostoo.api | API_REQUEST_START | method=GET | label=ticker:TRX/USD | path=/v3/ticker
2026-10-06 07:53:40+0000 | INFO     | roostoo.api | API_REQUEST_OK | method=GET | label=ticker:TRX/USD | elapsed_ms=187
2026-10-06 07:53:40+0000 | INFO     | roostoo.api | API_REQUEST_START | method=GET | label=ticker:AVAX/USD | path=/v3/ticker
2026-10-06 07:53:40+0000 | INFO     | roostoo.api | API_REQUEST_OK | method=GET | label=ticker:AVAX/USD | elapsed_ms=172
2026-10-06 07:53:40+0000 | INFO     | roostoo.api | API_REQUEST_START | method=GET | label=ticker:DOT/USD | path=/v3/ticker
2026-10-06 07:53:40+0000 | INFO     | roostoo.api | API_REQUEST_OK | method=GET | label=ticker:DOT/USD | elapsed_ms=503
2026-10-06 07:53:40+0000 | INFO     | roostoo.api | API_REQUEST_START | method=GET | label=ticker:BNB/USD | path=/v3/ticker
2026-10-06 07:53:41+0000 | INFO     | roostoo.api | API_REQUEST_OK | method=GET | label=ticker:BNB/USD | elapsed_ms=185
2026-10-06 07:53:41+0000 | INFO     | roostoo.api | API_REQUEST_START | method=GET | label=ticker:SUI/USD | path=/v3/ticker
2026-10-06 07:53:41+0000 | INFO     | roostoo.api | API_REQUEST_OK | method=GET | label=ticker:SUI/USD | elapsed_ms=501
2026-10-06 07:53:41+0000 | INFO     | roostoo.api | API_REQUEST_START | method=GET | label=ticker:BTC/USD | path=/v3/ticker
2026-10-06 07:53:41+0000 | INFO     | roostoo.api | API_REQUEST_OK | method=GET | label=ticker:BTC/USD | elapsed_ms=184
2026-10-06 07:53:41+0000 | INFO     | bot | LOOP_COMPLETE | elapsed_ms=1783
2026-10-06 07:54:40+0000 | INFO     | roostoo.api | API_REQUEST_START | method=GET | label=ticker:TRX/USD | path=/v3/ticker
2026-10-06 07:54:40+0000 | INFO     | roostoo.api | API_REQUEST_OK | method=GET | label=ticker:TRX/USD | elapsed_ms=173
2026-10-06 07:54:40+0000 | INFO     | roostoo.api | API_REQUEST_START | method=GET | label=ticker:AVAX/USD | path=/v3/ticker
2026-10-06 07:54:40+0000 | INFO     | roostoo.api | API_REQUEST_OK | method=GET | label=ticker:AVAX/USD | elapsed_ms=187
2026-10-06 07:54:40+0000 | INFO     | roostoo.api | API_REQUEST_START | method=GET | label=ticker:DOT/USD | path=/v3/ticker
2026-10-06 07:54:40+0000 | INFO     | roostoo.api | API_REQUEST_OK | method=GET | label=ticker:DOT/USD | elapsed_ms=186
2026-10-06 07:54:40+0000 | INFO     | roostoo.api | API_REQUEST_START | method=GET | label=ticker:BNB/USD | path=/v3/ticker
2026-10-06 07:54:40+0000 | INFO     | roostoo.api | API_REQUEST_OK | method=GET | label=ticker:BNB/USD | elapsed_ms=185
2026-10-06 07:54:40+0000 | INFO     | roostoo.api | API_REQUEST_START | method=GET | label=ticker:SUI/USD | path=/v3/ticker
2026-10-06 07:54:41+0000 | INFO     | roostoo.api | API_REQUEST_OK | method=GET | label=ticker:SUI/USD | elapsed_ms=184
2026-10-06 07:54:41+0000 | INFO     | roostoo.api | API_REQUEST_START | method=GET | label=ticker:BTC/USD | path=/v3/ticker
2026-10-06 07:54:41+0000 | INFO     | roostoo.api | API_REQUEST_OK | method=GET | label=ticker:BTC/USD | elapsed_ms=184
2026-10-06 07:54:41+0000 | INFO     | bot | LOOP_COMPLETE | elapsed_ms=1145
2026-10-06 07:55:40+0000 | INFO     | roostoo.api | API_REQUEST_START | method=GET | label=ticker:TRX/USD | path=/v3/ticker
2026-10-06 07:55:40+0000 | INFO     | roostoo.api | API_REQUEST_OK | method=GET | label=ticker:TRX/USD | elapsed_ms=173
2026-10-06 07:55:40+0000 | INFO     | roostoo.api | API_REQUEST_START | method=GET | label=ticker:AVAX/USD | path=/v3/ticker
2026-10-06 07:55:40+0000 | INFO     | roostoo.api | API_REQUEST_OK | method=GET | label=ticker:AVAX/USD | elapsed_ms=172
2026-10-06 07:55:40+0000 | INFO     | roostoo.api | API_REQUEST_START | method=GET | label=server_time | path=/v3/serverTime
2026-10-06 07:55:40+0000 | INFO     | roostoo.api | API_REQUEST_OK | method=GET | label=server_time | elapsed_ms=173
2026-10-06 07:55:40+0000 | INFO     | roostoo.api | SERVER_TIME_SYNC | offset_ms=88
2026-10-06 07:55:40+0000 | INFO     | roostoo.api | API_REQUEST_START | method=GET | label=ticker:DOT/USD | path=/v3/ticker
2026-10-06 07:55:40+0000 | INFO     | roostoo.api | API_REQUEST_OK | method=GET | label=ticker:DOT/USD | elapsed_ms=198
2026-10-06 07:55:40+0000 | INFO     | roostoo.api | API_REQUEST_START | method=GET | label=ticker:BNB/USD | path=/v3/ticker
2026-10-06 07:55:41+0000 | INFO     | roostoo.api | API_REQUEST_OK | method=GET | label=ticker:BNB/USD | elapsed_ms=500
2026-10-06 07:55:41+0000 | INFO     | roostoo.api | API_REQUEST_START | method=GET | label=ticker:SUI/USD | path=/v3/ticker
2026-10-06 07:55:41+0000 | INFO     | roostoo.api | API_REQUEST_OK | method=GET | label=ticker:SUI/USD | elapsed_ms=542
2026-10-06 07:55:41+0000 | INFO     | roostoo.api | API_REQUEST_START | method=GET | label=ticker:BTC/USD | path=/v3/ticker
2026-10-06 07:55:42+0000 | INFO     | roostoo.api | API_REQUEST_OK | method=GET | label=ticker:BTC/USD | elapsed_ms=198
2026-10-06 07:55:42+0000 | INFO     | bot | LOOP_COMPLETE | elapsed_ms=2007
2026-10-06 07:56:40+0000 | INFO     | roostoo.api | API_REQUEST_START | method=GET | label=ticker:TRX/USD | path=/v3/ticker
2026-10-06 07:56:40+0000 | INFO     | roostoo.api | API_REQUEST_OK | method=GET | label=ticker:TRX/USD | elapsed_ms=174
2026-10-06 07:56:40+0000 | INFO     | roostoo.api | API_REQUEST_START | method=GET | label=ticker:AVAX/USD | path=/v3/ticker
2026-10-06 07:56:40+0000 | INFO     | roostoo.api | API_REQUEST_OK | method=GET | label=ticker:AVAX/USD | elapsed_ms=172
2026-10-06 07:56:40+0000 | INFO     | roostoo.api | API_REQUEST_START | method=GET | label=ticker:DOT/USD | path=/v3/ticker
2026-10-06 07:56:40+0000 | INFO     | roostoo.api | API_REQUEST_OK | method=GET | label=ticker:DOT/USD | elapsed_ms=502
2026-10-06 07:56:40+0000 | INFO     | roostoo.api | API_REQUEST_START | method=GET | label=ticker:BNB/USD | path=/v3/ticker
2026-10-06 07:56:41+0000 | INFO     | roostoo.api | API_REQUEST_OK | method=GET | label=ticker:BNB/USD | elapsed_ms=172
2026-10-06 07:56:41+0000 | INFO     | roostoo.api | API_REQUEST_START | method=GET | label=ticker:SUI/USD | path=/v3/ticker
2026-10-06 07:56:41+0000 | INFO     | roostoo.api | API_REQUEST_OK | method=GET | label=ticker:SUI/USD | elapsed_ms=502
2026-10-06 07:56:41+0000 | INFO     | roostoo.api | API_REQUEST_START | method=GET | label=ticker:BTC/USD | path=/v3/ticker
2026-10-06 07:56:42+0000 | INFO     | roostoo.api | API_REQUEST_OK | method=GET | label=ticker:BTC/USD | elapsed_ms=544
2026-10-06 07:56:42+0000 | INFO     | bot | LOOP_COMPLETE | elapsed_ms=2115
2026-10-06 07:57:40+0000 | INFO     | roostoo.api | API_REQUEST_START | method=GET | label=ticker:TRX/USD | path=/v3/ticker
2026-10-06 07:57:40+0000 | INFO     | roostoo.api | API_REQUEST_OK | method=GET | label=ticker:TRX/USD | elapsed_ms=224
2026-10-06 07:57:40+0000 | INFO     | roostoo.api | API_REQUEST_START | method=GET | label=ticker:AVAX/USD | path=/v3/ticker
2026-10-06 07:57:40+0000 | INFO     | roostoo.api | API_REQUEST_OK | method=GET | label=ticker:AVAX/USD | elapsed_ms=172
2026-10-06 07:57:40+0000 | INFO     | roostoo.api | API_REQUEST_START | method=GET | label=ticker:DOT/USD | path=/v3/ticker
2026-10-06 07:57:40+0000 | INFO     | roostoo.api | API_REQUEST_OK | method=GET | label=ticker:DOT/USD | elapsed_ms=185
2026-10-06 07:57:40+0000 | INFO     | roostoo.api | API_REQUEST_START | method=GET | label=ticker:BNB/USD | path=/v3/ticker
2026-10-06 07:57:41+0000 | INFO     | roostoo.api | API_REQUEST_OK | method=GET | label=ticker:BNB/USD | elapsed_ms=583
2026-10-06 07:57:41+0000 | INFO     | roostoo.api | API_REQUEST_START | method=GET | label=ticker:SUI/USD | path=/v3/ticker
2026-10-06 07:57:41+0000 | INFO     | roostoo.api | API_REQUEST_OK | method=GET | label=ticker:SUI/USD | elapsed_ms=185
2026-10-06 07:57:41+0000 | INFO     | roostoo.api | API_REQUEST_START | method=GET | label=ticker:BTC/USD | path=/v3/ticker
2026-10-06 07:57:41+0000 | INFO     | roostoo.api | API_REQUEST_OK | method=GET | label=ticker:BTC/USD | elapsed_ms=198
2026-10-06 07:57:41+0000 | INFO     | bot | LOOP_COMPLETE | elapsed_ms=1595
2026-10-06 07:58:40+0000 | INFO     | roostoo.api | API_REQUEST_START | method=GET | label=ticker:TRX/USD | path=/v3/ticker
2026-10-06 07:58:40+0000 | INFO     | roostoo.api | API_REQUEST_OK | method=GET | label=ticker:TRX/USD | elapsed_ms=186
2026-10-06 07:58:40+0000 | INFO     | roostoo.api | API_REQUEST_START | method=GET | label=ticker:AVAX/USD | path=/v3/ticker
2026-10-06 07:58:40+0000 | INFO     | roostoo.api | API_REQUEST_OK | method=GET | label=ticker:AVAX/USD | elapsed_ms=186
2026-10-06 07:58:40+0000 | INFO     | roostoo.api | API_REQUEST_START | method=GET | label=ticker:DOT/USD | path=/v3/ticker
2026-10-06 07:58:40+0000 | INFO     | roostoo.api | API_REQUEST_OK | method=GET | label=ticker:DOT/USD | elapsed_ms=173
2026-10-06 07:58:40+0000 | INFO     | roostoo.api | API_REQUEST_START | method=GET | label=ticker:BNB/USD | path=/v3/ticker
2026-10-06 07:58:41+0000 | INFO     | roostoo.api | API_REQUEST_OK | method=GET | label=ticker:BNB/USD | elapsed_ms=541
2026-10-06 07:58:41+0000 | INFO     | roostoo.api | API_REQUEST_START | method=GET | label=ticker:SUI/USD | path=/v3/ticker
2026-10-06 07:58:41+0000 | INFO     | roostoo.api | API_REQUEST_OK | method=GET | label=ticker:SUI/USD | elapsed_ms=172
2026-10-06 07:58:41+0000 | INFO     | roostoo.api | API_REQUEST_START | method=GET | label=ticker:BTC/USD | path=/v3/ticker
2026-10-06 07:58:41+0000 | INFO     | roostoo.api | API_REQUEST_OK | method=GET | label=ticker:BTC/USD | elapsed_ms=543
2026-10-06 07:58:41+0000 | INFO     | bot | LOOP_COMPLETE | elapsed_ms=1851
2026-10-06 07:59:40+0000 | INFO     | roostoo.api | API_REQUEST_START | method=GET | label=ticker:TRX/USD | path=/v3/ticker
2026-10-06 07:59:40+0000 | INFO     | roostoo.api | API_REQUEST_OK | method=GET | label=ticker:TRX/USD | elapsed_ms=186
2026-10-06 07:59:40+0000 | INFO     | roostoo.api | API_REQUEST_START | method=GET | label=ticker:AVAX/USD | path=/v3/ticker
2026-10-06 07:59:40+0000 | INFO     | roostoo.api | API_REQUEST_OK | method=GET | label=ticker:AVAX/USD | elapsed_ms=184
2026-10-06 07:59:40+0000 | INFO     | roostoo.api | API_REQUEST_START | method=GET | label=ticker:DOT/USD | path=/v3/ticker
2026-10-06 07:59:40+0000 | INFO     | roostoo.api | API_REQUEST_OK | method=GET | label=ticker:DOT/USD | elapsed_ms=171
2026-10-06 07:59:40+0000 | INFO     | roostoo.api | API_REQUEST_START | method=GET | label=ticker:BNB/USD | path=/v3/ticker
2026-10-06 07:59:40+0000 | INFO     | roostoo.api | API_REQUEST_OK | method=GET | label=ticker:BNB/USD | elapsed_ms=186
2026-10-06 07:59:40+0000 | INFO     | roostoo.api | API_REQUEST_START | method=GET | label=ticker:SUI/USD | path=/v3/ticker
2026-10-06 07:59:41+0000 | INFO     | roostoo.api | API_REQUEST_OK | method=GET | label=ticker:SUI/USD | elapsed_ms=542
2026-10-06 07:59:41+0000 | INFO     | roostoo.api | API_REQUEST_START | method=GET | label=ticker:BTC/USD | path=/v3/ticker
2026-10-06 07:59:41+0000 | INFO     | roostoo.api | API_REQUEST_OK | method=GET | label=ticker:BTC/USD | elapsed_ms=186
2026-10-06 07:59:41+0000 | INFO     | bot | LOOP_COMPLETE | elapsed_ms=1504
2026-10-06 08:00:40+0000 | INFO     | roostoo.api | API_REQUEST_START | method=GET | label=ticker:TRX/USD | path=/v3/ticker
2026-10-06 08:00:40+0000 | INFO     | roostoo.api | API_REQUEST_OK | method=GET | label=ticker:TRX/USD | elapsed_ms=174
2026-10-06 08:00:40+0000 | INFO     | bot | SIGNAL_CANDLE | pair=TRX/USD | candle=1791270000000 | signal=0 | fast=0.33615017 | slow=0.33600720
2026-10-06 08:00:40+0000 | WARNING  | bot | SIGNAL_EXECUTION | pair=TRX/USD | signal_candle=1791270000000 | execution_hour=1791273600000 | price=0.3367 | action=HOLD | reason=NONE | fast=0.33615017 | slow=0.33600720
2026-10-06 08:00:40+0000 | INFO     | roostoo.api | API_REQUEST_START | method=GET | label=ticker:AVAX/USD | path=/v3/ticker
2026-10-06 08:00:40+0000 | INFO     | roostoo.api | API_REQUEST_OK | method=GET | label=ticker:AVAX/USD | elapsed_ms=171
2026-10-06 08:00:40+0000 | INFO     | bot | SIGNAL_CANDLE | pair=AVAX/USD | candle=1791270000000 | signal=0 | fast=11.08536361 | slow=11.05566233
2026-10-06 08:00:40+0000 | WARNING  | bot | SIGNAL_EXECUTION | pair=AVAX/USD | signal_candle=1791270000000 | execution_hour=1791273600000 | price=11.355 | action=HOLD | reason=NONE | fast=11.08536361 | slow=11.05566233
2026-10-06 08:00:40+0000 | INFO     | roostoo.api | API_REQUEST_START | method=GET | label=ticker:DOT/USD | path=/v3/ticker
2026-10-06 08:00:41+0000 | INFO     | roostoo.api | API_REQUEST_OK | method=GET | label=ticker:DOT/USD | elapsed_ms=505
2026-10-06 08:00:41+0000 | INFO     | bot | SIGNAL_CANDLE | pair=DOT/USD | candle=1791270000000 | signal=0 | fast=1.21628492 | slow=1.20985601
2026-10-06 08:00:41+0000 | WARNING  | bot | SIGNAL_EXECUTION | pair=DOT/USD | signal_candle=1791270000000 | execution_hour=1791273600000 | price=1.238 | action=HOLD | reason=NONE | fast=1.21628492 | slow=1.20985601
2026-10-06 08:00:41+0000 | INFO     | roostoo.api | API_REQUEST_START | method=GET | label=server_time | path=/v3/serverTime
2026-10-06 08:00:41+0000 | INFO     | roostoo.api | API_REQUEST_OK | method=GET | label=server_time | elapsed_ms=172
2026-10-06 08:00:41+0000 | INFO     | roostoo.api | SERVER_TIME_SYNC | offset_ms=87
2026-10-06 08:00:41+0000 | INFO     | roostoo.api | API_REQUEST_START | method=GET | label=ticker:BNB/USD | path=/v3/ticker
2026-10-06 08:00:41+0000 | INFO     | roostoo.api | API_REQUEST_OK | method=GET | label=ticker:BNB/USD | elapsed_ms=504
2026-10-06 08:00:41+0000 | INFO     | bot | SIGNAL_CANDLE | pair=BNB/USD | candle=1791270000000 | signal=0 | fast=785.85813971 | slow=785.23310248
2026-10-06 08:00:41+0000 | WARNING  | bot | SIGNAL_EXECUTION | pair=BNB/USD | signal_candle=1791270000000 | execution_hour=1791273600000 | price=779.96 | action=HOLD | reason=NONE | fast=785.85813971 | slow=785.23310248
2026-10-06 08:00:41+0000 | INFO     | roostoo.api | API_REQUEST_START | method=GET | label=ticker:SUI/USD | path=/v3/ticker
2026-10-06 08:00:41+0000 | INFO     | roostoo.api | API_REQUEST_OK | method=GET | label=ticker:SUI/USD | elapsed_ms=171
2026-10-06 08:00:41+0000 | INFO     | bot | SIGNAL_CANDLE | pair=SUI/USD | candle=1791270000000 | signal=0 | fast=1.20415072 | slow=1.20070438
2026-10-06 08:00:41+0000 | WARNING  | bot | SIGNAL_EXECUTION | pair=SUI/USD | signal_candle=1791270000000 | execution_hour=1791273600000 | price=1.194 | action=HOLD | reason=NONE | fast=1.20415072 | slow=1.20070438
2026-10-06 08:00:41+0000 | INFO     | roostoo.api | API_REQUEST_START | method=GET | label=ticker:BTC/USD | path=/v3/ticker
2026-10-06 08:00:42+0000 | INFO     | roostoo.api | API_REQUEST_OK | method=GET | label=ticker:BTC/USD | elapsed_ms=544
2026-10-06 08:00:42+0000 | INFO     | bot | SIGNAL_CANDLE | pair=BTC/USD | candle=1791270000000 | signal=0 | fast=85668.11349427 | slow=85548.68715752
2026-10-06 08:00:42+0000 | WARNING  | bot | SIGNAL_EXECUTION | pair=BTC/USD | signal_candle=1791270000000 | execution_hour=1791273600000 | price=85580.1 | action=HOLD | reason=NONE | fast=85668.11349427 | slow=85548.68715752
2026-10-06 08:00:42+0000 | INFO     | bot | LOOP_COMPLETE | elapsed_ms=2344
2026-10-06 08:01:40+0000 | INFO     | roostoo.api | API_REQUEST_START | method=GET | label=ticker:TRX/USD | path=/v3/ticker
2026-10-06 08:01:40+0000 | INFO     | roostoo.api | API_REQUEST_OK | method=GET | label=ticker:TRX/USD | elapsed_ms=172
2026-10-06 08:01:40+0000 | INFO     | roostoo.api | API_REQUEST_START | method=GET | label=ticker:AVAX/USD | path=/v3/ticker
2026-10-06 08:01:40+0000 | INFO     | roostoo.api | API_REQUEST_OK | method=GET | label=ticker:AVAX/USD | elapsed_ms=171
2026-10-06 08:01:40+0000 | INFO     | roostoo.api | API_REQUEST_START | method=GET | label=ticker:DOT/USD | path=/v3/ticker
2026-10-06 08:01:40+0000 | INFO     | roostoo.api | API_REQUEST_OK | method=GET | label=ticker:DOT/USD | elapsed_ms=542
2026-10-06 08:01:40+0000 | INFO     | roostoo.api | API_REQUEST_START | method=GET | label=ticker:BNB/USD | path=/v3/ticker
2026-10-06 08:01:41+0000 | INFO     | roostoo.api | API_REQUEST_OK | method=GET | label=ticker:BNB/USD | elapsed_ms=173
2026-10-06 08:01:41+0000 | INFO     | roostoo.api | API_REQUEST_START | method=GET | label=ticker:SUI/USD | path=/v3/ticker
2026-10-06 08:01:41+0000 | INFO     | roostoo.api | API_REQUEST_OK | method=GET | label=ticker:SUI/USD | elapsed_ms=539
2026-10-06 08:01:41+0000 | INFO     | roostoo.api | API_REQUEST_START | method=GET | label=ticker:BTC/USD | path=/v3/ticker
2026-10-06 08:01:41+0000 | INFO     | roostoo.api | API_REQUEST_OK | method=GET | label=ticker:BTC/USD | elapsed_ms=184
2026-10-06 08:01:41+0000 | INFO     | bot | LOOP_COMPLETE | elapsed_ms=1829
2026-10-06 08:02:40+0000 | INFO     | roostoo.api | API_REQUEST_START | method=GET | label=ticker:TRX/USD | path=/v3/ticker
2026-10-06 08:02:40+0000 | INFO     | roostoo.api | API_REQUEST_OK | method=GET | label=ticker:TRX/USD | elapsed_ms=205
2026-10-06 08:02:40+0000 | INFO     | roostoo.api | API_REQUEST_START | method=GET | label=ticker:AVAX/USD | path=/v3/ticker
2026-10-06 08:02:40+0000 | INFO     | roostoo.api | API_REQUEST_OK | method=GET | label=ticker:AVAX/USD | elapsed_ms=198
2026-10-06 08:02:40+0000 | INFO     | roostoo.api | API_REQUEST_START | method=GET | label=ticker:DOT/USD | path=/v3/ticker
2026-10-06 08:02:40+0000 | INFO     | roostoo.api | API_REQUEST_OK | method=GET | label=ticker:DOT/USD | elapsed_ms=182
2026-10-06 08:02:40+0000 | INFO     | roostoo.api | API_REQUEST_START | method=GET | label=ticker:BNB/USD | path=/v3/ticker
2026-10-06 08:02:40+0000 | INFO     | roostoo.api | API_REQUEST_OK | method=GET | label=ticker:BNB/USD | elapsed_ms=176
2026-10-06 08:02:40+0000 | INFO     | roostoo.api | API_REQUEST_START | method=GET | label=ticker:SUI/USD | path=/v3/ticker
2026-10-06 08:02:41+0000 | INFO     | roostoo.api | API_REQUEST_OK | method=GET | label=ticker:SUI/USD | elapsed_ms=174
2026-10-06 08:02:41+0000 | INFO     | roostoo.api | API_REQUEST_START | method=GET | label=ticker:BTC/USD | path=/v3/ticker
2026-10-06 08:02:41+0000 | INFO     | roostoo.api | API_REQUEST_OK | method=GET | label=ticker:BTC/USD | elapsed_ms=174
2026-10-06 08:02:41+0000 | INFO     | bot | LOOP_COMPLETE | elapsed_ms=1169
2026-10-06 08:03:40+0000 | INFO     | roostoo.api | API_REQUEST_START | method=GET | label=ticker:TRX/USD | path=/v3/ticker
2026-10-06 08:03:40+0000 | INFO     | roostoo.api | API_REQUEST_OK | method=GET | label=ticker:TRX/USD | elapsed_ms=174
2026-10-06 08:03:40+0000 | INFO     | roostoo.api | API_REQUEST_START | method=GET | label=ticker:AVAX/USD | path=/v3/ticker
2026-10-06 08:03:40+0000 | INFO     | roostoo.api | API_REQUEST_OK | method=GET | label=ticker:AVAX/USD | elapsed_ms=172
2026-10-06 08:03:40+0000 | INFO     | roostoo.api | API_REQUEST_START | method=GET | label=ticker:DOT/USD | path=/v3/ticker
2026-10-06 08:03:40+0000 | INFO     | roostoo.api | API_REQUEST_OK | method=GET | label=ticker:DOT/USD | elapsed_ms=186
2026-10-06 08:03:40+0000 | INFO     | roostoo.api | API_REQUEST_START | method=GET | label=ticker:BNB/USD | path=/v3/ticker
2026-10-06 08:03:40+0000 | INFO     | roostoo.api | API_REQUEST_OK | method=GET | label=ticker:BNB/USD | elapsed_ms=185
2026-10-06 08:03:40+0000 | INFO     | roostoo.api | API_REQUEST_START | method=GET | label=ticker:SUI/USD | path=/v3/ticker
2026-10-06 08:03:41+0000 | INFO     | roostoo.api | API_REQUEST_OK | method=GET | label=ticker:SUI/USD | elapsed_ms=187
2026-10-06 08:03:41+0000 | INFO     | roostoo.api | API_REQUEST_START | method=GET | label=ticker:BTC/USD | path=/v3/ticker
2026-10-06 08:03:41+0000 | INFO     | roostoo.api | API_REQUEST_OK | method=GET | label=ticker:BTC/USD | elapsed_ms=501
2026-10-06 08:03:41+0000 | INFO     | bot | LOOP_COMPLETE | elapsed_ms=1454
2026-10-06 08:04:40+0000 | INFO     | roostoo.api | API_REQUEST_START | method=GET | label=ticker:TRX/USD | path=/v3/ticker
2026-10-06 08:04:40+0000 | INFO     | roostoo.api | API_REQUEST_OK | method=GET | label=ticker:TRX/USD | elapsed_ms=173
2026-10-06 08:04:40+0000 | INFO     | roostoo.api | API_REQUEST_START | method=GET | label=ticker:AVAX/USD | path=/v3/ticker
2026-10-06 08:04:40+0000 | INFO     | roostoo.api | API_REQUEST_OK | method=GET | label=ticker:AVAX/USD | elapsed_ms=171
2026-10-06 08:04:40+0000 | INFO     | roostoo.api | API_REQUEST_START | method=GET | label=ticker:DOT/USD | path=/v3/ticker
2026-10-06 08:04:40+0000 | INFO     | roostoo.api | API_REQUEST_OK | method=GET | label=ticker:DOT/USD | elapsed_ms=171
2026-10-06 08:04:40+0000 | INFO     | roostoo.api | API_REQUEST_START | method=GET | label=ticker:BNB/USD | path=/v3/ticker
2026-10-06 08:04:40+0000 | INFO     | roostoo.api | API_REQUEST_OK | method=GET | label=ticker:BNB/USD | elapsed_ms=186
2026-10-06 08:04:40+0000 | INFO     | roostoo.api | API_REQUEST_START | method=GET | label=ticker:SUI/USD | path=/v3/ticker
2026-10-06 08:04:41+0000 | INFO     | roostoo.api | API_REQUEST_OK | method=GET | label=ticker:SUI/USD | elapsed_ms=501
2026-10-06 08:04:41+0000 | INFO     | roostoo.api | API_REQUEST_START | method=GET | label=ticker:BTC/USD | path=/v3/ticker
2026-10-06 08:04:41+0000 | INFO     | roostoo.api | API_REQUEST_OK | method=GET | label=ticker:BTC/USD | elapsed_ms=185
2026-10-06 08:04:41+0000 | INFO     | bot | LOOP_COMPLETE | elapsed_ms=1440
2026-10-06 08:05:40+0000 | INFO     | roostoo.api | API_REQUEST_START | method=GET | label=ticker:TRX/USD | path=/v3/ticker
2026-10-06 08:05:40+0000 | INFO     | roostoo.api | API_REQUEST_OK | method=GET | label=ticker:TRX/USD | elapsed_ms=173
2026-10-06 08:05:40+0000 | INFO     | roostoo.api | API_REQUEST_START | method=GET | label=ticker:AVAX/USD | path=/v3/ticker
2026-10-06 08:05:40+0000 | INFO     | roostoo.api | API_REQUEST_OK | method=GET | label=ticker:AVAX/USD | elapsed_ms=172
2026-10-06 08:05:40+0000 | INFO     | roostoo.api | API_REQUEST_START | method=GET | label=ticker:DOT/USD | path=/v3/ticker
2026-10-06 08:05:40+0000 | INFO     | roostoo.api | API_REQUEST_OK | method=GET | label=ticker:DOT/USD | elapsed_ms=187
2026-10-06 08:05:40+0000 | INFO     | roostoo.api | API_REQUEST_START | method=GET | label=ticker:BNB/USD | path=/v3/ticker
2026-10-06 08:05:40+0000 | INFO     | roostoo.api | API_REQUEST_OK | method=GET | label=ticker:BNB/USD | elapsed_ms=185
2026-10-06 08:05:40+0000 | INFO     | roostoo.api | API_REQUEST_START | method=GET | label=ticker:SUI/USD | path=/v3/ticker
2026-10-06 08:05:41+0000 | INFO     | roostoo.api | API_REQUEST_OK | method=GET | label=ticker:SUI/USD | elapsed_ms=172
2026-10-06 08:05:41+0000 | INFO     | roostoo.api | API_REQUEST_START | method=GET | label=ticker:BTC/USD | path=/v3/ticker
2026-10-06 08:05:41+0000 | INFO     | roostoo.api | API_REQUEST_OK | method=GET | label=ticker:BTC/USD | elapsed_ms=502
2026-10-06 08:05:41+0000 | INFO     | bot | LOOP_COMPLETE | elapsed_ms=1439
2026-10-06 08:06:40+0000 | INFO     | roostoo.api | API_REQUEST_START | method=GET | label=server_time | path=/v3/serverTime
2026-10-06 08:06:40+0000 | INFO     | roostoo.api | API_REQUEST_OK | method=GET | label=server_time | elapsed_ms=186
2026-10-06 08:06:40+0000 | INFO     | roostoo.api | SERVER_TIME_SYNC | offset_ms=101
2026-10-06 08:06:40+0000 | INFO     | roostoo.api | API_REQUEST_START | method=GET | label=ticker:TRX/USD | path=/v3/ticker
2026-10-06 08:06:40+0000 | INFO     | roostoo.api | API_REQUEST_OK | method=GET | label=ticker:TRX/USD | elapsed_ms=185
2026-10-06 08:06:40+0000 | INFO     | roostoo.api | API_REQUEST_START | method=GET | label=ticker:AVAX/USD | path=/v3/ticker
2026-10-06 08:06:40+0000 | INFO     | roostoo.api | API_REQUEST_OK | method=GET | label=ticker:AVAX/USD | elapsed_ms=173
2026-10-06 08:06:40+0000 | INFO     | roostoo.api | API_REQUEST_START | method=GET | label=ticker:DOT/USD | path=/v3/ticker
2026-10-06 08:06:40+0000 | INFO     | roostoo.api | API_REQUEST_OK | method=GET | label=ticker:DOT/USD | elapsed_ms=185
2026-10-06 08:06:40+0000 | INFO     | roostoo.api | API_REQUEST_START | method=GET | label=ticker:BNB/USD | path=/v3/ticker
2026-10-06 08:06:41+0000 | INFO     | roostoo.api | API_REQUEST_OK | method=GET | label=ticker:BNB/USD | elapsed_ms=172
2026-10-06 08:06:41+0000 | INFO     | roostoo.api | API_REQUEST_START | method=GET | label=ticker:SUI/USD | path=/v3/ticker
2026-10-06 08:06:41+0000 | INFO     | roostoo.api | API_REQUEST_OK | method=GET | label=ticker:SUI/USD | elapsed_ms=172
2026-10-06 08:06:41+0000 | INFO     | roostoo.api | API_REQUEST_START | method=GET | label=ticker:BTC/USD | path=/v3/ticker
2026-10-06 08:06:41+0000 | INFO     | roostoo.api | API_REQUEST_OK | method=GET | label=ticker:BTC/USD | elapsed_ms=581
2026-10-06 08:06:41+0000 | INFO     | bot | LOOP_COMPLETE | elapsed_ms=1704
2026-10-06 08:07:40+0000 | INFO     | roostoo.api | API_REQUEST_START | method=GET | label=ticker:TRX/USD | path=/v3/ticker
2026-10-06 08:07:40+0000 | INFO     | roostoo.api | API_REQUEST_OK | method=GET | label=ticker:TRX/USD | elapsed_ms=172
2026-10-06 08:07:40+0000 | INFO     | roostoo.api | API_REQUEST_START | method=GET | label=ticker:AVAX/USD | path=/v3/ticker
2026-10-06 08:07:40+0000 | INFO     | roostoo.api | API_REQUEST_OK | method=GET | label=ticker:AVAX/USD | elapsed_ms=185
2026-10-06 08:07:40+0000 | INFO     | roostoo.api | API_REQUEST_START | method=GET | label=ticker:DOT/USD | path=/v3/ticker
2026-10-06 08:07:41+0000 | INFO     | roostoo.api | API_REQUEST_OK | method=GET | label=ticker:DOT/USD | elapsed_ms=546
2026-10-06 08:07:41+0000 | INFO     | roostoo.api | API_REQUEST_START | method=GET | label=ticker:BNB/USD | path=/v3/ticker
2026-10-06 08:07:41+0000 | INFO     | roostoo.api | API_REQUEST_OK | method=GET | label=ticker:BNB/USD | elapsed_ms=190
2026-10-06 08:07:41+0000 | INFO     | roostoo.api | API_REQUEST_START | method=GET | label=ticker:SUI/USD | path=/v3/ticker
2026-10-06 08:07:41+0000 | INFO     | roostoo.api | API_REQUEST_OK | method=GET | label=ticker:SUI/USD | elapsed_ms=503
2026-10-06 08:07:41+0000 | INFO     | roostoo.api | API_REQUEST_START | method=GET | label=ticker:BTC/USD | path=/v3/ticker
2026-10-06 08:07:41+0000 | INFO     | roostoo.api | API_REQUEST_OK | method=GET | label=ticker:BTC/USD | elapsed_ms=199
2026-10-06 08:07:41+0000 | INFO     | bot | LOOP_COMPLETE | elapsed_ms=1844
2026-10-06 08:08:40+0000 | INFO     | roostoo.api | API_REQUEST_START | method=GET | label=ticker:TRX/USD | path=/v3/ticker
2026-10-06 08:08:40+0000 | INFO     | roostoo.api | API_REQUEST_OK | method=GET | label=ticker:TRX/USD | elapsed_ms=186
2026-10-06 08:08:40+0000 | INFO     | roostoo.api | API_REQUEST_START | method=GET | label=ticker:AVAX/USD | path=/v3/ticker
2026-10-06 08:08:40+0000 | INFO     | roostoo.api | API_REQUEST_OK | method=GET | label=ticker:AVAX/USD | elapsed_ms=186
2026-10-06 08:08:40+0000 | INFO     | roostoo.api | API_REQUEST_START | method=GET | label=ticker:DOT/USD | path=/v3/ticker
2026-10-06 08:08:40+0000 | INFO     | roostoo.api | API_REQUEST_OK | method=GET | label=ticker:DOT/USD | elapsed_ms=172
2026-10-06 08:08:40+0000 | INFO     | roostoo.api | API_REQUEST_START | method=GET | label=ticker:BNB/USD | path=/v3/ticker
2026-10-06 08:08:40+0000 | INFO     | roostoo.api | API_REQUEST_OK | method=GET | label=ticker:BNB/USD | elapsed_ms=173
2026-10-06 08:08:40+0000 | INFO     | roostoo.api | API_REQUEST_START | method=GET | label=ticker:SUI/USD | path=/v3/ticker
2026-10-06 08:08:41+0000 | INFO     | roostoo.api | API_REQUEST_OK | method=GET | label=ticker:SUI/USD | elapsed_ms=501
2026-10-06 08:08:41+0000 | INFO     | roostoo.api | API_REQUEST_START | method=GET | label=ticker:BTC/USD | path=/v3/ticker
2026-10-06 08:08:41+0000 | INFO     | roostoo.api | API_REQUEST_OK | method=GET | label=ticker:BTC/USD | elapsed_ms=186
2026-10-06 08:08:41+0000 | INFO     | bot | LOOP_COMPLETE | elapsed_ms=1453
2026-10-06 08:09:40+0000 | INFO     | roostoo.api | API_REQUEST_START | method=GET | label=ticker:TRX/USD | path=/v3/ticker
2026-10-06 08:09:40+0000 | INFO     | roostoo.api | API_REQUEST_OK | method=GET | label=ticker:TRX/USD | elapsed_ms=173
2026-10-06 08:09:40+0000 | INFO     | roostoo.api | API_REQUEST_START | method=GET | label=ticker:AVAX/USD | path=/v3/ticker
2026-10-06 08:09:40+0000 | INFO     | roostoo.api | API_REQUEST_OK | method=GET | label=ticker:AVAX/USD | elapsed_ms=186
2026-10-06 08:09:40+0000 | INFO     | roostoo.api | API_REQUEST_START | method=GET | label=ticker:DOT/USD | path=/v3/ticker
2026-10-06 08:09:40+0000 | INFO     | roostoo.api | API_REQUEST_OK | method=GET | label=ticker:DOT/USD | elapsed_ms=172
2026-10-06 08:09:40+0000 | INFO     | roostoo.api | API_REQUEST_START | method=GET | label=ticker:BNB/USD | path=/v3/ticker
2026-10-06 08:09:40+0000 | INFO     | roostoo.api | API_REQUEST_OK | method=GET | label=ticker:BNB/USD | elapsed_ms=172
2026-10-06 08:09:40+0000 | INFO     | roostoo.api | API_REQUEST_START | method=GET | label=ticker:SUI/USD | path=/v3/ticker
2026-10-06 08:09:40+0000 | INFO     | roostoo.api | API_REQUEST_OK | method=GET | label=ticker:SUI/USD | elapsed_ms=172
2026-10-06 08:09:40+0000 | INFO     | roostoo.api | API_REQUEST_START | method=GET | label=ticker:BTC/USD | path=/v3/ticker
2026-10-06 08:09:41+0000 | INFO     | roostoo.api | API_REQUEST_OK | method=GET | label=ticker:BTC/USD | elapsed_ms=172
2026-10-06 08:09:41+0000 | INFO     | bot | LOOP_COMPLETE | elapsed_ms=1096
2026-10-06 08:10:40+0000 | INFO     | roostoo.api | API_REQUEST_START | method=GET | label=ticker:TRX/USD | path=/v3/ticker
2026-10-06 08:10:40+0000 | INFO     | roostoo.api | API_REQUEST_OK | method=GET | label=ticker:TRX/USD | elapsed_ms=173
2026-10-06 08:10:40+0000 | INFO     | roostoo.api | API_REQUEST_START | method=GET | label=ticker:AVAX/USD | path=/v3/ticker
2026-10-06 08:10:40+0000 | INFO     | roostoo.api | API_REQUEST_OK | method=GET | label=ticker:AVAX/USD | elapsed_ms=185
2026-10-06 08:10:40+0000 | INFO     | roostoo.api | API_REQUEST_START | method=GET | label=ticker:DOT/USD | path=/v3/ticker
2026-10-06 08:10:40+0000 | INFO     | roostoo.api | API_REQUEST_OK | method=GET | label=ticker:DOT/USD | elapsed_ms=172
2026-10-06 08:10:40+0000 | INFO     | roostoo.api | API_REQUEST_START | method=GET | label=ticker:BNB/USD | path=/v3/ticker
2026-10-06 08:10:40+0000 | INFO     | roostoo.api | API_REQUEST_OK | method=GET | label=ticker:BNB/USD | elapsed_ms=171
2026-10-06 08:10:40+0000 | INFO     | roostoo.api | API_REQUEST_START | method=GET | label=ticker:SUI/USD | path=/v3/ticker
2026-10-06 08:10:41+0000 | INFO     | roostoo.api | API_REQUEST_OK | method=GET | label=ticker:SUI/USD | elapsed_ms=502
2026-10-06 08:10:41+0000 | INFO     | roostoo.api | API_REQUEST_START | method=GET | label=ticker:BTC/USD | path=/v3/ticker
2026-10-06 08:10:41+0000 | INFO     | roostoo.api | API_REQUEST_OK | method=GET | label=ticker:BTC/USD | elapsed_ms=173
2026-10-06 08:10:41+0000 | INFO     | bot | LOOP_COMPLETE | elapsed_ms=1424
2026-10-06 08:11:40+0000 | INFO     | roostoo.api | API_REQUEST_START | method=GET | label=ticker:TRX/USD | path=/v3/ticker
2026-10-06 08:11:40+0000 | INFO     | roostoo.api | API_REQUEST_OK | method=GET | label=ticker:TRX/USD | elapsed_ms=173
2026-10-06 08:11:40+0000 | INFO     | roostoo.api | API_REQUEST_START | method=GET | label=ticker:AVAX/USD | path=/v3/ticker
2026-10-06 08:11:40+0000 | INFO     | roostoo.api | API_REQUEST_OK | method=GET | label=ticker:AVAX/USD | elapsed_ms=186
2026-10-06 08:11:40+0000 | INFO     | roostoo.api | API_REQUEST_START | method=GET | label=server_time | path=/v3/serverTime
2026-10-06 08:11:40+0000 | INFO     | roostoo.api | API_REQUEST_OK | method=GET | label=server_time | elapsed_ms=525
2026-10-06 08:11:40+0000 | INFO     | roostoo.api | SERVER_TIME_SYNC | offset_ms=440
2026-10-06 08:11:40+0000 | INFO     | roostoo.api | API_REQUEST_START | method=GET | label=ticker:DOT/USD | path=/v3/ticker
2026-10-06 08:11:41+0000 | INFO     | roostoo.api | API_REQUEST_OK | method=GET | label=ticker:DOT/USD | elapsed_ms=186
2026-10-06 08:11:41+0000 | INFO     | roostoo.api | API_REQUEST_START | method=GET | label=ticker:BNB/USD | path=/v3/ticker
2026-10-06 08:11:41+0000 | INFO     | roostoo.api | API_REQUEST_OK | method=GET | label=ticker:BNB/USD | elapsed_ms=542
2026-10-06 08:11:41+0000 | INFO     | roostoo.api | API_REQUEST_START | method=GET | label=ticker:SUI/USD | path=/v3/ticker
2026-10-06 08:11:41+0000 | INFO     | roostoo.api | API_REQUEST_OK | method=GET | label=ticker:SUI/USD | elapsed_ms=172
2026-10-06 08:11:41+0000 | INFO     | roostoo.api | API_REQUEST_START | method=GET | label=ticker:BTC/USD | path=/v3/ticker
2026-10-06 08:11:42+0000 | INFO     | roostoo.api | API_REQUEST_OK | method=GET | label=ticker:BTC/USD | elapsed_ms=501
2026-10-06 08:11:42+0000 | INFO     | bot | LOOP_COMPLETE | elapsed_ms=2332
2026-10-06 08:12:40+0000 | INFO     | roostoo.api | API_REQUEST_START | method=GET | label=ticker:TRX/USD | path=/v3/ticker
2026-10-06 08:12:40+0000 | INFO     | roostoo.api | API_REQUEST_OK | method=GET | label=ticker:TRX/USD | elapsed_ms=173
2026-10-06 08:12:40+0000 | INFO     | roostoo.api | API_REQUEST_START | method=GET | label=ticker:AVAX/USD | path=/v3/ticker
2026-10-06 08:12:40+0000 | INFO     | roostoo.api | API_REQUEST_OK | method=GET | label=ticker:AVAX/USD | elapsed_ms=172
2026-10-06 08:12:40+0000 | INFO     | roostoo.api | API_REQUEST_START | method=GET | label=ticker:DOT/USD | path=/v3/ticker
2026-10-06 08:12:40+0000 | INFO     | roostoo.api | API_REQUEST_OK | method=GET | label=ticker:DOT/USD | elapsed_ms=184
2026-10-06 08:12:40+0000 | INFO     | roostoo.api | API_REQUEST_START | method=GET | label=ticker:BNB/USD | path=/v3/ticker
2026-10-06 08:12:40+0000 | INFO     | roostoo.api | API_REQUEST_OK | method=GET | label=ticker:BNB/USD | elapsed_ms=172
2026-10-06 08:12:40+0000 | INFO     | roostoo.api | API_REQUEST_START | method=GET | label=ticker:SUI/USD | path=/v3/ticker
2026-10-06 08:12:41+0000 | INFO     | roostoo.api | API_REQUEST_OK | method=GET | label=ticker:SUI/USD | elapsed_ms=173
2026-10-06 08:12:41+0000 | INFO     | roostoo.api | API_REQUEST_START | method=GET | label=ticker:BTC/USD | path=/v3/ticker
2026-10-06 08:12:41+0000 | INFO     | roostoo.api | API_REQUEST_OK | method=GET | label=ticker:BTC/USD | elapsed_ms=186
2026-10-06 08:12:41+0000 | INFO     | bot | LOOP_COMPLETE | elapsed_ms=1113
2026-10-06 08:13:40+0000 | INFO     | roostoo.api | API_REQUEST_START | method=GET | label=ticker:TRX/USD | path=/v3/ticker
2026-10-06 08:13:40+0000 | INFO     | roostoo.api | API_REQUEST_OK | method=GET | label=ticker:TRX/USD | elapsed_ms=186
2026-10-06 08:13:40+0000 | INFO     | roostoo.api | API_REQUEST_START | method=GET | label=ticker:AVAX/USD | path=/v3/ticker
2026-10-06 08:13:40+0000 | INFO     | roostoo.api | API_REQUEST_OK | method=GET | label=ticker:AVAX/USD | elapsed_ms=186
2026-10-06 08:13:40+0000 | INFO     | roostoo.api | API_REQUEST_START | method=GET | label=ticker:DOT/USD | path=/v3/ticker
2026-10-06 08:13:40+0000 | INFO     | roostoo.api | API_REQUEST_OK | method=GET | label=ticker:DOT/USD | elapsed_ms=186
2026-10-06 08:13:40+0000 | INFO     | roostoo.api | API_REQUEST_START | method=GET | label=ticker:BNB/USD | path=/v3/ticker
2026-10-06 08:13:40+0000 | INFO     | roostoo.api | API_REQUEST_OK | method=GET | label=ticker:BNB/USD | elapsed_ms=186
2026-10-06 08:13:40+0000 | INFO     | roostoo.api | API_REQUEST_START | method=GET | label=ticker:SUI/USD | path=/v3/ticker
2026-10-06 08:13:41+0000 | INFO     | roostoo.api | API_REQUEST_OK | method=GET | label=ticker:SUI/USD | elapsed_ms=186
2026-10-06 08:13:41+0000 | INFO     | roostoo.api | API_REQUEST_START | method=GET | label=ticker:BTC/USD | path=/v3/ticker
2026-10-06 08:13:41+0000 | INFO     | roostoo.api | API_REQUEST_OK | method=GET | label=ticker:BTC/USD | elapsed_ms=501
2026-10-06 08:13:41+0000 | INFO     | bot | LOOP_COMPLETE | elapsed_ms=1477
2026-10-06 08:14:40+0000 | INFO     | roostoo.api | API_REQUEST_START | method=GET | label=ticker:TRX/USD | path=/v3/ticker
2026-10-06 08:14:40+0000 | INFO     | roostoo.api | API_REQUEST_OK | method=GET | label=ticker:TRX/USD | elapsed_ms=184
2026-10-06 08:14:40+0000 | INFO     | roostoo.api | API_REQUEST_START | method=GET | label=ticker:AVAX/USD | path=/v3/ticker
2026-10-06 08:14:40+0000 | INFO     | roostoo.api | API_REQUEST_OK | method=GET | label=ticker:AVAX/USD | elapsed_ms=183
2026-10-06 08:14:40+0000 | INFO     | roostoo.api | API_REQUEST_START | method=GET | label=ticker:DOT/USD | path=/v3/ticker
2026-10-06 08:14:40+0000 | INFO     | roostoo.api | API_REQUEST_OK | method=GET | label=ticker:DOT/USD | elapsed_ms=172
2026-10-06 08:14:40+0000 | INFO     | roostoo.api | API_REQUEST_START | method=GET | label=ticker:BNB/USD | path=/v3/ticker
2026-10-06 08:14:40+0000 | INFO     | roostoo.api | API_REQUEST_OK | method=GET | label=ticker:BNB/USD | elapsed_ms=173
2026-10-06 08:14:40+0000 | INFO     | roostoo.api | API_REQUEST_START | method=GET | label=ticker:SUI/USD | path=/v3/ticker
2026-10-06 08:14:41+0000 | INFO     | roostoo.api | API_REQUEST_OK | method=GET | label=ticker:SUI/USD | elapsed_ms=199
2026-10-06 08:14:41+0000 | INFO     | roostoo.api | API_REQUEST_START | method=GET | label=ticker:BTC/USD | path=/v3/ticker
2026-10-06 08:14:41+0000 | INFO     | roostoo.api | API_REQUEST_OK | method=GET | label=ticker:BTC/USD | elapsed_ms=186
2026-10-06 08:14:41+0000 | INFO     | bot | LOOP_COMPLETE | elapsed_ms=1147
2026-10-06 08:15:40+0000 | INFO     | roostoo.api | API_REQUEST_START | method=GET | label=ticker:TRX/USD | path=/v3/ticker
2026-10-06 08:15:40+0000 | INFO     | roostoo.api | API_REQUEST_OK | method=GET | label=ticker:TRX/USD | elapsed_ms=202
2026-10-06 08:15:40+0000 | INFO     | roostoo.api | API_REQUEST_START | method=GET | label=ticker:AVAX/USD | path=/v3/ticker
2026-10-06 08:15:40+0000 | INFO     | roostoo.api | API_REQUEST_OK | method=GET | label=ticker:AVAX/USD | elapsed_ms=199
2026-10-06 08:15:40+0000 | INFO     | roostoo.api | API_REQUEST_START | method=GET | label=ticker:DOT/USD | path=/v3/ticker
2026-10-06 08:15:40+0000 | INFO     | roostoo.api | API_REQUEST_OK | method=GET | label=ticker:DOT/USD | elapsed_ms=199
2026-10-06 08:15:40+0000 | INFO     | roostoo.api | API_REQUEST_START | method=GET | label=ticker:BNB/USD | path=/v3/ticker
2026-10-06 08:15:40+0000 | INFO     | roostoo.api | API_REQUEST_OK | method=GET | label=ticker:BNB/USD | elapsed_ms=198
2026-10-06 08:15:40+0000 | INFO     | roostoo.api | API_REQUEST_START | method=GET | label=ticker:SUI/USD | path=/v3/ticker
2026-10-06 08:15:41+0000 | INFO     | roostoo.api | API_REQUEST_OK | method=GET | label=ticker:SUI/USD | elapsed_ms=542
2026-10-06 08:15:41+0000 | INFO     | roostoo.api | API_REQUEST_START | method=GET | label=ticker:BTC/USD | path=/v3/ticker
2026-10-06 08:15:41+0000 | INFO     | roostoo.api | API_REQUEST_OK | method=GET | label=ticker:BTC/USD | elapsed_ms=198
2026-10-06 08:15:41+0000 | INFO     | bot | LOOP_COMPLETE | elapsed_ms=1589
2026-10-06 08:16:40+0000 | INFO     | roostoo.api | API_REQUEST_START | method=GET | label=ticker:TRX/USD | path=/v3/ticker
2026-10-06 08:16:40+0000 | INFO     | roostoo.api | API_REQUEST_OK | method=GET | label=ticker:TRX/USD | elapsed_ms=254
2026-10-06 08:16:40+0000 | INFO     | roostoo.api | API_REQUEST_START | method=GET | label=ticker:AVAX/USD | path=/v3/ticker
2026-10-06 08:16:40+0000 | INFO     | roostoo.api | API_REQUEST_OK | method=GET | label=ticker:AVAX/USD | elapsed_ms=173
2026-10-06 08:16:40+0000 | INFO     | roostoo.api | API_REQUEST_START | method=GET | label=ticker:DOT/USD | path=/v3/ticker
2026-10-06 08:16:40+0000 | INFO     | roostoo.api | API_REQUEST_OK | method=GET | label=ticker:DOT/USD | elapsed_ms=171
2026-10-06 08:16:40+0000 | INFO     | roostoo.api | API_REQUEST_START | method=GET | label=ticker:BNB/USD | path=/v3/ticker
2026-10-06 08:16:40+0000 | INFO     | roostoo.api | API_REQUEST_OK | method=GET | label=ticker:BNB/USD | elapsed_ms=172
2026-10-06 08:16:40+0000 | INFO     | roostoo.api | API_REQUEST_START | method=GET | label=ticker:SUI/USD | path=/v3/ticker
2026-10-06 08:16:41+0000 | INFO     | roostoo.api | API_REQUEST_OK | method=GET | label=ticker:SUI/USD | elapsed_ms=539
2026-10-06 08:16:41+0000 | INFO     | roostoo.api | API_REQUEST_START | method=GET | label=server_time | path=/v3/serverTime
2026-10-06 08:16:42+0000 | INFO     | roostoo.api | API_REQUEST_OK | method=GET | label=server_time | elapsed_ms=543
2026-10-06 08:16:42+0000 | INFO     | roostoo.api | SERVER_TIME_SYNC | offset_ms=459
2026-10-06 08:16:42+0000 | INFO     | roostoo.api | API_REQUEST_START | method=GET | label=ticker:BTC/USD | path=/v3/ticker
2026-10-06 08:16:42+0000 | INFO     | roostoo.api | API_REQUEST_OK | method=GET | label=ticker:BTC/USD | elapsed_ms=501
2026-10-06 08:16:42+0000 | INFO     | bot | LOOP_COMPLETE | elapsed_ms=2400
2026-10-06 08:17:40+0000 | INFO     | roostoo.api | API_REQUEST_START | method=GET | label=ticker:TRX/USD | path=/v3/ticker
2026-10-06 08:17:40+0000 | INFO     | roostoo.api | API_REQUEST_OK | method=GET | label=ticker:TRX/USD | elapsed_ms=173
2026-10-06 08:17:40+0000 | INFO     | roostoo.api | API_REQUEST_START | method=GET | label=ticker:AVAX/USD | path=/v3/ticker
2026-10-06 08:17:40+0000 | INFO     | roostoo.api | API_REQUEST_OK | method=GET | label=ticker:AVAX/USD | elapsed_ms=172
2026-10-06 08:17:40+0000 | INFO     | roostoo.api | API_REQUEST_START | method=GET | label=ticker:DOT/USD | path=/v3/ticker
2026-10-06 08:17:40+0000 | INFO     | roostoo.api | API_REQUEST_OK | method=GET | label=ticker:DOT/USD | elapsed_ms=185
2026-10-06 08:17:40+0000 | INFO     | roostoo.api | API_REQUEST_START | method=GET | label=ticker:BNB/USD | path=/v3/ticker
2026-10-06 08:17:40+0000 | INFO     | roostoo.api | API_REQUEST_OK | method=GET | label=ticker:BNB/USD | elapsed_ms=185
2026-10-06 08:17:40+0000 | INFO     | roostoo.api | API_REQUEST_START | method=GET | label=ticker:SUI/USD | path=/v3/ticker
2026-10-06 08:17:41+0000 | INFO     | roostoo.api | API_REQUEST_OK | method=GET | label=ticker:SUI/USD | elapsed_ms=501
2026-10-06 08:17:41+0000 | INFO     | roostoo.api | API_REQUEST_START | method=GET | label=ticker:BTC/USD | path=/v3/ticker
2026-10-06 08:17:41+0000 | INFO     | roostoo.api | API_REQUEST_OK | method=GET | label=ticker:BTC/USD | elapsed_ms=172
2026-10-06 08:17:41+0000 | INFO     | bot | LOOP_COMPLETE | elapsed_ms=1440
2026-10-06 08:18:40+0000 | INFO     | roostoo.api | API_REQUEST_START | method=GET | label=ticker:TRX/USD | path=/v3/ticker
2026-10-06 08:18:40+0000 | INFO     | roostoo.api | API_REQUEST_OK | method=GET | label=ticker:TRX/USD | elapsed_ms=172
2026-10-06 08:18:40+0000 | INFO     | roostoo.api | API_REQUEST_START | method=GET | label=ticker:AVAX/USD | path=/v3/ticker
2026-10-06 08:18:40+0000 | INFO     | roostoo.api | API_REQUEST_OK | method=GET | label=ticker:AVAX/USD | elapsed_ms=289
2026-10-06 08:18:40+0000 | INFO     | roostoo.api | API_REQUEST_START | method=GET | label=ticker:DOT/USD | path=/v3/ticker
2026-10-06 08:18:41+0000 | INFO     | roostoo.api | API_REQUEST_OK | method=GET | label=ticker:DOT/USD | elapsed_ms=539
2026-10-06 08:18:41+0000 | INFO     | roostoo.api | API_REQUEST_START | method=GET | label=ticker:BNB/USD | path=/v3/ticker
2026-10-06 08:18:41+0000 | INFO     | roostoo.api | API_REQUEST_OK | method=GET | label=ticker:BNB/USD | elapsed_ms=171
2026-10-06 08:18:41+0000 | INFO     | roostoo.api | API_REQUEST_START | method=GET | label=ticker:SUI/USD | path=/v3/ticker
2026-10-06 08:18:41+0000 | INFO     | roostoo.api | API_REQUEST_OK | method=GET | label=ticker:SUI/USD | elapsed_ms=327
2026-10-06 08:18:41+0000 | INFO     | roostoo.api | API_REQUEST_START | method=GET | label=ticker:BTC/USD | path=/v3/ticker
2026-10-06 08:18:41+0000 | INFO     | roostoo.api | API_REQUEST_OK | method=GET | label=ticker:BTC/USD | elapsed_ms=171
2026-10-06 08:18:41+0000 | INFO     | bot | LOOP_COMPLETE | elapsed_ms=1717
2026-10-06 08:19:40+0000 | INFO     | roostoo.api | API_REQUEST_START | method=GET | label=ticker:TRX/USD | path=/v3/ticker
2026-10-06 08:19:40+0000 | INFO     | roostoo.api | API_REQUEST_OK | method=GET | label=ticker:TRX/USD | elapsed_ms=246
2026-10-06 08:19:40+0000 | INFO     | roostoo.api | API_REQUEST_START | method=GET | label=ticker:AVAX/USD | path=/v3/ticker
2026-10-06 08:19:40+0000 | INFO     | roostoo.api | API_REQUEST_OK | method=GET | label=ticker:AVAX/USD | elapsed_ms=171
2026-10-06 08:19:40+0000 | INFO     | roostoo.api | API_REQUEST_START | method=GET | label=ticker:DOT/USD | path=/v3/ticker
2026-10-06 08:19:41+0000 | INFO     | roostoo.api | API_REQUEST_OK | method=GET | label=ticker:DOT/USD | elapsed_ms=501
2026-10-06 08:19:41+0000 | INFO     | roostoo.api | API_REQUEST_START | method=GET | label=ticker:BNB/USD | path=/v3/ticker
2026-10-06 08:19:41+0000 | INFO     | roostoo.api | API_REQUEST_OK | method=GET | label=ticker:BNB/USD | elapsed_ms=185
2026-10-06 08:19:41+0000 | INFO     | roostoo.api | API_REQUEST_START | method=GET | label=ticker:SUI/USD | path=/v3/ticker
2026-10-06 08:19:41+0000 | INFO     | roostoo.api | API_REQUEST_OK | method=GET | label=ticker:SUI/USD | elapsed_ms=185
2026-10-06 08:19:41+0000 | INFO     | roostoo.api | API_REQUEST_START | method=GET | label=ticker:BTC/USD | path=/v3/ticker
2026-10-06 08:19:41+0000 | INFO     | roostoo.api | API_REQUEST_OK | method=GET | label=ticker:BTC/USD | elapsed_ms=540
2026-10-06 08:19:42+0000 | INFO     | bot | LOOP_COMPLETE | elapsed_ms=1877
2026-10-06 08:20:40+0000 | INFO     | roostoo.api | API_REQUEST_START | method=GET | label=ticker:TRX/USD | path=/v3/ticker
2026-10-06 08:20:40+0000 | INFO     | roostoo.api | API_REQUEST_OK | method=GET | label=ticker:TRX/USD | elapsed_ms=173
2026-10-06 08:20:40+0000 | INFO     | roostoo.api | API_REQUEST_START | method=GET | label=ticker:AVAX/USD | path=/v3/ticker
2026-10-06 08:20:40+0000 | INFO     | roostoo.api | API_REQUEST_OK | method=GET | label=ticker:AVAX/USD | elapsed_ms=184
2026-10-06 08:20:40+0000 | INFO     | roostoo.api | API_REQUEST_START | method=GET | label=ticker:DOT/USD | path=/v3/ticker
2026-10-06 08:20:40+0000 | INFO     | roostoo.api | API_REQUEST_OK | method=GET | label=ticker:DOT/USD | elapsed_ms=185
2026-10-06 08:20:40+0000 | INFO     | roostoo.api | API_REQUEST_START | method=GET | label=ticker:BNB/USD | path=/v3/ticker
2026-10-06 08:20:40+0000 | INFO     | roostoo.api | API_REQUEST_OK | method=GET | label=ticker:BNB/USD | elapsed_ms=172
2026-10-06 08:20:40+0000 | INFO     | roostoo.api | API_REQUEST_START | method=GET | label=ticker:SUI/USD | path=/v3/ticker
2026-10-06 08:20:41+0000 | INFO     | roostoo.api | API_REQUEST_OK | method=GET | label=ticker:SUI/USD | elapsed_ms=337
2026-10-06 08:20:41+0000 | INFO     | roostoo.api | API_REQUEST_START | method=GET | label=ticker:BTC/USD | path=/v3/ticker
2026-10-06 08:20:41+0000 | INFO     | roostoo.api | API_REQUEST_OK | method=GET | label=ticker:BTC/USD | elapsed_ms=185
2026-10-06 08:20:41+0000 | INFO     | bot | LOOP_COMPLETE | elapsed_ms=1285
2026-10-06 08:21:40+0000 | INFO     | roostoo.api | API_REQUEST_START | method=GET | label=ticker:TRX/USD | path=/v3/ticker
2026-10-06 08:21:40+0000 | INFO     | roostoo.api | API_REQUEST_OK | method=GET | label=ticker:TRX/USD | elapsed_ms=186
2026-10-06 08:21:40+0000 | INFO     | roostoo.api | API_REQUEST_START | method=GET | label=ticker:AVAX/USD | path=/v3/ticker
2026-10-06 08:21:40+0000 | INFO     | roostoo.api | API_REQUEST_OK | method=GET | label=ticker:AVAX/USD | elapsed_ms=184
2026-10-06 08:21:40+0000 | INFO     | roostoo.api | API_REQUEST_START | method=GET | label=ticker:DOT/USD | path=/v3/ticker
2026-10-06 08:21:40+0000 | INFO     | roostoo.api | API_REQUEST_OK | method=GET | label=ticker:DOT/USD | elapsed_ms=198
2026-10-06 08:21:40+0000 | INFO     | roostoo.api | API_REQUEST_START | method=GET | label=ticker:BNB/USD | path=/v3/ticker
2026-10-06 08:21:40+0000 | INFO     | roostoo.api | API_REQUEST_OK | method=GET | label=ticker:BNB/USD | elapsed_ms=171
2026-10-06 08:21:40+0000 | INFO     | roostoo.api | API_REQUEST_START | method=GET | label=ticker:SUI/USD | path=/v3/ticker
2026-10-06 08:21:41+0000 | INFO     | roostoo.api | API_REQUEST_OK | method=GET | label=ticker:SUI/USD | elapsed_ms=185
2026-10-06 08:21:41+0000 | INFO     | roostoo.api | API_REQUEST_START | method=GET | label=ticker:BTC/USD | path=/v3/ticker
2026-10-06 08:21:41+0000 | INFO     | roostoo.api | API_REQUEST_OK | method=GET | label=ticker:BTC/USD | elapsed_ms=543
2026-10-06 08:21:41+0000 | INFO     | bot | LOOP_COMPLETE | elapsed_ms=1513
2026-10-06 08:22:40+0000 | INFO     | roostoo.api | API_REQUEST_START | method=GET | label=server_time | path=/v3/serverTime
2026-10-06 08:22:40+0000 | INFO     | roostoo.api | API_REQUEST_OK | method=GET | label=server_time | elapsed_ms=186
2026-10-06 08:22:40+0000 | INFO     | roostoo.api | SERVER_TIME_SYNC | offset_ms=88
2026-10-06 08:22:40+0000 | INFO     | roostoo.api | API_REQUEST_START | method=GET | label=ticker:TRX/USD | path=/v3/ticker
2026-10-06 08:22:40+0000 | INFO     | roostoo.api | API_REQUEST_OK | method=GET | label=ticker:TRX/USD | elapsed_ms=184
2026-10-06 08:22:40+0000 | INFO     | roostoo.api | API_REQUEST_START | method=GET | label=ticker:AVAX/USD | path=/v3/ticker
2026-10-06 08:22:40+0000 | INFO     | roostoo.api | API_REQUEST_OK | method=GET | label=ticker:AVAX/USD | elapsed_ms=173
2026-10-06 08:22:40+0000 | INFO     | roostoo.api | API_REQUEST_START | method=GET | label=ticker:DOT/USD | path=/v3/ticker
2026-10-06 08:22:40+0000 | INFO     | roostoo.api | API_REQUEST_OK | method=GET | label=ticker:DOT/USD | elapsed_ms=186
2026-10-06 08:22:40+0000 | INFO     | roostoo.api | API_REQUEST_START | method=GET | label=ticker:BNB/USD | path=/v3/ticker
2026-10-06 08:22:41+0000 | INFO     | roostoo.api | API_REQUEST_OK | method=GET | label=ticker:BNB/USD | elapsed_ms=187
2026-10-06 08:22:41+0000 | INFO     | roostoo.api | API_REQUEST_START | method=GET | label=ticker:SUI/USD | path=/v3/ticker
2026-10-06 08:22:41+0000 | INFO     | roostoo.api | API_REQUEST_OK | method=GET | label=ticker:SUI/USD | elapsed_ms=544
2026-10-06 08:22:41+0000 | INFO     | roostoo.api | API_REQUEST_START | method=GET | label=ticker:BTC/USD | path=/v3/ticker
2026-10-06 08:22:41+0000 | INFO     | roostoo.api | API_REQUEST_OK | method=GET | label=ticker:BTC/USD | elapsed_ms=185
2026-10-06 08:22:41+0000 | INFO     | bot | LOOP_COMPLETE | elapsed_ms=1699
2026-10-06 08:23:40+0000 | INFO     | roostoo.api | API_REQUEST_START | method=GET | label=ticker:TRX/USD | path=/v3/ticker
2026-10-06 08:23:40+0000 | INFO     | roostoo.api | API_REQUEST_OK | method=GET | label=ticker:TRX/USD | elapsed_ms=185
2026-10-06 08:23:40+0000 | INFO     | roostoo.api | API_REQUEST_START | method=GET | label=ticker:AVAX/USD | path=/v3/ticker
2026-10-06 08:23:40+0000 | INFO     | roostoo.api | API_REQUEST_OK | method=GET | label=ticker:AVAX/USD | elapsed_ms=185
2026-10-06 08:23:40+0000 | INFO     | roostoo.api | API_REQUEST_START | method=GET | label=ticker:DOT/USD | path=/v3/ticker
2026-10-06 08:23:40+0000 | INFO     | roostoo.api | API_REQUEST_OK | method=GET | label=ticker:DOT/USD | elapsed_ms=172
2026-10-06 08:23:40+0000 | INFO     | roostoo.api | API_REQUEST_START | method=GET | label=ticker:BNB/USD | path=/v3/ticker
2026-10-06 08:23:40+0000 | INFO     | roostoo.api | API_REQUEST_OK | method=GET | label=ticker:BNB/USD | elapsed_ms=174
2026-10-06 08:23:40+0000 | INFO     | roostoo.api | API_REQUEST_START | method=GET | label=ticker:SUI/USD | path=/v3/ticker
2026-10-06 08:23:41+0000 | INFO     | roostoo.api | API_REQUEST_OK | method=GET | label=ticker:SUI/USD | elapsed_ms=504
2026-10-06 08:23:41+0000 | INFO     | roostoo.api | API_REQUEST_START | method=GET | label=ticker:BTC/USD | path=/v3/ticker
2026-10-06 08:23:41+0000 | INFO     | roostoo.api | API_REQUEST_OK | method=GET | label=ticker:BTC/USD | elapsed_ms=173
2026-10-06 08:23:41+0000 | INFO     | bot | LOOP_COMPLETE | elapsed_ms=1441
2026-10-06 08:24:40+0000 | INFO     | roostoo.api | API_REQUEST_START | method=GET | label=ticker:TRX/USD | path=/v3/ticker
2026-10-06 08:24:40+0000 | INFO     | roostoo.api | API_REQUEST_OK | method=GET | label=ticker:TRX/USD | elapsed_ms=189
2026-10-06 08:24:40+0000 | INFO     | roostoo.api | API_REQUEST_START | method=GET | label=ticker:AVAX/USD | path=/v3/ticker
2026-10-06 08:24:40+0000 | INFO     | roostoo.api | API_REQUEST_OK | method=GET | label=ticker:AVAX/USD | elapsed_ms=184
2026-10-06 08:24:40+0000 | INFO     | roostoo.api | API_REQUEST_START | method=GET | label=ticker:DOT/USD | path=/v3/ticker
2026-10-06 08:24:40+0000 | INFO     | roostoo.api | API_REQUEST_OK | method=GET | label=ticker:DOT/USD | elapsed_ms=198
2026-10-06 08:24:40+0000 | INFO     | roostoo.api | API_REQUEST_START | method=GET | label=ticker:BNB/USD | path=/v3/ticker
2026-10-06 08:24:40+0000 | INFO     | roostoo.api | API_REQUEST_OK | method=GET | label=ticker:BNB/USD | elapsed_ms=172
2026-10-06 08:24:40+0000 | INFO     | roostoo.api | API_REQUEST_START | method=GET | label=ticker:SUI/USD | path=/v3/ticker
2026-10-06 08:24:41+0000 | INFO     | roostoo.api | API_REQUEST_OK | method=GET | label=ticker:SUI/USD | elapsed_ms=543
2026-10-06 08:24:41+0000 | INFO     | roostoo.api | API_REQUEST_START | method=GET | label=ticker:BTC/USD | path=/v3/ticker
2026-10-06 08:24:41+0000 | INFO     | roostoo.api | API_REQUEST_OK | method=GET | label=ticker:BTC/USD | elapsed_ms=188
2026-10-06 08:24:41+0000 | INFO     | bot | LOOP_COMPLETE | elapsed_ms=1522
2026-10-06 08:25:40+0000 | INFO     | roostoo.api | API_REQUEST_START | method=GET | label=ticker:TRX/USD | path=/v3/ticker
2026-10-06 08:25:40+0000 | INFO     | roostoo.api | API_REQUEST_OK | method=GET | label=ticker:TRX/USD | elapsed_ms=174
2026-10-06 08:25:40+0000 | INFO     | roostoo.api | API_REQUEST_START | method=GET | label=ticker:AVAX/USD | path=/v3/ticker
2026-10-06 08:25:40+0000 | INFO     | roostoo.api | API_REQUEST_OK | method=GET | label=ticker:AVAX/USD | elapsed_ms=185
2026-10-06 08:25:40+0000 | INFO     | roostoo.api | API_REQUEST_START | method=GET | label=ticker:DOT/USD | path=/v3/ticker
2026-10-06 08:25:40+0000 | INFO     | roostoo.api | API_REQUEST_OK | method=GET | label=ticker:DOT/USD | elapsed_ms=331
2026-10-06 08:25:40+0000 | INFO     | roostoo.api | API_REQUEST_START | method=GET | label=ticker:BNB/USD | path=/v3/ticker
2026-10-06 08:25:40+0000 | INFO     | roostoo.api | API_REQUEST_OK | method=GET | label=ticker:BNB/USD | elapsed_ms=172
2026-10-06 08:25:40+0000 | INFO     | roostoo.api | API_REQUEST_START | method=GET | label=ticker:SUI/USD | path=/v3/ticker
2026-10-06 08:25:41+0000 | INFO     | roostoo.api | API_REQUEST_OK | method=GET | label=ticker:SUI/USD | elapsed_ms=540
2026-10-06 08:25:41+0000 | INFO     | roostoo.api | API_REQUEST_START | method=GET | label=ticker:BTC/USD | path=/v3/ticker
2026-10-06 08:25:41+0000 | INFO     | roostoo.api | API_REQUEST_OK | method=GET | label=ticker:BTC/USD | elapsed_ms=171
2026-10-06 08:25:41+0000 | INFO     | bot | LOOP_COMPLETE | elapsed_ms=1621
2026-10-06 08:26:40+0000 | INFO     | roostoo.api | API_REQUEST_START | method=GET | label=ticker:TRX/USD | path=/v3/ticker
2026-10-06 08:26:40+0000 | INFO     | roostoo.api | API_REQUEST_OK | method=GET | label=ticker:TRX/USD | elapsed_ms=189
2026-10-06 08:26:40+0000 | INFO     | roostoo.api | API_REQUEST_START | method=GET | label=ticker:AVAX/USD | path=/v3/ticker
2026-10-06 08:26:40+0000 | INFO     | roostoo.api | API_REQUEST_OK | method=GET | label=ticker:AVAX/USD | elapsed_ms=185
2026-10-06 08:26:40+0000 | INFO     | roostoo.api | API_REQUEST_START | method=GET | label=ticker:DOT/USD | path=/v3/ticker
2026-10-06 08:26:40+0000 | INFO     | roostoo.api | API_REQUEST_OK | method=GET | label=ticker:DOT/USD | elapsed_ms=171
2026-10-06 08:26:40+0000 | INFO     | roostoo.api | API_REQUEST_START | method=GET | label=ticker:BNB/USD | path=/v3/ticker
2026-10-06 08:26:40+0000 | INFO     | roostoo.api | API_REQUEST_OK | method=GET | label=ticker:BNB/USD | elapsed_ms=172
2026-10-06 08:26:40+0000 | INFO     | roostoo.api | API_REQUEST_START | method=GET | label=ticker:SUI/USD | path=/v3/ticker
2026-10-06 08:26:41+0000 | INFO     | roostoo.api | API_REQUEST_OK | method=GET | label=ticker:SUI/USD | elapsed_ms=503
2026-10-06 08:26:41+0000 | INFO     | roostoo.api | API_REQUEST_START | method=GET | label=ticker:BTC/USD | path=/v3/ticker
2026-10-06 08:26:41+0000 | INFO     | roostoo.api | API_REQUEST_OK | method=GET | label=ticker:BTC/USD | elapsed_ms=172
2026-10-06 08:26:41+0000 | INFO     | bot | LOOP_COMPLETE | elapsed_ms=1440
2026-10-06 08:27:40+0000 | INFO     | roostoo.api | API_REQUEST_START | method=GET | label=ticker:TRX/USD | path=/v3/ticker
2026-10-06 08:27:40+0000 | INFO     | roostoo.api | API_REQUEST_OK | method=GET | label=ticker:TRX/USD | elapsed_ms=350
2026-10-06 08:27:40+0000 | INFO     | roostoo.api | API_REQUEST_START | method=GET | label=server_time | path=/v3/serverTime
2026-10-06 08:27:40+0000 | INFO     | roostoo.api | API_REQUEST_OK | method=GET | label=server_time | elapsed_ms=172
2026-10-06 08:27:40+0000 | INFO     | roostoo.api | SERVER_TIME_SYNC | offset_ms=87
2026-10-06 08:27:40+0000 | INFO     | roostoo.api | API_REQUEST_START | method=GET | label=ticker:AVAX/USD | path=/v3/ticker
2026-10-06 08:27:40+0000 | INFO     | roostoo.api | API_REQUEST_OK | method=GET | label=ticker:AVAX/USD | elapsed_ms=185
2026-10-06 08:27:40+0000 | INFO     | roostoo.api | API_REQUEST_START | method=GET | label=ticker:DOT/USD | path=/v3/ticker
2026-10-06 08:27:41+0000 | INFO     | roostoo.api | API_REQUEST_OK | method=GET | label=ticker:DOT/USD | elapsed_ms=185
2026-10-06 08:27:41+0000 | INFO     | roostoo.api | API_REQUEST_START | method=GET | label=ticker:BNB/USD | path=/v3/ticker
2026-10-06 08:27:41+0000 | INFO     | roostoo.api | API_REQUEST_OK | method=GET | label=ticker:BNB/USD | elapsed_ms=507
2026-10-06 08:27:41+0000 | INFO     | roostoo.api | API_REQUEST_START | method=GET | label=ticker:SUI/USD | path=/v3/ticker
2026-10-06 08:27:41+0000 | INFO     | roostoo.api | API_REQUEST_OK | method=GET | label=ticker:SUI/USD | elapsed_ms=185
2026-10-06 08:27:41+0000 | INFO     | roostoo.api | API_REQUEST_START | method=GET | label=ticker:BTC/USD | path=/v3/ticker
2026-10-06 08:27:41+0000 | INFO     | roostoo.api | API_REQUEST_OK | method=GET | label=ticker:BTC/USD | elapsed_ms=184
2026-10-06 08:27:41+0000 | INFO     | bot | LOOP_COMPLETE | elapsed_ms=1819
2026-10-06 08:28:40+0000 | INFO     | roostoo.api | API_REQUEST_START | method=GET | label=ticker:TRX/USD | path=/v3/ticker
2026-10-06 08:28:40+0000 | INFO     | roostoo.api | API_REQUEST_OK | method=GET | label=ticker:TRX/USD | elapsed_ms=187
2026-10-06 08:28:40+0000 | INFO     | roostoo.api | API_REQUEST_START | method=GET | label=ticker:AVAX/USD | path=/v3/ticker
2026-10-06 08:28:40+0000 | INFO     | roostoo.api | API_REQUEST_OK | method=GET | label=ticker:AVAX/USD | elapsed_ms=184
2026-10-06 08:28:40+0000 | INFO     | roostoo.api | API_REQUEST_START | method=GET | label=ticker:DOT/USD | path=/v3/ticker
2026-10-06 08:28:40+0000 | INFO     | roostoo.api | API_REQUEST_OK | method=GET | label=ticker:DOT/USD | elapsed_ms=173
2026-10-06 08:28:40+0000 | INFO     | roostoo.api | API_REQUEST_START | method=GET | label=ticker:BNB/USD | path=/v3/ticker
2026-10-06 08:28:40+0000 | INFO     | roostoo.api | API_REQUEST_OK | method=GET | label=ticker:BNB/USD | elapsed_ms=172
2026-10-06 08:28:40+0000 | INFO     | roostoo.api | API_REQUEST_START | method=GET | label=ticker:SUI/USD | path=/v3/ticker
2026-10-06 08:28:41+0000 | INFO     | roostoo.api | API_REQUEST_OK | method=GET | label=ticker:SUI/USD | elapsed_ms=172
2026-10-06 08:28:41+0000 | INFO     | roostoo.api | API_REQUEST_START | method=GET | label=ticker:BTC/USD | path=/v3/ticker
2026-10-06 08:28:41+0000 | INFO     | roostoo.api | API_REQUEST_OK | method=GET | label=ticker:BTC/USD | elapsed_ms=171
2026-10-06 08:28:41+0000 | INFO     | bot | LOOP_COMPLETE | elapsed_ms=1107
2026-10-06 08:29:40+0000 | INFO     | roostoo.api | API_REQUEST_START | method=GET | label=ticker:TRX/USD | path=/v3/ticker
2026-10-06 08:29:40+0000 | INFO     | roostoo.api | API_REQUEST_OK | method=GET | label=ticker:TRX/USD | elapsed_ms=185
2026-10-06 08:29:40+0000 | INFO     | roostoo.api | API_REQUEST_START | method=GET | label=ticker:AVAX/USD | path=/v3/ticker
2026-10-06 08:29:40+0000 | INFO     | roostoo.api | API_REQUEST_OK | method=GET | label=ticker:AVAX/USD | elapsed_ms=185
2026-10-06 08:29:40+0000 | INFO     | roostoo.api | API_REQUEST_START | method=GET | label=ticker:DOT/USD | path=/v3/ticker
2026-10-06 08:29:40+0000 | INFO     | roostoo.api | API_REQUEST_OK | method=GET | label=ticker:DOT/USD | elapsed_ms=172
2026-10-06 08:29:40+0000 | INFO     | roostoo.api | API_REQUEST_START | method=GET | label=ticker:BNB/USD | path=/v3/ticker
2026-10-06 08:29:40+0000 | INFO     | roostoo.api | API_REQUEST_OK | method=GET | label=ticker:BNB/USD | elapsed_ms=185
2026-10-06 08:29:40+0000 | INFO     | roostoo.api | API_REQUEST_START | method=GET | label=ticker:SUI/USD | path=/v3/ticker
2026-10-06 08:29:41+0000 | INFO     | roostoo.api | API_REQUEST_OK | method=GET | label=ticker:SUI/USD | elapsed_ms=172
2026-10-06 08:29:41+0000 | INFO     | roostoo.api | API_REQUEST_START | method=GET | label=ticker:BTC/USD | path=/v3/ticker
2026-10-06 08:29:41+0000 | INFO     | roostoo.api | API_REQUEST_OK | method=GET | label=ticker:BTC/USD | elapsed_ms=172
2026-10-06 08:29:41+0000 | INFO     | bot | LOOP_COMPLETE | elapsed_ms=1122
2026-10-06 08:30:40+0000 | INFO     | roostoo.api | API_REQUEST_START | method=GET | label=ticker:TRX/USD | path=/v3/ticker
2026-10-06 08:30:40+0000 | INFO     | roostoo.api | API_REQUEST_OK | method=GET | label=ticker:TRX/USD | elapsed_ms=205
2026-10-06 08:30:40+0000 | INFO     | roostoo.api | API_REQUEST_START | method=GET | label=ticker:AVAX/USD | path=/v3/ticker
2026-10-06 08:30:40+0000 | INFO     | roostoo.api | API_REQUEST_OK | method=GET | label=ticker:AVAX/USD | elapsed_ms=197
2026-10-06 08:30:40+0000 | INFO     | roostoo.api | API_REQUEST_START | method=GET | label=ticker:DOT/USD | path=/v3/ticker
2026-10-06 08:30:40+0000 | INFO     | roostoo.api | API_REQUEST_OK | method=GET | label=ticker:DOT/USD | elapsed_ms=186
2026-10-06 08:30:40+0000 | INFO     | roostoo.api | API_REQUEST_START | method=GET | label=ticker:BNB/USD | path=/v3/ticker
2026-10-06 08:30:40+0000 | INFO     | roostoo.api | API_REQUEST_OK | method=GET | label=ticker:BNB/USD | elapsed_ms=186
2026-10-06 08:30:40+0000 | INFO     | roostoo.api | API_REQUEST_START | method=GET | label=ticker:SUI/USD | path=/v3/ticker
2026-10-06 08:30:41+0000 | INFO     | roostoo.api | API_REQUEST_OK | method=GET | label=ticker:SUI/USD | elapsed_ms=262
2026-10-06 08:30:41+0000 | INFO     | roostoo.api | API_REQUEST_START | method=GET | label=ticker:BTC/USD | path=/v3/ticker
2026-10-06 08:30:41+0000 | INFO     | roostoo.api | API_REQUEST_OK | method=GET | label=ticker:BTC/USD | elapsed_ms=187
2026-10-06 08:30:41+0000 | INFO     | bot | LOOP_COMPLETE | elapsed_ms=1280
2026-10-06 08:31:40+0000 | INFO     | roostoo.api | API_REQUEST_START | method=GET | label=ticker:TRX/USD | path=/v3/ticker
2026-10-06 08:31:40+0000 | INFO     | roostoo.api | API_REQUEST_OK | method=GET | label=ticker:TRX/USD | elapsed_ms=186
2026-10-06 08:31:40+0000 | INFO     | roostoo.api | API_REQUEST_START | method=GET | label=ticker:AVAX/USD | path=/v3/ticker
2026-10-06 08:31:40+0000 | INFO     | roostoo.api | API_REQUEST_OK | method=GET | label=ticker:AVAX/USD | elapsed_ms=185
2026-10-06 08:31:40+0000 | INFO     | roostoo.api | API_REQUEST_START | method=GET | label=ticker:DOT/USD | path=/v3/ticker
2026-10-06 08:31:41+0000 | INFO     | roostoo.api | API_REQUEST_OK | method=GET | label=ticker:DOT/USD | elapsed_ms=502
2026-10-06 08:31:41+0000 | INFO     | roostoo.api | API_REQUEST_START | method=GET | label=ticker:BNB/USD | path=/v3/ticker
2026-10-06 08:31:41+0000 | INFO     | roostoo.api | API_REQUEST_OK | method=GET | label=ticker:BNB/USD | elapsed_ms=542
2026-10-06 08:31:41+0000 | INFO     | roostoo.api | API_REQUEST_START | method=GET | label=ticker:SUI/USD | path=/v3/ticker
2026-10-06 08:31:41+0000 | INFO     | roostoo.api | API_REQUEST_OK | method=GET | label=ticker:SUI/USD | elapsed_ms=186
2026-10-06 08:31:41+0000 | INFO     | roostoo.api | API_REQUEST_START | method=GET | label=ticker:BTC/USD | path=/v3/ticker
2026-10-06 08:31:41+0000 | INFO     | roostoo.api | API_REQUEST_OK | method=GET | label=ticker:BTC/USD | elapsed_ms=185
2026-10-06 08:31:41+0000 | INFO     | bot | LOOP_COMPLETE | elapsed_ms=1833
2026-10-06 08:32:40+0000 | INFO     | roostoo.api | API_REQUEST_START | method=GET | label=ticker:TRX/USD | path=/v3/ticker
2026-10-06 08:32:40+0000 | INFO     | roostoo.api | API_REQUEST_OK | method=GET | label=ticker:TRX/USD | elapsed_ms=187
2026-10-06 08:32:40+0000 | INFO     | roostoo.api | API_REQUEST_START | method=GET | label=ticker:AVAX/USD | path=/v3/ticker
2026-10-06 08:32:40+0000 | INFO     | roostoo.api | API_REQUEST_OK | method=GET | label=ticker:AVAX/USD | elapsed_ms=185
2026-10-06 08:32:40+0000 | INFO     | roostoo.api | API_REQUEST_START | method=GET | label=ticker:DOT/USD | path=/v3/ticker
2026-10-06 08:32:41+0000 | INFO     | roostoo.api | API_REQUEST_OK | method=GET | label=ticker:DOT/USD | elapsed_ms=542
2026-10-06 08:32:41+0000 | INFO     | roostoo.api | API_REQUEST_START | method=GET | label=server_time | path=/v3/serverTime
2026-10-06 08:32:41+0000 | INFO     | roostoo.api | API_REQUEST_OK | method=GET | label=server_time | elapsed_ms=186
2026-10-06 08:32:41+0000 | INFO     | roostoo.api | SERVER_TIME_SYNC | offset_ms=101
2026-10-06 08:32:41+0000 | INFO     | roostoo.api | API_REQUEST_START | method=GET | label=ticker:BNB/USD | path=/v3/ticker
2026-10-06 08:32:41+0000 | INFO     | roostoo.api | API_REQUEST_OK | method=GET | label=ticker:BNB/USD | elapsed_ms=172
2026-10-06 08:32:41+0000 | INFO     | roostoo.api | API_REQUEST_START | method=GET | label=ticker:SUI/USD | path=/v3/ticker
2026-10-06 08:32:41+0000 | INFO     | roostoo.api | API_REQUEST_OK | method=GET | label=ticker:SUI/USD | elapsed_ms=503
2026-10-06 08:32:41+0000 | INFO     | roostoo.api | API_REQUEST_START | method=GET | label=ticker:BTC/USD | path=/v3/ticker
2026-10-06 08:32:42+0000 | INFO     | roostoo.api | API_REQUEST_OK | method=GET | label=ticker:BTC/USD | elapsed_ms=174
2026-10-06 08:32:42+0000 | INFO     | bot | LOOP_COMPLETE | elapsed_ms=2012
2026-10-06 08:33:40+0000 | INFO     | roostoo.api | API_REQUEST_START | method=GET | label=ticker:TRX/USD | path=/v3/ticker
2026-10-06 08:33:40+0000 | INFO     | roostoo.api | API_REQUEST_OK | method=GET | label=ticker:TRX/USD | elapsed_ms=176
2026-10-06 08:33:40+0000 | INFO     | roostoo.api | API_REQUEST_START | method=GET | label=ticker:AVAX/USD | path=/v3/ticker
2026-10-06 08:33:40+0000 | INFO     | roostoo.api | API_REQUEST_OK | method=GET | label=ticker:AVAX/USD | elapsed_ms=175
2026-10-06 08:33:40+0000 | INFO     | roostoo.api | API_REQUEST_START | method=GET | label=ticker:DOT/USD | path=/v3/ticker
2026-10-06 08:33:41+0000 | INFO     | roostoo.api | API_REQUEST_OK | method=GET | label=ticker:DOT/USD | elapsed_ms=580
2026-10-06 08:33:41+0000 | INFO     | roostoo.api | API_REQUEST_START | method=GET | label=ticker:BNB/USD | path=/v3/ticker
2026-10-06 08:33:41+0000 | INFO     | roostoo.api | API_REQUEST_OK | method=GET | label=ticker:BNB/USD | elapsed_ms=198
2026-10-06 08:33:41+0000 | INFO     | roostoo.api | API_REQUEST_START | method=GET | label=ticker:SUI/USD | path=/v3/ticker
2026-10-06 08:33:41+0000 | INFO     | roostoo.api | API_REQUEST_OK | method=GET | label=ticker:SUI/USD | elapsed_ms=184
2026-10-06 08:33:41+0000 | INFO     | roostoo.api | API_REQUEST_START | method=GET | label=ticker:BTC/USD | path=/v3/ticker
2026-10-06 08:33:41+0000 | INFO     | roostoo.api | API_REQUEST_OK | method=GET | label=ticker:BTC/USD | elapsed_ms=501
2026-10-06 08:33:41+0000 | INFO     | bot | LOOP_COMPLETE | elapsed_ms=1866
2026-10-06 08:34:40+0000 | INFO     | roostoo.api | API_REQUEST_START | method=GET | label=ticker:TRX/USD | path=/v3/ticker
2026-10-06 08:34:40+0000 | INFO     | roostoo.api | API_REQUEST_OK | method=GET | label=ticker:TRX/USD | elapsed_ms=186
2026-10-06 08:34:40+0000 | INFO     | roostoo.api | API_REQUEST_START | method=GET | label=ticker:AVAX/USD | path=/v3/ticker
2026-10-06 08:34:40+0000 | INFO     | roostoo.api | API_REQUEST_OK | method=GET | label=ticker:AVAX/USD | elapsed_ms=184
2026-10-06 08:34:40+0000 | INFO     | roostoo.api | API_REQUEST_START | method=GET | label=ticker:DOT/USD | path=/v3/ticker
2026-10-06 08:34:40+0000 | INFO     | roostoo.api | API_REQUEST_OK | method=GET | label=ticker:DOT/USD | elapsed_ms=173
2026-10-06 08:34:40+0000 | INFO     | roostoo.api | API_REQUEST_START | method=GET | label=ticker:BNB/USD | path=/v3/ticker
2026-10-06 08:34:41+0000 | INFO     | roostoo.api | API_REQUEST_OK | method=GET | label=ticker:BNB/USD | elapsed_ms=542
2026-10-06 08:34:41+0000 | INFO     | roostoo.api | API_REQUEST_START | method=GET | label=ticker:SUI/USD | path=/v3/ticker
2026-10-06 08:34:41+0000 | INFO     | roostoo.api | API_REQUEST_OK | method=GET | label=ticker:SUI/USD | elapsed_ms=185
2026-10-06 08:34:41+0000 | INFO     | roostoo.api | API_REQUEST_START | method=GET | label=ticker:BTC/USD | path=/v3/ticker
2026-10-06 08:34:41+0000 | INFO     | roostoo.api | API_REQUEST_OK | method=GET | label=ticker:BTC/USD | elapsed_ms=171
2026-10-06 08:34:41+0000 | INFO     | bot | LOOP_COMPLETE | elapsed_ms=1490
2026-10-06 08:35:40+0000 | INFO     | roostoo.api | API_REQUEST_START | method=GET | label=ticker:TRX/USD | path=/v3/ticker
2026-10-06 08:35:40+0000 | INFO     | roostoo.api | API_REQUEST_OK | method=GET | label=ticker:TRX/USD | elapsed_ms=173
2026-10-06 08:35:40+0000 | INFO     | roostoo.api | API_REQUEST_START | method=GET | label=ticker:AVAX/USD | path=/v3/ticker
2026-10-06 08:35:40+0000 | INFO     | roostoo.api | API_REQUEST_OK | method=GET | label=ticker:AVAX/USD | elapsed_ms=186
2026-10-06 08:35:40+0000 | INFO     | roostoo.api | API_REQUEST_START | method=GET | label=ticker:DOT/USD | path=/v3/ticker
2026-10-06 08:35:40+0000 | INFO     | roostoo.api | API_REQUEST_OK | method=GET | label=ticker:DOT/USD | elapsed_ms=204
2026-10-06 08:35:40+0000 | INFO     | roostoo.api | API_REQUEST_START | method=GET | label=ticker:BNB/USD | path=/v3/ticker
2026-10-06 08:35:40+0000 | INFO     | roostoo.api | API_REQUEST_OK | method=GET | label=ticker:BNB/USD | elapsed_ms=174
2026-10-06 08:35:40+0000 | INFO     | roostoo.api | API_REQUEST_START | method=GET | label=ticker:SUI/USD | path=/v3/ticker
2026-10-06 08:35:41+0000 | INFO     | roostoo.api | API_REQUEST_OK | method=GET | label=ticker:SUI/USD | elapsed_ms=185
2026-10-06 08:35:41+0000 | INFO     | roostoo.api | API_REQUEST_START | method=GET | label=ticker:BTC/USD | path=/v3/ticker
2026-10-06 08:35:41+0000 | INFO     | roostoo.api | API_REQUEST_OK | method=GET | label=ticker:BTC/USD | elapsed_ms=185
2026-10-06 08:35:41+0000 | INFO     | bot | LOOP_COMPLETE | elapsed_ms=1166
2026-10-06 08:36:40+0000 | INFO     | roostoo.api | API_REQUEST_START | method=GET | label=ticker:TRX/USD | path=/v3/ticker
2026-10-06 08:36:40+0000 | INFO     | roostoo.api | API_REQUEST_OK | method=GET | label=ticker:TRX/USD | elapsed_ms=187
2026-10-06 08:36:40+0000 | INFO     | roostoo.api | API_REQUEST_START | method=GET | label=ticker:AVAX/USD | path=/v3/ticker
2026-10-06 08:36:40+0000 | INFO     | roostoo.api | API_REQUEST_OK | method=GET | label=ticker:AVAX/USD | elapsed_ms=185
2026-10-06 08:36:40+0000 | INFO     | roostoo.api | API_REQUEST_START | method=GET | label=ticker:DOT/USD | path=/v3/ticker
2026-10-06 08:36:40+0000 | INFO     | roostoo.api | API_REQUEST_OK | method=GET | label=ticker:DOT/USD | elapsed_ms=197
2026-10-06 08:36:40+0000 | INFO     | roostoo.api | API_REQUEST_START | method=GET | label=ticker:BNB/USD | path=/v3/ticker
2026-10-06 08:36:41+0000 | INFO     | roostoo.api | API_REQUEST_OK | method=GET | label=ticker:BNB/USD | elapsed_ms=540
2026-10-06 08:36:41+0000 | INFO     | roostoo.api | API_REQUEST_START | method=GET | label=ticker:SUI/USD | path=/v3/ticker
2026-10-06 08:36:41+0000 | INFO     | roostoo.api | API_REQUEST_OK | method=GET | label=ticker:SUI/USD | elapsed_ms=200
2026-10-06 08:36:41+0000 | INFO     | roostoo.api | API_REQUEST_START | method=GET | label=ticker:BTC/USD | path=/v3/ticker
2026-10-06 08:36:41+0000 | INFO     | roostoo.api | API_REQUEST_OK | method=GET | label=ticker:BTC/USD | elapsed_ms=185
2026-10-06 08:36:41+0000 | INFO     | bot | LOOP_COMPLETE | elapsed_ms=1543
2026-10-06 08:37:40+0000 | INFO     | roostoo.api | API_REQUEST_START | method=GET | label=ticker:TRX/USD | path=/v3/ticker
2026-10-06 08:37:40+0000 | INFO     | roostoo.api | API_REQUEST_OK | method=GET | label=ticker:TRX/USD | elapsed_ms=186
2026-10-06 08:37:40+0000 | INFO     | roostoo.api | API_REQUEST_START | method=GET | label=ticker:AVAX/USD | path=/v3/ticker
2026-10-06 08:37:40+0000 | INFO     | roostoo.api | API_REQUEST_OK | method=GET | label=ticker:AVAX/USD | elapsed_ms=199
2026-10-06 08:37:40+0000 | INFO     | roostoo.api | API_REQUEST_START | method=GET | label=ticker:DOT/USD | path=/v3/ticker
2026-10-06 08:37:40+0000 | INFO     | roostoo.api | API_REQUEST_OK | method=GET | label=ticker:DOT/USD | elapsed_ms=185
2026-10-06 08:37:40+0000 | INFO     | roostoo.api | API_REQUEST_START | method=GET | label=ticker:BNB/USD | path=/v3/ticker
2026-10-06 08:37:40+0000 | INFO     | roostoo.api | API_REQUEST_OK | method=GET | label=ticker:BNB/USD | elapsed_ms=185
2026-10-06 08:37:40+0000 | INFO     | roostoo.api | API_REQUEST_START | method=GET | label=ticker:SUI/USD | path=/v3/ticker
2026-10-06 08:37:41+0000 | INFO     | roostoo.api | API_REQUEST_OK | method=GET | label=ticker:SUI/USD | elapsed_ms=185
2026-10-06 08:37:41+0000 | INFO     | roostoo.api | API_REQUEST_START | method=GET | label=ticker:BTC/USD | path=/v3/ticker
2026-10-06 08:37:41+0000 | INFO     | roostoo.api | API_REQUEST_OK | method=GET | label=ticker:BTC/USD | elapsed_ms=185
2026-10-06 08:37:41+0000 | INFO     | bot | LOOP_COMPLETE | elapsed_ms=1174
2026-10-06 08:38:40+0000 | INFO     | roostoo.api | API_REQUEST_START | method=GET | label=server_time | path=/v3/serverTime
2026-10-06 08:38:40+0000 | INFO     | roostoo.api | API_REQUEST_OK | method=GET | label=server_time | elapsed_ms=186
2026-10-06 08:38:40+0000 | INFO     | roostoo.api | SERVER_TIME_SYNC | offset_ms=101
2026-10-06 08:38:40+0000 | INFO     | roostoo.api | API_REQUEST_START | method=GET | label=ticker:TRX/USD | path=/v3/ticker
2026-10-06 08:38:40+0000 | INFO     | roostoo.api | API_REQUEST_OK | method=GET | label=ticker:TRX/USD | elapsed_ms=185
2026-10-06 08:38:40+0000 | INFO     | roostoo.api | API_REQUEST_START | method=GET | label=ticker:AVAX/USD | path=/v3/ticker
2026-10-06 08:38:40+0000 | INFO     | roostoo.api | API_REQUEST_OK | method=GET | label=ticker:AVAX/USD | elapsed_ms=171
2026-10-06 08:38:40+0000 | INFO     | roostoo.api | API_REQUEST_START | method=GET | label=ticker:DOT/USD | path=/v3/ticker
2026-10-06 08:38:41+0000 | INFO     | roostoo.api | API_REQUEST_OK | method=GET | label=ticker:DOT/USD | elapsed_ms=540
2026-10-06 08:38:41+0000 | INFO     | roostoo.api | API_REQUEST_START | method=GET | label=ticker:BNB/USD | path=/v3/ticker
2026-10-06 08:38:41+0000 | INFO     | roostoo.api | API_REQUEST_OK | method=GET | label=ticker:BNB/USD | elapsed_ms=171
2026-10-06 08:38:41+0000 | INFO     | roostoo.api | API_REQUEST_START | method=GET | label=ticker:SUI/USD | path=/v3/ticker
2026-10-06 08:38:41+0000 | INFO     | roostoo.api | API_REQUEST_OK | method=GET | label=ticker:SUI/USD | elapsed_ms=541
2026-10-06 08:38:41+0000 | INFO     | roostoo.api | API_REQUEST_START | method=GET | label=ticker:BTC/USD | path=/v3/ticker
2026-10-06 08:38:42+0000 | INFO     | roostoo.api | API_REQUEST_OK | method=GET | label=ticker:BTC/USD | elapsed_ms=579
2026-10-06 08:38:42+0000 | INFO     | bot | LOOP_COMPLETE | elapsed_ms=2423
2026-10-06 08:39:40+0000 | INFO     | roostoo.api | API_REQUEST_START | method=GET | label=ticker:TRX/USD | path=/v3/ticker
2026-10-06 08:39:40+0000 | INFO     | roostoo.api | API_REQUEST_OK | method=GET | label=ticker:TRX/USD | elapsed_ms=173
2026-10-06 08:39:40+0000 | INFO     | roostoo.api | API_REQUEST_START | method=GET | label=ticker:AVAX/USD | path=/v3/ticker
2026-10-06 08:39:40+0000 | INFO     | roostoo.api | API_REQUEST_OK | method=GET | label=ticker:AVAX/USD | elapsed_ms=172
2026-10-06 08:39:40+0000 | INFO     | roostoo.api | API_REQUEST_START | method=GET | label=ticker:DOT/USD | path=/v3/ticker
2026-10-06 08:39:40+0000 | INFO     | roostoo.api | API_REQUEST_OK | method=GET | label=ticker:DOT/USD | elapsed_ms=186
2026-10-06 08:39:40+0000 | INFO     | roostoo.api | API_REQUEST_START | method=GET | label=ticker:BNB/USD | path=/v3/ticker
2026-10-06 08:39:40+0000 | INFO     | roostoo.api | API_REQUEST_OK | method=GET | label=ticker:BNB/USD | elapsed_ms=171
2026-10-06 08:39:40+0000 | INFO     | roostoo.api | API_REQUEST_START | method=GET | label=ticker:SUI/USD | path=/v3/ticker
2026-10-06 08:39:41+0000 | INFO     | roostoo.api | API_REQUEST_OK | method=GET | label=ticker:SUI/USD | elapsed_ms=173
2026-10-06 08:39:41+0000 | INFO     | roostoo.api | API_REQUEST_START | method=GET | label=ticker:BTC/USD | path=/v3/ticker
2026-10-06 08:39:41+0000 | INFO     | roostoo.api | API_REQUEST_OK | method=GET | label=ticker:BTC/USD | elapsed_ms=172
2026-10-06 08:39:41+0000 | INFO     | bot | LOOP_COMPLETE | elapsed_ms=1093
2026-10-06 08:40:40+0000 | INFO     | roostoo.api | API_REQUEST_START | method=GET | label=ticker:TRX/USD | path=/v3/ticker
2026-10-06 08:40:40+0000 | INFO     | roostoo.api | API_REQUEST_OK | method=GET | label=ticker:TRX/USD | elapsed_ms=173
2026-10-06 08:40:40+0000 | INFO     | roostoo.api | API_REQUEST_START | method=GET | label=ticker:AVAX/USD | path=/v3/ticker
2026-10-06 08:40:40+0000 | INFO     | roostoo.api | API_REQUEST_OK | method=GET | label=ticker:AVAX/USD | elapsed_ms=196
2026-10-06 08:40:40+0000 | INFO     | roostoo.api | API_REQUEST_START | method=GET | label=ticker:DOT/USD | path=/v3/ticker
2026-10-06 08:40:41+0000 | INFO     | roostoo.api | API_REQUEST_OK | method=GET | label=ticker:DOT/USD | elapsed_ms=542
2026-10-06 08:40:41+0000 | INFO     | roostoo.api | API_REQUEST_START | method=GET | label=ticker:BNB/USD | path=/v3/ticker
2026-10-06 08:40:41+0000 | INFO     | roostoo.api | API_REQUEST_OK | method=GET | label=ticker:BNB/USD | elapsed_ms=186
2026-10-06 08:40:41+0000 | INFO     | roostoo.api | API_REQUEST_START | method=GET | label=ticker:SUI/USD | path=/v3/ticker
2026-10-06 08:40:41+0000 | INFO     | roostoo.api | API_REQUEST_OK | method=GET | label=ticker:SUI/USD | elapsed_ms=539
2026-10-06 08:40:41+0000 | INFO     | roostoo.api | API_REQUEST_START | method=GET | label=ticker:BTC/USD | path=/v3/ticker
2026-10-06 08:40:41+0000 | INFO     | roostoo.api | API_REQUEST_OK | method=GET | label=ticker:BTC/USD | elapsed_ms=172
2026-10-06 08:40:41+0000 | INFO     | bot | LOOP_COMPLETE | elapsed_ms=1856
2026-10-06 08:41:40+0000 | INFO     | roostoo.api | API_REQUEST_START | method=GET | label=ticker:TRX/USD | path=/v3/ticker
2026-10-06 08:41:40+0000 | INFO     | roostoo.api | API_REQUEST_OK | method=GET | label=ticker:TRX/USD | elapsed_ms=172
2026-10-06 08:41:40+0000 | INFO     | roostoo.api | API_REQUEST_START | method=GET | label=ticker:AVAX/USD | path=/v3/ticker
2026-10-06 08:41:40+0000 | INFO     | roostoo.api | API_REQUEST_OK | method=GET | label=ticker:AVAX/USD | elapsed_ms=186
2026-10-06 08:41:40+0000 | INFO     | roostoo.api | API_REQUEST_START | method=GET | label=ticker:DOT/USD | path=/v3/ticker
2026-10-06 08:41:40+0000 | INFO     | roostoo.api | API_REQUEST_OK | method=GET | label=ticker:DOT/USD | elapsed_ms=185
2026-10-06 08:41:40+0000 | INFO     | roostoo.api | API_REQUEST_START | method=GET | label=ticker:BNB/USD | path=/v3/ticker
2026-10-06 08:41:40+0000 | INFO     | roostoo.api | API_REQUEST_OK | method=GET | label=ticker:BNB/USD | elapsed_ms=186
2026-10-06 08:41:40+0000 | INFO     | roostoo.api | API_REQUEST_START | method=GET | label=ticker:SUI/USD | path=/v3/ticker
2026-10-06 08:41:41+0000 | INFO     | roostoo.api | API_REQUEST_OK | method=GET | label=ticker:SUI/USD | elapsed_ms=503
2026-10-06 08:41:41+0000 | INFO     | roostoo.api | API_REQUEST_START | method=GET | label=ticker:BTC/USD | path=/v3/ticker
2026-10-06 08:41:41+0000 | INFO     | roostoo.api | API_REQUEST_OK | method=GET | label=ticker:BTC/USD | elapsed_ms=185
2026-10-06 08:41:41+0000 | INFO     | bot | LOOP_COMPLETE | elapsed_ms=1468
2026-10-06 08:42:40+0000 | INFO     | roostoo.api | API_REQUEST_START | method=GET | label=ticker:TRX/USD | path=/v3/ticker
2026-10-06 08:42:40+0000 | INFO     | roostoo.api | API_REQUEST_OK | method=GET | label=ticker:TRX/USD | elapsed_ms=186
2026-10-06 08:42:40+0000 | INFO     | roostoo.api | API_REQUEST_START | method=GET | label=ticker:AVAX/USD | path=/v3/ticker
2026-10-06 08:42:40+0000 | INFO     | roostoo.api | API_REQUEST_OK | method=GET | label=ticker:AVAX/USD | elapsed_ms=172
2026-10-06 08:42:40+0000 | INFO     | roostoo.api | API_REQUEST_START | method=GET | label=ticker:DOT/USD | path=/v3/ticker
2026-10-06 08:42:40+0000 | INFO     | roostoo.api | API_REQUEST_OK | method=GET | label=ticker:DOT/USD | elapsed_ms=184
2026-10-06 08:42:40+0000 | INFO     | roostoo.api | API_REQUEST_START | method=GET | label=ticker:BNB/USD | path=/v3/ticker
2026-10-06 08:42:41+0000 | INFO     | roostoo.api | API_REQUEST_OK | method=GET | label=ticker:BNB/USD | elapsed_ms=503
2026-10-06 08:42:41+0000 | INFO     | roostoo.api | API_REQUEST_START | method=GET | label=ticker:SUI/USD | path=/v3/ticker
2026-10-06 08:42:41+0000 | INFO     | roostoo.api | API_REQUEST_OK | method=GET | label=ticker:SUI/USD | elapsed_ms=184
2026-10-06 08:42:41+0000 | INFO     | roostoo.api | API_REQUEST_START | method=GET | label=ticker:BTC/USD | path=/v3/ticker
2026-10-06 08:42:41+0000 | INFO     | roostoo.api | API_REQUEST_OK | method=GET | label=ticker:BTC/USD | elapsed_ms=580
2026-10-06 08:42:41+0000 | INFO     | bot | LOOP_COMPLETE | elapsed_ms=1856
2026-10-06 08:43:40+0000 | INFO     | roostoo.api | API_REQUEST_START | method=GET | label=ticker:TRX/USD | path=/v3/ticker
2026-10-06 08:43:40+0000 | INFO     | roostoo.api | API_REQUEST_OK | method=GET | label=ticker:TRX/USD | elapsed_ms=198
2026-10-06 08:43:40+0000 | INFO     | roostoo.api | API_REQUEST_START | method=GET | label=server_time | path=/v3/serverTime
2026-10-06 08:43:40+0000 | INFO     | roostoo.api | API_REQUEST_OK | method=GET | label=server_time | elapsed_ms=185
2026-10-06 08:43:40+0000 | INFO     | roostoo.api | SERVER_TIME_SYNC | offset_ms=101
2026-10-06 08:43:40+0000 | INFO     | roostoo.api | API_REQUEST_START | method=GET | label=ticker:AVAX/USD | path=/v3/ticker
2026-10-06 08:43:40+0000 | INFO     | roostoo.api | API_REQUEST_OK | method=GET | label=ticker:AVAX/USD | elapsed_ms=172
2026-10-06 08:43:40+0000 | INFO     | roostoo.api | API_REQUEST_START | method=GET | label=ticker:DOT/USD | path=/v3/ticker
2026-10-06 08:43:40+0000 | INFO     | roostoo.api | API_REQUEST_OK | method=GET | label=ticker:DOT/USD | elapsed_ms=224
2026-10-06 08:43:40+0000 | INFO     | roostoo.api | API_REQUEST_START | method=GET | label=ticker:BNB/USD | path=/v3/ticker
2026-10-06 08:43:41+0000 | INFO     | roostoo.api | API_REQUEST_OK | method=GET | label=ticker:BNB/USD | elapsed_ms=173
2026-10-06 08:43:41+0000 | INFO     | roostoo.api | API_REQUEST_START | method=GET | label=ticker:SUI/USD | path=/v3/ticker
2026-10-06 08:43:41+0000 | INFO     | roostoo.api | API_REQUEST_OK | method=GET | label=ticker:SUI/USD | elapsed_ms=501
2026-10-06 08:43:41+0000 | INFO     | roostoo.api | API_REQUEST_START | method=GET | label=ticker:BTC/USD | path=/v3/ticker
2026-10-06 08:43:42+0000 | INFO     | roostoo.api | API_REQUEST_OK | method=GET | label=ticker:BTC/USD | elapsed_ms=505
2026-10-06 08:43:42+0000 | INFO     | bot | LOOP_COMPLETE | elapsed_ms=2013
2026-10-06 08:44:40+0000 | INFO     | roostoo.api | API_REQUEST_START | method=GET | label=ticker:TRX/USD | path=/v3/ticker
2026-10-06 08:44:40+0000 | INFO     | roostoo.api | API_REQUEST_OK | method=GET | label=ticker:TRX/USD | elapsed_ms=173
2026-10-06 08:44:40+0000 | INFO     | roostoo.api | API_REQUEST_START | method=GET | label=ticker:AVAX/USD | path=/v3/ticker
2026-10-06 08:44:40+0000 | INFO     | roostoo.api | API_REQUEST_OK | method=GET | label=ticker:AVAX/USD | elapsed_ms=172
2026-10-06 08:44:40+0000 | INFO     | roostoo.api | API_REQUEST_START | method=GET | label=ticker:DOT/USD | path=/v3/ticker
2026-10-06 08:44:40+0000 | INFO     | roostoo.api | API_REQUEST_OK | method=GET | label=ticker:DOT/USD | elapsed_ms=198
2026-10-06 08:44:40+0000 | INFO     | roostoo.api | API_REQUEST_START | method=GET | label=ticker:BNB/USD | path=/v3/ticker
2026-10-06 08:44:40+0000 | INFO     | roostoo.api | API_REQUEST_OK | method=GET | label=ticker:BNB/USD | elapsed_ms=185
2026-10-06 08:44:40+0000 | INFO     | roostoo.api | API_REQUEST_START | method=GET | label=ticker:SUI/USD | path=/v3/ticker
2026-10-06 08:44:41+0000 | INFO     | roostoo.api | API_REQUEST_OK | method=GET | label=ticker:SUI/USD | elapsed_ms=504
2026-10-06 08:44:41+0000 | INFO     | roostoo.api | API_REQUEST_START | method=GET | label=ticker:BTC/USD | path=/v3/ticker
2026-10-06 08:44:41+0000 | INFO     | roostoo.api | API_REQUEST_OK | method=GET | label=ticker:BTC/USD | elapsed_ms=186
2026-10-06 08:44:41+0000 | INFO     | bot | LOOP_COMPLETE | elapsed_ms=1468
2026-10-06 08:45:40+0000 | INFO     | roostoo.api | API_REQUEST_START | method=GET | label=ticker:TRX/USD | path=/v3/ticker
2026-10-06 08:45:40+0000 | INFO     | roostoo.api | API_REQUEST_OK | method=GET | label=ticker:TRX/USD | elapsed_ms=201
2026-10-06 08:45:40+0000 | INFO     | roostoo.api | API_REQUEST_START | method=GET | label=ticker:AVAX/USD | path=/v3/ticker
2026-10-06 08:45:40+0000 | INFO     | roostoo.api | API_REQUEST_OK | method=GET | label=ticker:AVAX/USD | elapsed_ms=184
2026-10-06 08:45:40+0000 | INFO     | roostoo.api | API_REQUEST_START | method=GET | label=ticker:DOT/USD | path=/v3/ticker
2026-10-06 08:45:40+0000 | INFO     | roostoo.api | API_REQUEST_OK | method=GET | label=ticker:DOT/USD | elapsed_ms=185
2026-10-06 08:45:40+0000 | INFO     | roostoo.api | API_REQUEST_START | method=GET | label=ticker:BNB/USD | path=/v3/ticker
2026-10-06 08:45:40+0000 | INFO     | roostoo.api | API_REQUEST_OK | method=GET | label=ticker:BNB/USD | elapsed_ms=184
2026-10-06 08:45:40+0000 | INFO     | roostoo.api | API_REQUEST_START | method=GET | label=ticker:SUI/USD | path=/v3/ticker
2026-10-06 08:45:41+0000 | INFO     | roostoo.api | API_REQUEST_OK | method=GET | label=ticker:SUI/USD | elapsed_ms=173
2026-10-06 08:45:41+0000 | INFO     | roostoo.api | API_REQUEST_START | method=GET | label=ticker:BTC/USD | path=/v3/ticker
2026-10-06 08:45:41+0000 | INFO     | roostoo.api | API_REQUEST_OK | method=GET | label=ticker:BTC/USD | elapsed_ms=329
2026-10-06 08:45:41+0000 | INFO     | bot | LOOP_COMPLETE | elapsed_ms=1307
2026-10-06 08:46:40+0000 | INFO     | roostoo.api | API_REQUEST_START | method=GET | label=ticker:TRX/USD | path=/v3/ticker
2026-10-06 08:46:40+0000 | INFO     | roostoo.api | API_REQUEST_OK | method=GET | label=ticker:TRX/USD | elapsed_ms=173
2026-10-06 08:46:40+0000 | INFO     | roostoo.api | API_REQUEST_START | method=GET | label=ticker:AVAX/USD | path=/v3/ticker
2026-10-06 08:46:40+0000 | INFO     | roostoo.api | API_REQUEST_OK | method=GET | label=ticker:AVAX/USD | elapsed_ms=173
2026-10-06 08:46:40+0000 | INFO     | roostoo.api | API_REQUEST_START | method=GET | label=ticker:DOT/USD | path=/v3/ticker
2026-10-06 08:46:40+0000 | INFO     | roostoo.api | API_REQUEST_OK | method=GET | label=ticker:DOT/USD | elapsed_ms=186
2026-10-06 08:46:40+0000 | INFO     | roostoo.api | API_REQUEST_START | method=GET | label=ticker:BNB/USD | path=/v3/ticker
2026-10-06 08:46:41+0000 | INFO     | roostoo.api | API_REQUEST_OK | method=GET | label=ticker:BNB/USD | elapsed_ms=540
2026-10-06 08:46:41+0000 | INFO     | roostoo.api | API_REQUEST_START | method=GET | label=ticker:SUI/USD | path=/v3/ticker
2026-10-06 08:46:41+0000 | INFO     | roostoo.api | API_REQUEST_OK | method=GET | label=ticker:SUI/USD | elapsed_ms=186
2026-10-06 08:46:41+0000 | INFO     | roostoo.api | API_REQUEST_START | method=GET | label=ticker:BTC/USD | path=/v3/ticker
2026-10-06 08:46:41+0000 | INFO     | roostoo.api | API_REQUEST_OK | method=GET | label=ticker:BTC/USD | elapsed_ms=185
2026-10-06 08:46:41+0000 | INFO     | bot | LOOP_COMPLETE | elapsed_ms=1492
2026-10-06 08:47:40+0000 | INFO     | roostoo.api | API_REQUEST_START | method=GET | label=ticker:TRX/USD | path=/v3/ticker
2026-10-06 08:47:40+0000 | INFO     | roostoo.api | API_REQUEST_OK | method=GET | label=ticker:TRX/USD | elapsed_ms=192
2026-10-06 08:47:40+0000 | INFO     | roostoo.api | API_REQUEST_START | method=GET | label=ticker:AVAX/USD | path=/v3/ticker
2026-10-06 08:47:40+0000 | INFO     | roostoo.api | API_REQUEST_OK | method=GET | label=ticker:AVAX/USD | elapsed_ms=184
2026-10-06 08:47:40+0000 | INFO     | roostoo.api | API_REQUEST_START | method=GET | label=ticker:DOT/USD | path=/v3/ticker
2026-10-06 08:47:41+0000 | INFO     | roostoo.api | API_REQUEST_OK | method=GET | label=ticker:DOT/USD | elapsed_ms=540
2026-10-06 08:47:41+0000 | INFO     | roostoo.api | API_REQUEST_START | method=GET | label=ticker:BNB/USD | path=/v3/ticker
2026-10-06 08:47:41+0000 | INFO     | roostoo.api | API_REQUEST_OK | method=GET | label=ticker:BNB/USD | elapsed_ms=185
2026-10-06 08:47:41+0000 | INFO     | roostoo.api | API_REQUEST_START | method=GET | label=ticker:SUI/USD | path=/v3/ticker
2026-10-06 08:47:41+0000 | INFO     | roostoo.api | API_REQUEST_OK | method=GET | label=ticker:SUI/USD | elapsed_ms=185
2026-10-06 08:47:41+0000 | INFO     | roostoo.api | API_REQUEST_START | method=GET | label=ticker:BTC/USD | path=/v3/ticker
2026-10-06 08:47:41+0000 | INFO     | roostoo.api | API_REQUEST_OK | method=GET | label=ticker:BTC/USD | elapsed_ms=500
2026-10-06 08:47:41+0000 | INFO     | bot | LOOP_COMPLETE | elapsed_ms=1838
2026-10-06 08:48:40+0000 | INFO     | roostoo.api | API_REQUEST_START | method=GET | label=ticker:TRX/USD | path=/v3/ticker
2026-10-06 08:48:40+0000 | INFO     | roostoo.api | API_REQUEST_OK | method=GET | label=ticker:TRX/USD | elapsed_ms=172
2026-10-06 08:48:40+0000 | INFO     | roostoo.api | API_REQUEST_START | method=GET | label=ticker:AVAX/USD | path=/v3/ticker
2026-10-06 08:48:40+0000 | INFO     | roostoo.api | API_REQUEST_OK | method=GET | label=ticker:AVAX/USD | elapsed_ms=171
2026-10-06 08:48:40+0000 | INFO     | roostoo.api | API_REQUEST_START | method=GET | label=ticker:DOT/USD | path=/v3/ticker
2026-10-06 08:48:40+0000 | INFO     | roostoo.api | API_REQUEST_OK | method=GET | label=ticker:DOT/USD | elapsed_ms=185
2026-10-06 08:48:40+0000 | INFO     | roostoo.api | API_REQUEST_START | method=GET | label=server_time | path=/v3/serverTime
2026-10-06 08:48:40+0000 | INFO     | roostoo.api | API_REQUEST_OK | method=GET | label=server_time | elapsed_ms=185
2026-10-06 08:48:40+0000 | INFO     | roostoo.api | SERVER_TIME_SYNC | offset_ms=88
2026-10-06 08:48:40+0000 | INFO     | roostoo.api | API_REQUEST_START | method=GET | label=ticker:BNB/USD | path=/v3/ticker
2026-10-06 08:48:41+0000 | INFO     | roostoo.api | API_REQUEST_OK | method=GET | label=ticker:BNB/USD | elapsed_ms=499
2026-10-06 08:48:41+0000 | INFO     | roostoo.api | API_REQUEST_START | method=GET | label=ticker:SUI/USD | path=/v3/ticker
2026-10-06 08:48:41+0000 | INFO     | roostoo.api | API_REQUEST_OK | method=GET | label=ticker:SUI/USD | elapsed_ms=174
2026-10-06 08:48:41+0000 | INFO     | roostoo.api | API_REQUEST_START | method=GET | label=ticker:BTC/USD | path=/v3/ticker
2026-10-06 08:48:41+0000 | INFO     | roostoo.api | API_REQUEST_OK | method=GET | label=ticker:BTC/USD | elapsed_ms=173
2026-10-06 08:48:41+0000 | INFO     | bot | LOOP_COMPLETE | elapsed_ms=1607
2026-10-06 08:49:40+0000 | INFO     | roostoo.api | API_REQUEST_START | method=GET | label=ticker:TRX/USD | path=/v3/ticker
2026-10-06 08:49:40+0000 | INFO     | roostoo.api | API_REQUEST_OK | method=GET | label=ticker:TRX/USD | elapsed_ms=187
2026-10-06 08:49:40+0000 | INFO     | roostoo.api | API_REQUEST_START | method=GET | label=ticker:AVAX/USD | path=/v3/ticker
2026-10-06 08:49:40+0000 | INFO     | roostoo.api | API_REQUEST_OK | method=GET | label=ticker:AVAX/USD | elapsed_ms=186
2026-10-06 08:49:40+0000 | INFO     | roostoo.api | API_REQUEST_START | method=GET | label=ticker:DOT/USD | path=/v3/ticker
2026-10-06 08:49:40+0000 | INFO     | roostoo.api | API_REQUEST_OK | method=GET | label=ticker:DOT/USD | elapsed_ms=172
2026-10-06 08:49:40+0000 | INFO     | roostoo.api | API_REQUEST_START | method=GET | label=ticker:BNB/USD | path=/v3/ticker
2026-10-06 08:49:40+0000 | INFO     | roostoo.api | API_REQUEST_OK | method=GET | label=ticker:BNB/USD | elapsed_ms=172
2026-10-06 08:49:40+0000 | INFO     | roostoo.api | API_REQUEST_START | method=GET | label=ticker:SUI/USD | path=/v3/ticker
2026-10-06 08:49:41+0000 | INFO     | roostoo.api | API_REQUEST_OK | method=GET | label=ticker:SUI/USD | elapsed_ms=185
2026-10-06 08:49:41+0000 | INFO     | roostoo.api | API_REQUEST_START | method=GET | label=ticker:BTC/USD | path=/v3/ticker
2026-10-06 08:49:41+0000 | INFO     | roostoo.api | API_REQUEST_OK | method=GET | label=ticker:BTC/USD | elapsed_ms=543
2026-10-06 08:49:41+0000 | INFO     | bot | LOOP_COMPLETE | elapsed_ms=1493
2026-10-06 08:50:40+0000 | INFO     | roostoo.api | API_REQUEST_START | method=GET | label=ticker:TRX/USD | path=/v3/ticker
2026-10-06 08:50:40+0000 | INFO     | roostoo.api | API_REQUEST_OK | method=GET | label=ticker:TRX/USD | elapsed_ms=187
2026-10-06 08:50:40+0000 | INFO     | roostoo.api | API_REQUEST_START | method=GET | label=ticker:AVAX/USD | path=/v3/ticker
2026-10-06 08:50:40+0000 | INFO     | roostoo.api | API_REQUEST_OK | method=GET | label=ticker:AVAX/USD | elapsed_ms=186
2026-10-06 08:50:40+0000 | INFO     | roostoo.api | API_REQUEST_START | method=GET | label=ticker:DOT/USD | path=/v3/ticker
2026-10-06 08:50:40+0000 | INFO     | roostoo.api | API_REQUEST_OK | method=GET | label=ticker:DOT/USD | elapsed_ms=187
2026-10-06 08:50:40+0000 | INFO     | roostoo.api | API_REQUEST_START | method=GET | label=ticker:BNB/USD | path=/v3/ticker
2026-10-06 08:50:40+0000 | INFO     | roostoo.api | API_REQUEST_OK | method=GET | label=ticker:BNB/USD | elapsed_ms=188
2026-10-06 08:50:40+0000 | INFO     | roostoo.api | API_REQUEST_START | method=GET | label=ticker:SUI/USD | path=/v3/ticker
2026-10-06 08:50:41+0000 | INFO     | roostoo.api | API_REQUEST_OK | method=GET | label=ticker:SUI/USD | elapsed_ms=185
2026-10-06 08:50:41+0000 | INFO     | roostoo.api | API_REQUEST_START | method=GET | label=ticker:BTC/USD | path=/v3/ticker
2026-10-06 08:50:41+0000 | INFO     | roostoo.api | API_REQUEST_OK | method=GET | label=ticker:BTC/USD | elapsed_ms=186
2026-10-06 08:50:41+0000 | INFO     | bot | LOOP_COMPLETE | elapsed_ms=1172
2026-10-06 08:51:40+0000 | INFO     | roostoo.api | API_REQUEST_START | method=GET | label=ticker:TRX/USD | path=/v3/ticker
2026-10-06 08:51:40+0000 | INFO     | roostoo.api | API_REQUEST_OK | method=GET | label=ticker:TRX/USD | elapsed_ms=174
2026-10-06 08:51:40+0000 | INFO     | roostoo.api | API_REQUEST_START | method=GET | label=ticker:AVAX/USD | path=/v3/ticker
2026-10-06 08:51:40+0000 | INFO     | roostoo.api | API_REQUEST_OK | method=GET | label=ticker:AVAX/USD | elapsed_ms=173
2026-10-06 08:51:40+0000 | INFO     | roostoo.api | API_REQUEST_START | method=GET | label=ticker:DOT/USD | path=/v3/ticker
2026-10-06 08:51:40+0000 | INFO     | roostoo.api | API_REQUEST_OK | method=GET | label=ticker:DOT/USD | elapsed_ms=184
2026-10-06 08:51:40+0000 | INFO     | roostoo.api | API_REQUEST_START | method=GET | label=ticker:BNB/USD | path=/v3/ticker
2026-10-06 08:51:40+0000 | INFO     | roostoo.api | API_REQUEST_OK | method=GET | label=ticker:BNB/USD | elapsed_ms=186
2026-10-06 08:51:40+0000 | INFO     | roostoo.api | API_REQUEST_START | method=GET | label=ticker:SUI/USD | path=/v3/ticker
2026-10-06 08:51:41+0000 | INFO     | roostoo.api | API_REQUEST_OK | method=GET | label=ticker:SUI/USD | elapsed_ms=185
2026-10-06 08:51:41+0000 | INFO     | roostoo.api | API_REQUEST_START | method=GET | label=ticker:BTC/USD | path=/v3/ticker
2026-10-06 08:51:41+0000 | INFO     | roostoo.api | API_REQUEST_OK | method=GET | label=ticker:BTC/USD | elapsed_ms=540
2026-10-06 08:51:41+0000 | INFO     | bot | LOOP_COMPLETE | elapsed_ms=1497
2026-10-06 08:52:40+0000 | INFO     | roostoo.api | API_REQUEST_START | method=GET | label=ticker:TRX/USD | path=/v3/ticker
2026-10-06 08:52:40+0000 | INFO     | roostoo.api | API_REQUEST_OK | method=GET | label=ticker:TRX/USD | elapsed_ms=187
2026-10-06 08:52:40+0000 | INFO     | roostoo.api | API_REQUEST_START | method=GET | label=ticker:AVAX/USD | path=/v3/ticker
2026-10-06 08:52:40+0000 | INFO     | roostoo.api | API_REQUEST_OK | method=GET | label=ticker:AVAX/USD | elapsed_ms=185
2026-10-06 08:52:40+0000 | INFO     | roostoo.api | API_REQUEST_START | method=GET | label=ticker:DOT/USD | path=/v3/ticker
2026-10-06 08:52:40+0000 | INFO     | roostoo.api | API_REQUEST_OK | method=GET | label=ticker:DOT/USD | elapsed_ms=175
2026-10-06 08:52:40+0000 | INFO     | roostoo.api | API_REQUEST_START | method=GET | label=ticker:BNB/USD | path=/v3/ticker
2026-10-06 08:52:40+0000 | INFO     | roostoo.api | API_REQUEST_OK | method=GET | label=ticker:BNB/USD | elapsed_ms=172
2026-10-06 08:52:40+0000 | INFO     | roostoo.api | API_REQUEST_START | method=GET | label=ticker:SUI/USD | path=/v3/ticker
2026-10-06 08:52:41+0000 | INFO     | roostoo.api | API_REQUEST_OK | method=GET | label=ticker:SUI/USD | elapsed_ms=306
2026-10-06 08:52:41+0000 | INFO     | roostoo.api | API_REQUEST_START | method=GET | label=ticker:BTC/USD | path=/v3/ticker
2026-10-06 08:52:41+0000 | INFO     | roostoo.api | API_REQUEST_OK | method=GET | label=ticker:BTC/USD | elapsed_ms=255
2026-10-06 08:52:41+0000 | INFO     | bot | LOOP_COMPLETE | elapsed_ms=1328
2026-10-06 08:53:40+0000 | INFO     | roostoo.api | API_REQUEST_START | method=GET | label=ticker:TRX/USD | path=/v3/ticker
2026-10-06 08:53:40+0000 | INFO     | roostoo.api | API_REQUEST_OK | method=GET | label=ticker:TRX/USD | elapsed_ms=188
2026-10-06 08:53:40+0000 | INFO     | roostoo.api | API_REQUEST_START | method=GET | label=ticker:AVAX/USD | path=/v3/ticker
2026-10-06 08:53:40+0000 | INFO     | roostoo.api | API_REQUEST_OK | method=GET | label=ticker:AVAX/USD | elapsed_ms=198
2026-10-06 08:53:40+0000 | INFO     | roostoo.api | API_REQUEST_START | method=GET | label=ticker:DOT/USD | path=/v3/ticker
2026-10-06 08:53:41+0000 | INFO     | roostoo.api | API_REQUEST_OK | method=GET | label=ticker:DOT/USD | elapsed_ms=503
2026-10-06 08:53:41+0000 | INFO     | roostoo.api | API_REQUEST_START | method=GET | label=server_time | path=/v3/serverTime
2026-10-06 08:53:41+0000 | INFO     | roostoo.api | API_REQUEST_OK | method=GET | label=server_time | elapsed_ms=541
2026-10-06 08:53:41+0000 | INFO     | roostoo.api | SERVER_TIME_SYNC | offset_ms=457
2026-10-06 08:53:41+0000 | INFO     | roostoo.api | API_REQUEST_START | method=GET | label=ticker:BNB/USD | path=/v3/ticker
2026-10-06 08:53:41+0000 | INFO     | roostoo.api | API_REQUEST_OK | method=GET | label=ticker:BNB/USD | elapsed_ms=172
2026-10-06 08:53:41+0000 | INFO     | roostoo.api | API_REQUEST_START | method=GET | label=ticker:SUI/USD | path=/v3/ticker
2026-10-06 08:53:41+0000 | INFO     | roostoo.api | API_REQUEST_OK | method=GET | label=ticker:SUI/USD | elapsed_ms=186
2026-10-06 08:53:41+0000 | INFO     | roostoo.api | API_REQUEST_START | method=GET | label=ticker:BTC/USD | path=/v3/ticker
2026-10-06 08:53:42+0000 | INFO     | roostoo.api | API_REQUEST_OK | method=GET | label=ticker:BTC/USD | elapsed_ms=189
2026-10-06 08:53:42+0000 | INFO     | bot | LOOP_COMPLETE | elapsed_ms=2042
2026-10-06 08:54:40+0000 | INFO     | roostoo.api | API_REQUEST_START | method=GET | label=ticker:TRX/USD | path=/v3/ticker
2026-10-06 08:54:40+0000 | INFO     | roostoo.api | API_REQUEST_OK | method=GET | label=ticker:TRX/USD | elapsed_ms=187
2026-10-06 08:54:40+0000 | INFO     | roostoo.api | API_REQUEST_START | method=GET | label=ticker:AVAX/USD | path=/v3/ticker
2026-10-06 08:54:40+0000 | INFO     | roostoo.api | API_REQUEST_OK | method=GET | label=ticker:AVAX/USD | elapsed_ms=198
2026-10-06 08:54:40+0000 | INFO     | roostoo.api | API_REQUEST_START | method=GET | label=ticker:DOT/USD | path=/v3/ticker
2026-10-06 08:54:40+0000 | INFO     | roostoo.api | API_REQUEST_OK | method=GET | label=ticker:DOT/USD | elapsed_ms=185
2026-10-06 08:54:40+0000 | INFO     | roostoo.api | API_REQUEST_START | method=GET | label=ticker:BNB/USD | path=/v3/ticker
2026-10-06 08:54:40+0000 | INFO     | roostoo.api | API_REQUEST_OK | method=GET | label=ticker:BNB/USD | elapsed_ms=186
2026-10-06 08:54:40+0000 | INFO     | roostoo.api | API_REQUEST_START | method=GET | label=ticker:SUI/USD | path=/v3/ticker
2026-10-06 08:54:41+0000 | INFO     | roostoo.api | API_REQUEST_OK | method=GET | label=ticker:SUI/USD | elapsed_ms=173
2026-10-06 08:54:41+0000 | INFO     | roostoo.api | API_REQUEST_START | method=GET | label=ticker:BTC/USD | path=/v3/ticker
2026-10-06 08:54:41+0000 | INFO     | roostoo.api | API_REQUEST_OK | method=GET | label=ticker:BTC/USD | elapsed_ms=186
2026-10-06 08:54:41+0000 | INFO     | bot | LOOP_COMPLETE | elapsed_ms=1165
2026-10-06 08:55:40+0000 | INFO     | roostoo.api | API_REQUEST_START | method=GET | label=ticker:TRX/USD | path=/v3/ticker
2026-10-06 08:55:40+0000 | INFO     | roostoo.api | API_REQUEST_OK | method=GET | label=ticker:TRX/USD | elapsed_ms=174
2026-10-06 08:55:40+0000 | INFO     | roostoo.api | API_REQUEST_START | method=GET | label=ticker:AVAX/USD | path=/v3/ticker
2026-10-06 08:55:40+0000 | INFO     | roostoo.api | API_REQUEST_OK | method=GET | label=ticker:AVAX/USD | elapsed_ms=171
2026-10-06 08:55:40+0000 | INFO     | roostoo.api | API_REQUEST_START | method=GET | label=ticker:DOT/USD | path=/v3/ticker
2026-10-06 08:55:40+0000 | INFO     | roostoo.api | API_REQUEST_OK | method=GET | label=ticker:DOT/USD | elapsed_ms=541
2026-10-06 08:55:40+0000 | INFO     | roostoo.api | API_REQUEST_START | method=GET | label=ticker:BNB/USD | path=/v3/ticker
2026-10-06 08:55:41+0000 | INFO     | roostoo.api | API_REQUEST_OK | method=GET | label=ticker:BNB/USD | elapsed_ms=184
2026-10-06 08:55:41+0000 | INFO     | roostoo.api | API_REQUEST_START | method=GET | label=ticker:SUI/USD | path=/v3/ticker
2026-10-06 08:55:41+0000 | INFO     | roostoo.api | API_REQUEST_OK | method=GET | label=ticker:SUI/USD | elapsed_ms=539
2026-10-06 08:55:41+0000 | INFO     | roostoo.api | API_REQUEST_START | method=GET | label=ticker:BTC/USD | path=/v3/ticker
2026-10-06 08:55:42+0000 | INFO     | roostoo.api | API_REQUEST_OK | method=GET | label=ticker:BTC/USD | elapsed_ms=581
2026-10-06 08:55:42+0000 | INFO     | bot | LOOP_COMPLETE | elapsed_ms=2255
2026-10-06 08:56:40+0000 | INFO     | roostoo.api | API_REQUEST_START | method=GET | label=ticker:TRX/USD | path=/v3/ticker
2026-10-06 08:56:40+0000 | INFO     | roostoo.api | API_REQUEST_OK | method=GET | label=ticker:TRX/USD | elapsed_ms=193
2026-10-06 08:56:40+0000 | INFO     | roostoo.api | API_REQUEST_START | method=GET | label=ticker:AVAX/USD | path=/v3/ticker
2026-10-06 08:56:40+0000 | INFO     | roostoo.api | API_REQUEST_OK | method=GET | label=ticker:AVAX/USD | elapsed_ms=173
2026-10-06 08:56:40+0000 | INFO     | roostoo.api | API_REQUEST_START | method=GET | label=ticker:DOT/USD | path=/v3/ticker
2026-10-06 08:56:40+0000 | INFO     | roostoo.api | API_REQUEST_OK | method=GET | label=ticker:DOT/USD | elapsed_ms=184
2026-10-06 08:56:40+0000 | INFO     | roostoo.api | API_REQUEST_START | method=GET | label=ticker:BNB/USD | path=/v3/ticker
2026-10-06 08:56:40+0000 | INFO     | roostoo.api | API_REQUEST_OK | method=GET | label=ticker:BNB/USD | elapsed_ms=173
2026-10-06 08:56:40+0000 | INFO     | roostoo.api | API_REQUEST_START | method=GET | label=ticker:SUI/USD | path=/v3/ticker
2026-10-06 08:56:41+0000 | INFO     | roostoo.api | API_REQUEST_OK | method=GET | label=ticker:SUI/USD | elapsed_ms=184
2026-10-06 08:56:41+0000 | INFO     | roostoo.api | API_REQUEST_START | method=GET | label=ticker:BTC/USD | path=/v3/ticker
2026-10-06 08:56:41+0000 | INFO     | roostoo.api | API_REQUEST_OK | method=GET | label=ticker:BTC/USD | elapsed_ms=502
2026-10-06 08:56:41+0000 | INFO     | bot | LOOP_COMPLETE | elapsed_ms=1464
2026-10-06 08:57:40+0000 | INFO     | roostoo.api | API_REQUEST_START | method=GET | label=ticker:TRX/USD | path=/v3/ticker
2026-10-06 08:57:40+0000 | INFO     | roostoo.api | API_REQUEST_OK | method=GET | label=ticker:TRX/USD | elapsed_ms=187
2026-10-06 08:57:40+0000 | INFO     | roostoo.api | API_REQUEST_START | method=GET | label=ticker:AVAX/USD | path=/v3/ticker
2026-10-06 08:57:40+0000 | INFO     | roostoo.api | API_REQUEST_OK | method=GET | label=ticker:AVAX/USD | elapsed_ms=185
2026-10-06 08:57:40+0000 | INFO     | roostoo.api | API_REQUEST_START | method=GET | label=ticker:DOT/USD | path=/v3/ticker
2026-10-06 08:57:40+0000 | INFO     | roostoo.api | API_REQUEST_OK | method=GET | label=ticker:DOT/USD | elapsed_ms=172
2026-10-06 08:57:40+0000 | INFO     | roostoo.api | API_REQUEST_START | method=GET | label=ticker:BNB/USD | path=/v3/ticker
2026-10-06 08:57:40+0000 | INFO     | roostoo.api | API_REQUEST_OK | method=GET | label=ticker:BNB/USD | elapsed_ms=172
2026-10-06 08:57:40+0000 | INFO     | roostoo.api | API_REQUEST_START | method=GET | label=ticker:SUI/USD | path=/v3/ticker
2026-10-06 08:57:41+0000 | INFO     | roostoo.api | API_REQUEST_OK | method=GET | label=ticker:SUI/USD | elapsed_ms=188
2026-10-06 08:57:41+0000 | INFO     | roostoo.api | API_REQUEST_START | method=GET | label=ticker:BTC/USD | path=/v3/ticker
2026-10-06 08:57:41+0000 | INFO     | roostoo.api | API_REQUEST_OK | method=GET | label=ticker:BTC/USD | elapsed_ms=186
2026-10-06 08:57:41+0000 | INFO     | bot | LOOP_COMPLETE | elapsed_ms=1136
2026-10-06 08:58:40+0000 | INFO     | roostoo.api | API_REQUEST_START | method=GET | label=ticker:TRX/USD | path=/v3/ticker
2026-10-06 08:58:40+0000 | INFO     | roostoo.api | API_REQUEST_OK | method=GET | label=ticker:TRX/USD | elapsed_ms=175
2026-10-06 08:58:40+0000 | INFO     | roostoo.api | API_REQUEST_START | method=GET | label=ticker:AVAX/USD | path=/v3/ticker
2026-10-06 08:58:40+0000 | INFO     | roostoo.api | API_REQUEST_OK | method=GET | label=ticker:AVAX/USD | elapsed_ms=171
2026-10-06 08:58:40+0000 | INFO     | roostoo.api | API_REQUEST_START | method=GET | label=ticker:DOT/USD | path=/v3/ticker
2026-10-06 08:58:40+0000 | INFO     | roostoo.api | API_REQUEST_OK | method=GET | label=ticker:DOT/USD | elapsed_ms=172
2026-10-06 08:58:40+0000 | INFO     | roostoo.api | API_REQUEST_START | method=GET | label=ticker:BNB/USD | path=/v3/ticker
2026-10-06 08:58:40+0000 | INFO     | roostoo.api | API_REQUEST_OK | method=GET | label=ticker:BNB/USD | elapsed_ms=172
2026-10-06 08:58:40+0000 | INFO     | roostoo.api | API_REQUEST_START | method=GET | label=ticker:SUI/USD | path=/v3/ticker
2026-10-06 08:58:41+0000 | INFO     | roostoo.api | API_REQUEST_OK | method=GET | label=ticker:SUI/USD | elapsed_ms=171
2026-10-06 08:58:41+0000 | INFO     | roostoo.api | API_REQUEST_START | method=GET | label=ticker:BTC/USD | path=/v3/ticker
2026-10-06 08:58:41+0000 | INFO     | roostoo.api | API_REQUEST_OK | method=GET | label=ticker:BTC/USD | elapsed_ms=184
2026-10-06 08:58:41+0000 | INFO     | bot | LOOP_COMPLETE | elapsed_ms=1094
2026-10-06 08:59:40+0000 | INFO     | roostoo.api | API_REQUEST_START | method=GET | label=server_time | path=/v3/serverTime
2026-10-06 08:59:40+0000 | INFO     | roostoo.api | API_REQUEST_OK | method=GET | label=server_time | elapsed_ms=220
2026-10-06 08:59:40+0000 | INFO     | roostoo.api | SERVER_TIME_SYNC | offset_ms=135
2026-10-06 08:59:40+0000 | INFO     | roostoo.api | API_REQUEST_START | method=GET | label=ticker:TRX/USD | path=/v3/ticker
2026-10-06 08:59:40+0000 | INFO     | roostoo.api | API_REQUEST_OK | method=GET | label=ticker:TRX/USD | elapsed_ms=171
2026-10-06 08:59:40+0000 | INFO     | roostoo.api | API_REQUEST_START | method=GET | label=ticker:AVAX/USD | path=/v3/ticker
2026-10-06 08:59:40+0000 | INFO     | roostoo.api | API_REQUEST_OK | method=GET | label=ticker:AVAX/USD | elapsed_ms=198
2026-10-06 08:59:40+0000 | INFO     | roostoo.api | API_REQUEST_START | method=GET | label=ticker:DOT/USD | path=/v3/ticker
2026-10-06 08:59:40+0000 | INFO     | roostoo.api | API_REQUEST_OK | method=GET | label=ticker:DOT/USD | elapsed_ms=198
2026-10-06 08:59:40+0000 | INFO     | roostoo.api | API_REQUEST_START | method=GET | label=ticker:BNB/USD | path=/v3/ticker
2026-10-06 08:59:41+0000 | INFO     | roostoo.api | API_REQUEST_OK | method=GET | label=ticker:BNB/USD | elapsed_ms=503
2026-10-06 08:59:41+0000 | INFO     | roostoo.api | API_REQUEST_START | method=GET | label=ticker:SUI/USD | path=/v3/ticker
2026-10-06 08:59:41+0000 | INFO     | roostoo.api | API_REQUEST_OK | method=GET | label=ticker:SUI/USD | elapsed_ms=186
2026-10-06 08:59:41+0000 | INFO     | roostoo.api | API_REQUEST_START | method=GET | label=ticker:BTC/USD | path=/v3/ticker
2026-10-06 08:59:41+0000 | INFO     | roostoo.api | API_REQUEST_OK | method=GET | label=ticker:BTC/USD | elapsed_ms=333
2026-10-06 08:59:41+0000 | INFO     | bot | LOOP_COMPLETE | elapsed_ms=1858
2026-10-06 09:00:40+0000 | INFO     | roostoo.api | API_REQUEST_START | method=GET | label=ticker:TRX/USD | path=/v3/ticker
2026-10-06 09:00:40+0000 | INFO     | roostoo.api | API_REQUEST_OK | method=GET | label=ticker:TRX/USD | elapsed_ms=173
2026-10-06 09:00:40+0000 | INFO     | bot | SIGNAL_CANDLE | pair=TRX/USD | candle=1791273600000 | signal=0 | fast=0.33617516 | slow=0.33602664
2026-10-06 09:00:40+0000 | WARNING  | bot | SIGNAL_EXECUTION | pair=TRX/USD | signal_candle=1791273600000 | execution_hour=1791277200000 | price=0.3366 | action=HOLD | reason=NONE | fast=0.33617516 | slow=0.33602664
2026-10-06 09:00:40+0000 | INFO     | roostoo.api | API_REQUEST_START | method=GET | label=ticker:AVAX/USD | path=/v3/ticker
2026-10-06 09:00:40+0000 | INFO     | roostoo.api | API_REQUEST_OK | method=GET | label=ticker:AVAX/USD | elapsed_ms=172
2026-10-06 09:00:40+0000 | INFO     | bot | SIGNAL_CANDLE | pair=AVAX/USD | candle=1791273600000 | signal=0 | fast=11.09856563 | slow=11.06442750
2026-10-06 09:00:40+0000 | WARNING  | bot | SIGNAL_EXECUTION | pair=AVAX/USD | signal_candle=1791273600000 | execution_hour=1791277200000 | price=11.316 | action=HOLD | reason=NONE | fast=11.09856563 | slow=11.06442750
2026-10-06 09:00:40+0000 | INFO     | roostoo.api | API_REQUEST_START | method=GET | label=ticker:DOT/USD | path=/v3/ticker
2026-10-06 09:00:40+0000 | INFO     | roostoo.api | API_REQUEST_OK | method=GET | label=ticker:DOT/USD | elapsed_ms=186
2026-10-06 09:00:40+0000 | INFO     | bot | SIGNAL_CANDLE | pair=DOT/USD | candle=1791273600000 | signal=0 | fast=1.21704687 | slow=1.21051647
2026-10-06 09:00:40+0000 | WARNING  | bot | SIGNAL_EXECUTION | pair=DOT/USD | signal_candle=1791273600000 | execution_hour=1791277200000 | price=1.23 | action=HOLD | reason=NONE | fast=1.21704687 | slow=1.21051647
2026-10-06 09:00:40+0000 | INFO     | roostoo.api | API_REQUEST_START | method=GET | label=ticker:BNB/USD | path=/v3/ticker
2026-10-06 09:00:40+0000 | INFO     | roostoo.api | API_REQUEST_OK | method=GET | label=ticker:BNB/USD | elapsed_ms=172
2026-10-06 09:00:40+0000 | INFO     | bot | SIGNAL_CANDLE | pair=BNB/USD | candle=1791273600000 | signal=0 | fast=785.69713195 | slow=785.15857453
2026-10-06 09:00:40+0000 | WARNING  | bot | SIGNAL_EXECUTION | pair=BNB/USD | signal_candle=1791273600000 | execution_hour=1791277200000 | price=783.23 | action=HOLD | reason=NONE | fast=785.69713195 | slow=785.15857453
2026-10-06 09:00:40+0000 | INFO     | roostoo.api | API_REQUEST_START | method=GET | label=ticker:SUI/USD | path=/v3/ticker
2026-10-06 09:00:41+0000 | INFO     | roostoo.api | API_REQUEST_OK | method=GET | label=ticker:SUI/USD | elapsed_ms=503
2026-10-06 09:00:41+0000 | INFO     | bot | SIGNAL_CANDLE | pair=SUI/USD | candle=1791273600000 | signal=0 | fast=1.20412568 | slow=1.20080260
2026-10-06 09:00:41+0000 | WARNING  | bot | SIGNAL_EXECUTION | pair=SUI/USD | signal_candle=1791273600000 | execution_hour=1791277200000 | price=1.2035 | action=HOLD | reason=NONE | fast=1.20412568 | slow=1.20080260
2026-10-06 09:00:41+0000 | INFO     | roostoo.api | API_REQUEST_START | method=GET | label=ticker:BTC/USD | path=/v3/ticker
2026-10-06 09:00:41+0000 | INFO     | roostoo.api | API_REQUEST_OK | method=GET | label=ticker:BTC/USD | elapsed_ms=174
2026-10-06 09:00:41+0000 | INFO     | bot | SIGNAL_CANDLE | pair=BTC/USD | candle=1791273600000 | signal=0 | fast=85689.15052236 | slow=85565.01807039
2026-10-06 09:00:41+0000 | WARNING  | bot | SIGNAL_EXECUTION | pair=BTC/USD | signal_candle=1791273600000 | execution_hour=1791277200000 | price=86026.88 | action=HOLD | reason=NONE | fast=85689.15052236 | slow=85565.01807039
2026-10-06 09:00:41+0000 | INFO     | bot | LOOP_COMPLETE | elapsed_ms=1464
2026-10-06 09:01:40+0000 | INFO     | roostoo.api | API_REQUEST_START | method=GET | label=ticker:TRX/USD | path=/v3/ticker
2026-10-06 09:01:40+0000 | INFO     | roostoo.api | API_REQUEST_OK | method=GET | label=ticker:TRX/USD | elapsed_ms=177
2026-10-06 09:01:40+0000 | INFO     | roostoo.api | API_REQUEST_START | method=GET | label=ticker:AVAX/USD | path=/v3/ticker
2026-10-06 09:01:40+0000 | INFO     | roostoo.api | API_REQUEST_OK | method=GET | label=ticker:AVAX/USD | elapsed_ms=170
2026-10-06 09:01:40+0000 | INFO     | roostoo.api | API_REQUEST_START | method=GET | label=ticker:DOT/USD | path=/v3/ticker
2026-10-06 09:01:40+0000 | INFO     | roostoo.api | API_REQUEST_OK | method=GET | label=ticker:DOT/USD | elapsed_ms=188
2026-10-06 09:01:40+0000 | INFO     | roostoo.api | API_REQUEST_START | method=GET | label=ticker:BNB/USD | path=/v3/ticker
2026-10-06 09:01:40+0000 | INFO     | roostoo.api | API_REQUEST_OK | method=GET | label=ticker:BNB/USD | elapsed_ms=172
2026-10-06 09:01:40+0000 | INFO     | roostoo.api | API_REQUEST_START | method=GET | label=ticker:SUI/USD | path=/v3/ticker
2026-10-06 09:01:41+0000 | INFO     | roostoo.api | API_REQUEST_OK | method=GET | label=ticker:SUI/USD | elapsed_ms=187
2026-10-06 09:01:41+0000 | INFO     | roostoo.api | API_REQUEST_START | method=GET | label=ticker:BTC/USD | path=/v3/ticker
2026-10-06 09:01:41+0000 | INFO     | roostoo.api | API_REQUEST_OK | method=GET | label=ticker:BTC/USD | elapsed_ms=186
2026-10-06 09:01:41+0000 | INFO     | bot | LOOP_COMPLETE | elapsed_ms=1126
2026-10-06 09:02:40+0000 | INFO     | roostoo.api | API_REQUEST_START | method=GET | label=ticker:TRX/USD | path=/v3/ticker
2026-10-06 09:02:40+0000 | INFO     | roostoo.api | API_REQUEST_OK | method=GET | label=ticker:TRX/USD | elapsed_ms=172
2026-10-06 09:02:40+0000 | INFO     | roostoo.api | API_REQUEST_START | method=GET | label=ticker:AVAX/USD | path=/v3/ticker
2026-10-06 09:02:40+0000 | INFO     | roostoo.api | API_REQUEST_OK | method=GET | label=ticker:AVAX/USD | elapsed_ms=172
2026-10-06 09:02:40+0000 | INFO     | roostoo.api | API_REQUEST_START | method=GET | label=ticker:DOT/USD | path=/v3/ticker
2026-10-06 09:02:40+0000 | INFO     | roostoo.api | API_REQUEST_OK | method=GET | label=ticker:DOT/USD | elapsed_ms=187
2026-10-06 09:02:40+0000 | INFO     | roostoo.api | API_REQUEST_START | method=GET | label=ticker:BNB/USD | path=/v3/ticker
2026-10-06 09:02:40+0000 | INFO     | roostoo.api | API_REQUEST_OK | method=GET | label=ticker:BNB/USD | elapsed_ms=187
2026-10-06 09:02:40+0000 | INFO     | roostoo.api | API_REQUEST_START | method=GET | label=ticker:SUI/USD | path=/v3/ticker
2026-10-06 09:02:41+0000 | INFO     | roostoo.api | API_REQUEST_OK | method=GET | label=ticker:SUI/USD | elapsed_ms=541
2026-10-06 09:02:41+0000 | INFO     | roostoo.api | API_REQUEST_START | method=GET | label=ticker:BTC/USD | path=/v3/ticker
2026-10-06 09:02:41+0000 | INFO     | roostoo.api | API_REQUEST_OK | method=GET | label=ticker:BTC/USD | elapsed_ms=172
2026-10-06 09:02:41+0000 | INFO     | bot | LOOP_COMPLETE | elapsed_ms=1480
2026-10-06 09:03:40+0000 | INFO     | roostoo.api | API_REQUEST_START | method=GET | label=ticker:TRX/USD | path=/v3/ticker
2026-10-06 09:03:40+0000 | INFO     | roostoo.api | API_REQUEST_OK | method=GET | label=ticker:TRX/USD | elapsed_ms=172
2026-10-06 09:03:40+0000 | INFO     | roostoo.api | API_REQUEST_START | method=GET | label=ticker:AVAX/USD | path=/v3/ticker
2026-10-06 09:03:40+0000 | INFO     | roostoo.api | API_REQUEST_OK | method=GET | label=ticker:AVAX/USD | elapsed_ms=172
2026-10-06 09:03:40+0000 | INFO     | roostoo.api | API_REQUEST_START | method=GET | label=ticker:DOT/USD | path=/v3/ticker
2026-10-06 09:03:40+0000 | INFO     | roostoo.api | API_REQUEST_OK | method=GET | label=ticker:DOT/USD | elapsed_ms=185
2026-10-06 09:03:40+0000 | INFO     | roostoo.api | API_REQUEST_START | method=GET | label=ticker:BNB/USD | path=/v3/ticker
2026-10-06 09:03:40+0000 | INFO     | roostoo.api | API_REQUEST_OK | method=GET | label=ticker:BNB/USD | elapsed_ms=185
2026-10-06 09:03:40+0000 | INFO     | roostoo.api | API_REQUEST_START | method=GET | label=ticker:SUI/USD | path=/v3/ticker
2026-10-06 09:03:41+0000 | INFO     | roostoo.api | API_REQUEST_OK | method=GET | label=ticker:SUI/USD | elapsed_ms=185
2026-10-06 09:03:41+0000 | INFO     | roostoo.api | API_REQUEST_START | method=GET | label=ticker:BTC/USD | path=/v3/ticker
2026-10-06 09:03:41+0000 | INFO     | roostoo.api | API_REQUEST_OK | method=GET | label=ticker:BTC/USD | elapsed_ms=187
2026-10-06 09:03:41+0000 | INFO     | bot | LOOP_COMPLETE | elapsed_ms=1134
2026-10-06 09:04:40+0000 | INFO     | roostoo.api | API_REQUEST_START | method=GET | label=ticker:TRX/USD | path=/v3/ticker
2026-10-06 09:04:40+0000 | INFO     | roostoo.api | API_REQUEST_OK | method=GET | label=ticker:TRX/USD | elapsed_ms=187
2026-10-06 09:04:40+0000 | INFO     | roostoo.api | API_REQUEST_START | method=GET | label=ticker:AVAX/USD | path=/v3/ticker
2026-10-06 09:04:40+0000 | INFO     | roostoo.api | API_REQUEST_OK | method=GET | label=ticker:AVAX/USD | elapsed_ms=172
2026-10-06 09:04:40+0000 | INFO     | roostoo.api | API_REQUEST_START | method=GET | label=server_time | path=/v3/serverTime
2026-10-06 09:04:40+0000 | INFO     | roostoo.api | API_REQUEST_OK | method=GET | label=server_time | elapsed_ms=199
2026-10-06 09:04:40+0000 | INFO     | roostoo.api | SERVER_TIME_SYNC | offset_ms=102
2026-10-06 09:04:40+0000 | INFO     | roostoo.api | API_REQUEST_START | method=GET | label=ticker:DOT/USD | path=/v3/ticker
2026-10-06 09:04:40+0000 | INFO     | roostoo.api | API_REQUEST_OK | method=GET | label=ticker:DOT/USD | elapsed_ms=201
2026-10-06 09:04:40+0000 | INFO     | roostoo.api | API_REQUEST_START | method=GET | label=ticker:BNB/USD | path=/v3/ticker
2026-10-06 09:04:41+0000 | INFO     | roostoo.api | API_REQUEST_OK | method=GET | label=ticker:BNB/USD | elapsed_ms=338
2026-10-06 09:04:41+0000 | INFO     | roostoo.api | API_REQUEST_START | method=GET | label=ticker:SUI/USD | path=/v3/ticker
2026-10-06 09:04:41+0000 | INFO     | roostoo.api | API_REQUEST_OK | method=GET | label=ticker:SUI/USD | elapsed_ms=185
2026-10-06 09:04:41+0000 | INFO     | roostoo.api | API_REQUEST_START | method=GET | label=ticker:BTC/USD | path=/v3/ticker
2026-10-06 09:04:41+0000 | INFO     | roostoo.api | API_REQUEST_OK | method=GET | label=ticker:BTC/USD | elapsed_ms=200
2026-10-06 09:04:41+0000 | INFO     | bot | LOOP_COMPLETE | elapsed_ms=1535
2026-10-06 09:05:40+0000 | INFO     | roostoo.api | API_REQUEST_START | method=GET | label=ticker:TRX/USD | path=/v3/ticker
2026-10-06 09:05:40+0000 | INFO     | roostoo.api | API_REQUEST_OK | method=GET | label=ticker:TRX/USD | elapsed_ms=172
2026-10-06 09:05:40+0000 | INFO     | roostoo.api | API_REQUEST_START | method=GET | label=ticker:AVAX/USD | path=/v3/ticker
2026-10-06 09:05:40+0000 | INFO     | roostoo.api | API_REQUEST_OK | method=GET | label=ticker:AVAX/USD | elapsed_ms=173
2026-10-06 09:05:40+0000 | INFO     | roostoo.api | API_REQUEST_START | method=GET | label=ticker:DOT/USD | path=/v3/ticker
2026-10-06 09:05:40+0000 | INFO     | roostoo.api | API_REQUEST_OK | method=GET | label=ticker:DOT/USD | elapsed_ms=184
2026-10-06 09:05:40+0000 | INFO     | roostoo.api | API_REQUEST_START | method=GET | label=ticker:BNB/USD | path=/v3/ticker
2026-10-06 09:05:40+0000 | INFO     | roostoo.api | API_REQUEST_OK | method=GET | label=ticker:BNB/USD | elapsed_ms=184
2026-10-06 09:05:40+0000 | INFO     | roostoo.api | API_REQUEST_START | method=GET | label=ticker:SUI/USD | path=/v3/ticker
2026-10-06 09:05:41+0000 | INFO     | roostoo.api | API_REQUEST_OK | method=GET | label=ticker:SUI/USD | elapsed_ms=500
2026-10-06 09:05:41+0000 | INFO     | roostoo.api | API_REQUEST_START | method=GET | label=ticker:BTC/USD | path=/v3/ticker
2026-10-06 09:05:41+0000 | INFO     | roostoo.api | API_REQUEST_OK | method=GET | label=ticker:BTC/USD | elapsed_ms=185
2026-10-06 09:05:41+0000 | INFO     | bot | LOOP_COMPLETE | elapsed_ms=1445
2026-10-06 09:06:40+0000 | INFO     | roostoo.api | API_REQUEST_START | method=GET | label=ticker:TRX/USD | path=/v3/ticker
2026-10-06 09:06:40+0000 | INFO     | roostoo.api | API_REQUEST_OK | method=GET | label=ticker:TRX/USD | elapsed_ms=187
2026-10-06 09:06:40+0000 | INFO     | roostoo.api | API_REQUEST_START | method=GET | label=ticker:AVAX/USD | path=/v3/ticker
2026-10-06 09:06:40+0000 | INFO     | roostoo.api | API_REQUEST_OK | method=GET | label=ticker:AVAX/USD | elapsed_ms=186
2026-10-06 09:06:40+0000 | INFO     | roostoo.api | API_REQUEST_START | method=GET | label=ticker:DOT/USD | path=/v3/ticker
2026-10-06 09:06:40+0000 | INFO     | roostoo.api | API_REQUEST_OK | method=GET | label=ticker:DOT/USD | elapsed_ms=185
2026-10-06 09:06:40+0000 | INFO     | roostoo.api | API_REQUEST_START | method=GET | label=ticker:BNB/USD | path=/v3/ticker
2026-10-06 09:06:40+0000 | INFO     | roostoo.api | API_REQUEST_OK | method=GET | label=ticker:BNB/USD | elapsed_ms=185
2026-10-06 09:06:40+0000 | INFO     | roostoo.api | API_REQUEST_START | method=GET | label=ticker:SUI/USD | path=/v3/ticker
2026-10-06 09:06:41+0000 | INFO     | roostoo.api | API_REQUEST_OK | method=GET | label=ticker:SUI/USD | elapsed_ms=504
2026-10-06 09:06:41+0000 | INFO     | roostoo.api | API_REQUEST_START | method=GET | label=ticker:BTC/USD | path=/v3/ticker
2026-10-06 09:06:41+0000 | INFO     | roostoo.api | API_REQUEST_OK | method=GET | label=ticker:BTC/USD | elapsed_ms=173
2026-10-06 09:06:41+0000 | INFO     | bot | LOOP_COMPLETE | elapsed_ms=1470
2026-10-06 09:07:40+0000 | INFO     | roostoo.api | API_REQUEST_START | method=GET | label=ticker:TRX/USD | path=/v3/ticker
2026-10-06 09:07:40+0000 | INFO     | roostoo.api | API_REQUEST_OK | method=GET | label=ticker:TRX/USD | elapsed_ms=172
2026-10-06 09:07:40+0000 | INFO     | roostoo.api | API_REQUEST_START | method=GET | label=ticker:AVAX/USD | path=/v3/ticker
2026-10-06 09:07:40+0000 | INFO     | roostoo.api | API_REQUEST_OK | method=GET | label=ticker:AVAX/USD | elapsed_ms=185
2026-10-06 09:07:40+0000 | INFO     | roostoo.api | API_REQUEST_START | method=GET | label=ticker:DOT/USD | path=/v3/ticker
2026-10-06 09:07:40+0000 | INFO     | roostoo.api | API_REQUEST_OK | method=GET | label=ticker:DOT/USD | elapsed_ms=172
2026-10-06 09:07:40+0000 | INFO     | roostoo.api | API_REQUEST_START | method=GET | label=ticker:BNB/USD | path=/v3/ticker
2026-10-06 09:07:40+0000 | INFO     | roostoo.api | API_REQUEST_OK | method=GET | label=ticker:BNB/USD | elapsed_ms=171
2026-10-06 09:07:40+0000 | INFO     | roostoo.api | API_REQUEST_START | method=GET | label=ticker:SUI/USD | path=/v3/ticker
2026-10-06 09:07:41+0000 | INFO     | roostoo.api | API_REQUEST_OK | method=GET | label=ticker:SUI/USD | elapsed_ms=187
2026-10-06 09:07:41+0000 | INFO     | roostoo.api | API_REQUEST_START | method=GET | label=ticker:BTC/USD | path=/v3/ticker
2026-10-06 09:07:41+0000 | INFO     | roostoo.api | API_REQUEST_OK | method=GET | label=ticker:BTC/USD | elapsed_ms=187
2026-10-06 09:07:41+0000 | INFO     | bot | LOOP_COMPLETE | elapsed_ms=1132
2026-10-06 09:08:40+0000 | INFO     | roostoo.api | API_REQUEST_START | method=GET | label=ticker:TRX/USD | path=/v3/ticker
2026-10-06 09:08:40+0000 | INFO     | roostoo.api | API_REQUEST_OK | method=GET | label=ticker:TRX/USD | elapsed_ms=199
2026-10-06 09:08:40+0000 | INFO     | roostoo.api | API_REQUEST_START | method=GET | label=ticker:AVAX/USD | path=/v3/ticker
2026-10-06 09:08:40+0000 | INFO     | roostoo.api | API_REQUEST_OK | method=GET | label=ticker:AVAX/USD | elapsed_ms=187
2026-10-06 09:08:40+0000 | INFO     | roostoo.api | API_REQUEST_START | method=GET | label=ticker:DOT/USD | path=/v3/ticker
2026-10-06 09:08:41+0000 | INFO     | roostoo.api | API_REQUEST_OK | method=GET | label=ticker:DOT/USD | elapsed_ms=543
2026-10-06 09:08:41+0000 | INFO     | roostoo.api | API_REQUEST_START | method=GET | label=ticker:BNB/USD | path=/v3/ticker
2026-10-06 09:08:41+0000 | INFO     | roostoo.api | API_REQUEST_OK | method=GET | label=ticker:BNB/USD | elapsed_ms=186
2026-10-06 09:08:41+0000 | INFO     | roostoo.api | API_REQUEST_START | method=GET | label=ticker:SUI/USD | path=/v3/ticker
2026-10-06 09:08:41+0000 | INFO     | roostoo.api | API_REQUEST_OK | method=GET | label=ticker:SUI/USD | elapsed_ms=502
2026-10-06 09:08:41+0000 | INFO     | roostoo.api | API_REQUEST_START | method=GET | label=ticker:BTC/USD | path=/v3/ticker
2026-10-06 09:08:42+0000 | INFO     | roostoo.api | API_REQUEST_OK | method=GET | label=ticker:BTC/USD | elapsed_ms=546
2026-10-06 09:08:42+0000 | INFO     | bot | LOOP_COMPLETE | elapsed_ms=2221
2026-10-06 09:09:40+0000 | INFO     | roostoo.api | API_REQUEST_START | method=GET | label=ticker:TRX/USD | path=/v3/ticker
2026-10-06 09:09:40+0000 | INFO     | roostoo.api | API_REQUEST_OK | method=GET | label=ticker:TRX/USD | elapsed_ms=185
2026-10-06 09:09:40+0000 | INFO     | roostoo.api | API_REQUEST_START | method=GET | label=ticker:AVAX/USD | path=/v3/ticker
2026-10-06 09:09:40+0000 | INFO     | roostoo.api | API_REQUEST_OK | method=GET | label=ticker:AVAX/USD | elapsed_ms=172
2026-10-06 09:09:40+0000 | INFO     | roostoo.api | API_REQUEST_START | method=GET | label=ticker:DOT/USD | path=/v3/ticker
2026-10-06 09:09:40+0000 | INFO     | roostoo.api | API_REQUEST_OK | method=GET | label=ticker:DOT/USD | elapsed_ms=185
2026-10-06 09:09:40+0000 | INFO     | roostoo.api | API_REQUEST_START | method=GET | label=ticker:BNB/USD | path=/v3/ticker
2026-10-06 09:09:40+0000 | INFO     | roostoo.api | API_REQUEST_OK | method=GET | label=ticker:BNB/USD | elapsed_ms=185
2026-10-06 09:09:40+0000 | INFO     | roostoo.api | API_REQUEST_START | method=GET | label=server_time | path=/v3/serverTime
2026-10-06 09:09:41+0000 | INFO     | roostoo.api | API_REQUEST_OK | method=GET | label=server_time | elapsed_ms=186
2026-10-06 09:09:41+0000 | INFO     | roostoo.api | SERVER_TIME_SYNC | offset_ms=101
2026-10-06 09:09:41+0000 | INFO     | roostoo.api | API_REQUEST_START | method=GET | label=ticker:SUI/USD | path=/v3/ticker
2026-10-06 09:09:41+0000 | INFO     | roostoo.api | API_REQUEST_OK | method=GET | label=ticker:SUI/USD | elapsed_ms=184
2026-10-06 09:09:41+0000 | INFO     | roostoo.api | API_REQUEST_START | method=GET | label=ticker:BTC/USD | path=/v3/ticker
2026-10-06 09:09:41+0000 | INFO     | roostoo.api | API_REQUEST_OK | method=GET | label=ticker:BTC/USD | elapsed_ms=185
2026-10-06 09:09:41+0000 | INFO     | bot | LOOP_COMPLETE | elapsed_ms=1330
2026-10-06 09:10:40+0000 | INFO     | roostoo.api | API_REQUEST_START | method=GET | label=ticker:TRX/USD | path=/v3/ticker
2026-10-06 09:10:40+0000 | INFO     | roostoo.api | API_REQUEST_OK | method=GET | label=ticker:TRX/USD | elapsed_ms=199
2026-10-06 09:10:40+0000 | INFO     | roostoo.api | API_REQUEST_START | method=GET | label=ticker:AVAX/USD | path=/v3/ticker
2026-10-06 09:10:40+0000 | INFO     | roostoo.api | API_REQUEST_OK | method=GET | label=ticker:AVAX/USD | elapsed_ms=197
2026-10-06 09:10:40+0000 | INFO     | roostoo.api | API_REQUEST_START | method=GET | label=ticker:DOT/USD | path=/v3/ticker
2026-10-06 09:10:40+0000 | INFO     | roostoo.api | API_REQUEST_OK | method=GET | label=ticker:DOT/USD | elapsed_ms=174
2026-10-06 09:10:40+0000 | INFO     | roostoo.api | API_REQUEST_START | method=GET | label=ticker:BNB/USD | path=/v3/ticker
2026-10-06 09:10:40+0000 | INFO     | roostoo.api | API_REQUEST_OK | method=GET | label=ticker:BNB/USD | elapsed_ms=174
2026-10-06 09:10:40+0000 | INFO     | roostoo.api | API_REQUEST_START | method=GET | label=ticker:SUI/USD | path=/v3/ticker
2026-10-06 09:10:41+0000 | INFO     | roostoo.api | API_REQUEST_OK | method=GET | label=ticker:SUI/USD | elapsed_ms=541
2026-10-06 09:10:41+0000 | INFO     | roostoo.api | API_REQUEST_START | method=GET | label=ticker:BTC/USD | path=/v3/ticker
2026-10-06 09:10:41+0000 | INFO     | roostoo.api | API_REQUEST_OK | method=GET | label=ticker:BTC/USD | elapsed_ms=173
2026-10-06 09:10:41+0000 | INFO     | bot | LOOP_COMPLETE | elapsed_ms=1505
2026-10-06 09:11:40+0000 | INFO     | roostoo.api | API_REQUEST_START | method=GET | label=ticker:TRX/USD | path=/v3/ticker
2026-10-06 09:11:40+0000 | INFO     | roostoo.api | API_REQUEST_OK | method=GET | label=ticker:TRX/USD | elapsed_ms=173
2026-10-06 09:11:40+0000 | INFO     | roostoo.api | API_REQUEST_START | method=GET | label=ticker:AVAX/USD | path=/v3/ticker
2026-10-06 09:11:40+0000 | INFO     | roostoo.api | API_REQUEST_OK | method=GET | label=ticker:AVAX/USD | elapsed_ms=186
2026-10-06 09:11:40+0000 | INFO     | roostoo.api | API_REQUEST_START | method=GET | label=ticker:DOT/USD | path=/v3/ticker
2026-10-06 09:11:40+0000 | INFO     | roostoo.api | API_REQUEST_OK | method=GET | label=ticker:DOT/USD | elapsed_ms=187
2026-10-06 09:11:40+0000 | INFO     | roostoo.api | API_REQUEST_START | method=GET | label=ticker:BNB/USD | path=/v3/ticker
2026-10-06 09:11:40+0000 | INFO     | roostoo.api | API_REQUEST_OK | method=GET | label=ticker:BNB/USD | elapsed_ms=172
2026-10-06 09:11:40+0000 | INFO     | roostoo.api | API_REQUEST_START | method=GET | label=ticker:SUI/USD | path=/v3/ticker
2026-10-06 09:11:41+0000 | INFO     | roostoo.api | API_REQUEST_OK | method=GET | label=ticker:SUI/USD | elapsed_ms=172
2026-10-06 09:11:41+0000 | INFO     | roostoo.api | API_REQUEST_START | method=GET | label=ticker:BTC/USD | path=/v3/ticker
2026-10-06 09:11:41+0000 | INFO     | roostoo.api | API_REQUEST_OK | method=GET | label=ticker:BTC/USD | elapsed_ms=185
2026-10-06 09:11:41+0000 | INFO     | bot | LOOP_COMPLETE | elapsed_ms=1131
2026-10-06 09:12:40+0000 | INFO     | roostoo.api | API_REQUEST_START | method=GET | label=ticker:TRX/USD | path=/v3/ticker
2026-10-06 09:12:40+0000 | INFO     | roostoo.api | API_REQUEST_OK | method=GET | label=ticker:TRX/USD | elapsed_ms=174
2026-10-06 09:12:40+0000 | INFO     | roostoo.api | API_REQUEST_START | method=GET | label=ticker:AVAX/USD | path=/v3/ticker
2026-10-06 09:12:40+0000 | INFO     | roostoo.api | API_REQUEST_OK | method=GET | label=ticker:AVAX/USD | elapsed_ms=334
2026-10-06 09:12:40+0000 | INFO     | roostoo.api | API_REQUEST_START | method=GET | label=ticker:DOT/USD | path=/v3/ticker
2026-10-06 09:12:40+0000 | INFO     | roostoo.api | API_REQUEST_OK | method=GET | label=ticker:DOT/USD | elapsed_ms=171
2026-10-06 09:12:40+0000 | INFO     | roostoo.api | API_REQUEST_START | method=GET | label=ticker:BNB/USD | path=/v3/ticker
2026-10-06 09:12:40+0000 | INFO     | roostoo.api | API_REQUEST_OK | method=GET | label=ticker:BNB/USD | elapsed_ms=198
2026-10-06 09:12:41+0000 | INFO     | roostoo.api | API_REQUEST_START | method=GET | label=ticker:SUI/USD | path=/v3/ticker
2026-10-06 09:12:41+0000 | INFO     | roostoo.api | API_REQUEST_OK | method=GET | label=ticker:SUI/USD | elapsed_ms=186
2026-10-06 09:12:41+0000 | INFO     | roostoo.api | API_REQUEST_START | method=GET | label=ticker:BTC/USD | path=/v3/ticker
2026-10-06 09:12:41+0000 | INFO     | roostoo.api | API_REQUEST_OK | method=GET | label=ticker:BTC/USD | elapsed_ms=501
2026-10-06 09:12:41+0000 | INFO     | bot | LOOP_COMPLETE | elapsed_ms=1615
2026-10-06 09:13:40+0000 | INFO     | roostoo.api | API_REQUEST_START | method=GET | label=ticker:TRX/USD | path=/v3/ticker
2026-10-06 09:13:40+0000 | INFO     | roostoo.api | API_REQUEST_OK | method=GET | label=ticker:TRX/USD | elapsed_ms=181
2026-10-06 09:13:40+0000 | INFO     | roostoo.api | API_REQUEST_START | method=GET | label=ticker:AVAX/USD | path=/v3/ticker
2026-10-06 09:13:40+0000 | INFO     | roostoo.api | API_REQUEST_OK | method=GET | label=ticker:AVAX/USD | elapsed_ms=173
2026-10-06 09:13:40+0000 | INFO     | roostoo.api | API_REQUEST_START | method=GET | label=ticker:DOT/USD | path=/v3/ticker
2026-10-06 09:13:40+0000 | INFO     | roostoo.api | API_REQUEST_OK | method=GET | label=ticker:DOT/USD | elapsed_ms=185
2026-10-06 09:13:40+0000 | INFO     | roostoo.api | API_REQUEST_START | method=GET | label=ticker:BNB/USD | path=/v3/ticker
2026-10-06 09:13:40+0000 | INFO     | roostoo.api | API_REQUEST_OK | method=GET | label=ticker:BNB/USD | elapsed_ms=185
2026-10-06 09:13:40+0000 | INFO     | roostoo.api | API_REQUEST_START | method=GET | label=ticker:SUI/USD | path=/v3/ticker
2026-10-06 09:13:41+0000 | INFO     | roostoo.api | API_REQUEST_OK | method=GET | label=ticker:SUI/USD | elapsed_ms=185
2026-10-06 09:13:41+0000 | INFO     | roostoo.api | API_REQUEST_START | method=GET | label=ticker:BTC/USD | path=/v3/ticker
2026-10-06 09:13:41+0000 | INFO     | roostoo.api | API_REQUEST_OK | method=GET | label=ticker:BTC/USD | elapsed_ms=582
2026-10-06 09:13:41+0000 | INFO     | bot | LOOP_COMPLETE | elapsed_ms=1539
2026-10-06 09:14:40+0000 | INFO     | roostoo.api | API_REQUEST_START | method=GET | label=ticker:TRX/USD | path=/v3/ticker
2026-10-06 09:14:40+0000 | INFO     | roostoo.api | API_REQUEST_OK | method=GET | label=ticker:TRX/USD | elapsed_ms=187
2026-10-06 09:14:40+0000 | INFO     | roostoo.api | API_REQUEST_START | method=GET | label=ticker:AVAX/USD | path=/v3/ticker
2026-10-06 09:14:40+0000 | INFO     | roostoo.api | API_REQUEST_OK | method=GET | label=ticker:AVAX/USD | elapsed_ms=172
2026-10-06 09:14:40+0000 | INFO     | roostoo.api | API_REQUEST_START | method=GET | label=ticker:DOT/USD | path=/v3/ticker
2026-10-06 09:14:40+0000 | INFO     | roostoo.api | API_REQUEST_OK | method=GET | label=ticker:DOT/USD | elapsed_ms=504
2026-10-06 09:14:40+0000 | INFO     | roostoo.api | API_REQUEST_START | method=GET | label=ticker:BNB/USD | path=/v3/ticker
2026-10-06 09:14:41+0000 | INFO     | roostoo.api | API_REQUEST_OK | method=GET | label=ticker:BNB/USD | elapsed_ms=173
2026-10-06 09:14:41+0000 | INFO     | roostoo.api | API_REQUEST_START | method=GET | label=server_time | path=/v3/serverTime
2026-10-06 09:14:41+0000 | INFO     | roostoo.api | API_REQUEST_OK | method=GET | label=server_time | elapsed_ms=172
2026-10-06 09:14:41+0000 | INFO     | roostoo.api | SERVER_TIME_SYNC | offset_ms=87
2026-10-06 09:14:41+0000 | INFO     | roostoo.api | API_REQUEST_START | method=GET | label=ticker:SUI/USD | path=/v3/ticker
2026-10-06 09:14:41+0000 | INFO     | roostoo.api | API_REQUEST_OK | method=GET | label=ticker:SUI/USD | elapsed_ms=235
2026-10-06 09:14:41+0000 | INFO     | roostoo.api | API_REQUEST_START | method=GET | label=ticker:BTC/USD | path=/v3/ticker
2026-10-06 09:14:41+0000 | INFO     | roostoo.api | API_REQUEST_OK | method=GET | label=ticker:BTC/USD | elapsed_ms=176
2026-10-06 09:14:41+0000 | INFO     | bot | LOOP_COMPLETE | elapsed_ms=1667
2026-10-06 09:15:40+0000 | INFO     | roostoo.api | API_REQUEST_START | method=GET | label=ticker:TRX/USD | path=/v3/ticker
2026-10-06 09:15:40+0000 | INFO     | roostoo.api | API_REQUEST_OK | method=GET | label=ticker:TRX/USD | elapsed_ms=175
2026-10-06 09:15:40+0000 | INFO     | roostoo.api | API_REQUEST_START | method=GET | label=ticker:AVAX/USD | path=/v3/ticker
2026-10-06 09:15:40+0000 | INFO     | roostoo.api | API_REQUEST_OK | method=GET | label=ticker:AVAX/USD | elapsed_ms=186
2026-10-06 09:15:40+0000 | INFO     | roostoo.api | API_REQUEST_START | method=GET | label=ticker:DOT/USD | path=/v3/ticker
2026-10-06 09:15:40+0000 | INFO     | roostoo.api | API_REQUEST_OK | method=GET | label=ticker:DOT/USD | elapsed_ms=173
2026-10-06 09:15:40+0000 | INFO     | roostoo.api | API_REQUEST_START | method=GET | label=ticker:BNB/USD | path=/v3/ticker
2026-10-06 09:15:40+0000 | INFO     | roostoo.api | API_REQUEST_OK | method=GET | label=ticker:BNB/USD | elapsed_ms=172
2026-10-06 09:15:40+0000 | INFO     | roostoo.api | API_REQUEST_START | method=GET | label=ticker:SUI/USD | path=/v3/ticker
2026-10-06 09:15:40+0000 | INFO     | roostoo.api | API_REQUEST_OK | method=GET | label=ticker:SUI/USD | elapsed_ms=172
2026-10-06 09:15:41+0000 | INFO     | roostoo.api | API_REQUEST_START | method=GET | label=ticker:BTC/USD | path=/v3/ticker
2026-10-06 09:15:41+0000 | INFO     | roostoo.api | API_REQUEST_OK | method=GET | label=ticker:BTC/USD | elapsed_ms=173
2026-10-06 09:15:41+0000 | INFO     | bot | LOOP_COMPLETE | elapsed_ms=1099
2026-10-06 09:16:40+0000 | INFO     | roostoo.api | API_REQUEST_START | method=GET | label=ticker:TRX/USD | path=/v3/ticker
2026-10-06 09:16:40+0000 | INFO     | roostoo.api | API_REQUEST_OK | method=GET | label=ticker:TRX/USD | elapsed_ms=174
2026-10-06 09:16:40+0000 | INFO     | roostoo.api | API_REQUEST_START | method=GET | label=ticker:AVAX/USD | path=/v3/ticker
2026-10-06 09:16:40+0000 | INFO     | roostoo.api | API_REQUEST_OK | method=GET | label=ticker:AVAX/USD | elapsed_ms=173
2026-10-06 09:16:40+0000 | INFO     | roostoo.api | API_REQUEST_START | method=GET | label=ticker:DOT/USD | path=/v3/ticker
2026-10-06 09:16:40+0000 | INFO     | roostoo.api | API_REQUEST_OK | method=GET | label=ticker:DOT/USD | elapsed_ms=188
2026-10-06 09:16:40+0000 | INFO     | roostoo.api | API_REQUEST_START | method=GET | label=ticker:BNB/USD | path=/v3/ticker
2026-10-06 09:16:40+0000 | INFO     | roostoo.api | API_REQUEST_OK | method=GET | label=ticker:BNB/USD | elapsed_ms=187
2026-10-06 09:16:40+0000 | INFO     | roostoo.api | API_REQUEST_START | method=GET | label=ticker:SUI/USD | path=/v3/ticker
2026-10-06 09:16:41+0000 | INFO     | roostoo.api | API_REQUEST_OK | method=GET | label=ticker:SUI/USD | elapsed_ms=543
2026-10-06 09:16:41+0000 | INFO     | roostoo.api | API_REQUEST_START | method=GET | label=ticker:BTC/USD | path=/v3/ticker
2026-10-06 09:16:41+0000 | INFO     | roostoo.api | API_REQUEST_OK | method=GET | label=ticker:BTC/USD | elapsed_ms=200
2026-10-06 09:16:41+0000 | INFO     | bot | LOOP_COMPLETE | elapsed_ms=1517
2026-10-06 09:17:40+0000 | INFO     | roostoo.api | API_REQUEST_START | method=GET | label=ticker:TRX/USD | path=/v3/ticker
2026-10-06 09:17:40+0000 | INFO     | roostoo.api | API_REQUEST_OK | method=GET | label=ticker:TRX/USD | elapsed_ms=178
2026-10-06 09:17:40+0000 | INFO     | roostoo.api | API_REQUEST_START | method=GET | label=ticker:AVAX/USD | path=/v3/ticker
2026-10-06 09:17:40+0000 | INFO     | roostoo.api | API_REQUEST_OK | method=GET | label=ticker:AVAX/USD | elapsed_ms=172
2026-10-06 09:17:40+0000 | INFO     | roostoo.api | API_REQUEST_START | method=GET | label=ticker:DOT/USD | path=/v3/ticker
2026-10-06 09:17:40+0000 | INFO     | roostoo.api | API_REQUEST_OK | method=GET | label=ticker:DOT/USD | elapsed_ms=173
2026-10-06 09:17:40+0000 | INFO     | roostoo.api | API_REQUEST_START | method=GET | label=ticker:BNB/USD | path=/v3/ticker
2026-10-06 09:17:40+0000 | INFO     | roostoo.api | API_REQUEST_OK | method=GET | label=ticker:BNB/USD | elapsed_ms=173
2026-10-06 09:17:40+0000 | INFO     | roostoo.api | API_REQUEST_START | method=GET | label=ticker:SUI/USD | path=/v3/ticker
2026-10-06 09:17:41+0000 | INFO     | roostoo.api | API_REQUEST_OK | method=GET | label=ticker:SUI/USD | elapsed_ms=172
2026-10-06 09:17:41+0000 | INFO     | roostoo.api | API_REQUEST_START | method=GET | label=ticker:BTC/USD | path=/v3/ticker
2026-10-06 09:17:41+0000 | INFO     | roostoo.api | API_REQUEST_OK | method=GET | label=ticker:BTC/USD | elapsed_ms=172
2026-10-06 09:17:41+0000 | INFO     | bot | LOOP_COMPLETE | elapsed_ms=1089
2026-10-06 09:18:40+0000 | INFO     | roostoo.api | API_REQUEST_START | method=GET | label=ticker:TRX/USD | path=/v3/ticker
2026-10-06 09:18:40+0000 | INFO     | roostoo.api | API_REQUEST_OK | method=GET | label=ticker:TRX/USD | elapsed_ms=173
2026-10-06 09:18:40+0000 | INFO     | roostoo.api | API_REQUEST_START | method=GET | label=ticker:AVAX/USD | path=/v3/ticker
2026-10-06 09:18:40+0000 | INFO     | roostoo.api | API_REQUEST_OK | method=GET | label=ticker:AVAX/USD | elapsed_ms=187
2026-10-06 09:18:40+0000 | INFO     | roostoo.api | API_REQUEST_START | method=GET | label=ticker:DOT/USD | path=/v3/ticker
2026-10-06 09:18:40+0000 | INFO     | roostoo.api | API_REQUEST_OK | method=GET | label=ticker:DOT/USD | elapsed_ms=184
2026-10-06 09:18:40+0000 | INFO     | roostoo.api | API_REQUEST_START | method=GET | label=ticker:BNB/USD | path=/v3/ticker
2026-10-06 09:18:40+0000 | INFO     | roostoo.api | API_REQUEST_OK | method=GET | label=ticker:BNB/USD | elapsed_ms=173
2026-10-06 09:18:40+0000 | INFO     | roostoo.api | API_REQUEST_START | method=GET | label=ticker:SUI/USD | path=/v3/ticker
2026-10-06 09:18:41+0000 | INFO     | roostoo.api | API_REQUEST_OK | method=GET | label=ticker:SUI/USD | elapsed_ms=200
2026-10-06 09:18:41+0000 | INFO     | roostoo.api | API_REQUEST_START | method=GET | label=ticker:BTC/USD | path=/v3/ticker
2026-10-06 09:18:41+0000 | INFO     | roostoo.api | API_REQUEST_OK | method=GET | label=ticker:BTC/USD | elapsed_ms=200
2026-10-06 09:18:41+0000 | INFO     | bot | LOOP_COMPLETE | elapsed_ms=1167
2026-10-06 09:19:40+0000 | INFO     | roostoo.api | API_REQUEST_START | method=GET | label=ticker:TRX/USD | path=/v3/ticker
2026-10-06 09:19:40+0000 | INFO     | roostoo.api | API_REQUEST_OK | method=GET | label=ticker:TRX/USD | elapsed_ms=186
2026-10-06 09:19:40+0000 | INFO     | roostoo.api | API_REQUEST_START | method=GET | label=ticker:AVAX/USD | path=/v3/ticker
2026-10-06 09:19:40+0000 | INFO     | roostoo.api | API_REQUEST_OK | method=GET | label=ticker:AVAX/USD | elapsed_ms=185
2026-10-06 09:19:40+0000 | INFO     | roostoo.api | API_REQUEST_START | method=GET | label=ticker:DOT/USD | path=/v3/ticker
2026-10-06 09:19:40+0000 | INFO     | roostoo.api | API_REQUEST_OK | method=GET | label=ticker:DOT/USD | elapsed_ms=185
2026-10-06 09:19:40+0000 | INFO     | roostoo.api | API_REQUEST_START | method=GET | label=ticker:BNB/USD | path=/v3/ticker
2026-10-06 09:19:41+0000 | INFO     | roostoo.api | API_REQUEST_OK | method=GET | label=ticker:BNB/USD | elapsed_ms=358
2026-10-06 09:19:41+0000 | INFO     | roostoo.api | API_REQUEST_START | method=GET | label=ticker:SUI/USD | path=/v3/ticker
2026-10-06 09:19:41+0000 | INFO     | roostoo.api | API_REQUEST_OK | method=GET | label=ticker:SUI/USD | elapsed_ms=587
2026-10-06 09:19:41+0000 | INFO     | roostoo.api | API_REQUEST_START | method=GET | label=server_time | path=/v3/serverTime
2026-10-06 09:19:41+0000 | INFO     | roostoo.api | API_REQUEST_OK | method=GET | label=server_time | elapsed_ms=187
2026-10-06 09:19:41+0000 | INFO     | roostoo.api | SERVER_TIME_SYNC | offset_ms=103
2026-10-06 09:19:41+0000 | INFO     | roostoo.api | API_REQUEST_START | method=GET | label=ticker:BTC/USD | path=/v3/ticker
2026-10-06 09:19:42+0000 | INFO     | roostoo.api | API_REQUEST_OK | method=GET | label=ticker:BTC/USD | elapsed_ms=504
2026-10-06 09:19:42+0000 | INFO     | bot | LOOP_COMPLETE | elapsed_ms=2246
2026-10-06 09:20:40+0000 | INFO     | roostoo.api | API_REQUEST_START | method=GET | label=ticker:TRX/USD | path=/v3/ticker
2026-10-06 09:20:40+0000 | INFO     | roostoo.api | API_REQUEST_OK | method=GET | label=ticker:TRX/USD | elapsed_ms=188
2026-10-06 09:20:40+0000 | INFO     | roostoo.api | API_REQUEST_START | method=GET | label=ticker:AVAX/USD | path=/v3/ticker
2026-10-06 09:20:40+0000 | INFO     | roostoo.api | API_REQUEST_OK | method=GET | label=ticker:AVAX/USD | elapsed_ms=186
2026-10-06 09:20:40+0000 | INFO     | roostoo.api | API_REQUEST_START | method=GET | label=ticker:DOT/USD | path=/v3/ticker
2026-10-06 09:20:40+0000 | INFO     | roostoo.api | API_REQUEST_OK | method=GET | label=ticker:DOT/USD | elapsed_ms=172
2026-10-06 09:20:40+0000 | INFO     | roostoo.api | API_REQUEST_START | method=GET | label=ticker:BNB/USD | path=/v3/ticker
2026-10-06 09:20:40+0000 | INFO     | roostoo.api | API_REQUEST_OK | method=GET | label=ticker:BNB/USD | elapsed_ms=173
2026-10-06 09:20:40+0000 | INFO     | roostoo.api | API_REQUEST_START | method=GET | label=ticker:SUI/USD | path=/v3/ticker
2026-10-06 09:20:41+0000 | INFO     | roostoo.api | API_REQUEST_OK | method=GET | label=ticker:SUI/USD | elapsed_ms=187
2026-10-06 09:20:41+0000 | INFO     | roostoo.api | API_REQUEST_START | method=GET | label=ticker:BTC/USD | path=/v3/ticker
2026-10-06 09:20:41+0000 | INFO     | roostoo.api | API_REQUEST_OK | method=GET | label=ticker:BTC/USD | elapsed_ms=503
2026-10-06 09:20:41+0000 | INFO     | bot | LOOP_COMPLETE | elapsed_ms=1458
2026-10-06 09:21:40+0000 | INFO     | roostoo.api | API_REQUEST_START | method=GET | label=ticker:TRX/USD | path=/v3/ticker
2026-10-06 09:21:40+0000 | INFO     | roostoo.api | API_REQUEST_OK | method=GET | label=ticker:TRX/USD | elapsed_ms=187
2026-10-06 09:21:40+0000 | INFO     | roostoo.api | API_REQUEST_START | method=GET | label=ticker:AVAX/USD | path=/v3/ticker
2026-10-06 09:21:40+0000 | INFO     | roostoo.api | API_REQUEST_OK | method=GET | label=ticker:AVAX/USD | elapsed_ms=185
2026-10-06 09:21:40+0000 | INFO     | roostoo.api | API_REQUEST_START | method=GET | label=ticker:DOT/USD | path=/v3/ticker
2026-10-06 09:21:40+0000 | INFO     | roostoo.api | API_REQUEST_OK | method=GET | label=ticker:DOT/USD | elapsed_ms=185
2026-10-06 09:21:40+0000 | INFO     | roostoo.api | API_REQUEST_START | method=GET | label=ticker:BNB/USD | path=/v3/ticker
2026-10-06 09:21:40+0000 | INFO     | roostoo.api | API_REQUEST_OK | method=GET | label=ticker:BNB/USD | elapsed_ms=172
2026-10-06 09:21:40+0000 | INFO     | roostoo.api | API_REQUEST_START | method=GET | label=ticker:SUI/USD | path=/v3/ticker
2026-10-06 09:21:41+0000 | INFO     | roostoo.api | API_REQUEST_OK | method=GET | label=ticker:SUI/USD | elapsed_ms=501
2026-10-06 09:21:41+0000 | INFO     | roostoo.api | API_REQUEST_START | method=GET | label=ticker:BTC/USD | path=/v3/ticker
2026-10-06 09:21:41+0000 | INFO     | roostoo.api | API_REQUEST_OK | method=GET | label=ticker:BTC/USD | elapsed_ms=541
2026-10-06 09:21:41+0000 | INFO     | bot | LOOP_COMPLETE | elapsed_ms=1820
2026-10-06 09:22:40+0000 | INFO     | roostoo.api | API_REQUEST_START | method=GET | label=ticker:TRX/USD | path=/v3/ticker
2026-10-06 09:22:40+0000 | INFO     | roostoo.api | API_REQUEST_OK | method=GET | label=ticker:TRX/USD | elapsed_ms=185
2026-10-06 09:22:40+0000 | INFO     | roostoo.api | API_REQUEST_START | method=GET | label=ticker:AVAX/USD | path=/v3/ticker
2026-10-06 09:22:40+0000 | INFO     | roostoo.api | API_REQUEST_OK | method=GET | label=ticker:AVAX/USD | elapsed_ms=185
2026-10-06 09:22:40+0000 | INFO     | roostoo.api | API_REQUEST_START | method=GET | label=ticker:DOT/USD | path=/v3/ticker
2026-10-06 09:22:40+0000 | INFO     | roostoo.api | API_REQUEST_OK | method=GET | label=ticker:DOT/USD | elapsed_ms=185
2026-10-06 09:22:40+0000 | INFO     | roostoo.api | API_REQUEST_START | method=GET | label=ticker:BNB/USD | path=/v3/ticker
2026-10-06 09:22:40+0000 | INFO     | roostoo.api | API_REQUEST_OK | method=GET | label=ticker:BNB/USD | elapsed_ms=186
2026-10-06 09:22:40+0000 | INFO     | roostoo.api | API_REQUEST_START | method=GET | label=ticker:SUI/USD | path=/v3/ticker
2026-10-06 09:22:41+0000 | INFO     | roostoo.api | API_REQUEST_OK | method=GET | label=ticker:SUI/USD | elapsed_ms=173
2026-10-06 09:22:41+0000 | INFO     | roostoo.api | API_REQUEST_START | method=GET | label=ticker:BTC/USD | path=/v3/ticker
2026-10-06 09:22:41+0000 | INFO     | roostoo.api | API_REQUEST_OK | method=GET | label=ticker:BTC/USD | elapsed_ms=172
2026-10-06 09:22:41+0000 | INFO     | bot | LOOP_COMPLETE | elapsed_ms=1141
2026-10-06 09:23:40+0000 | INFO     | roostoo.api | API_REQUEST_START | method=GET | label=ticker:TRX/USD | path=/v3/ticker
2026-10-06 09:23:40+0000 | INFO     | roostoo.api | API_REQUEST_OK | method=GET | label=ticker:TRX/USD | elapsed_ms=187
2026-10-06 09:23:40+0000 | INFO     | roostoo.api | API_REQUEST_START | method=GET | label=ticker:AVAX/USD | path=/v3/ticker
2026-10-06 09:23:40+0000 | INFO     | roostoo.api | API_REQUEST_OK | method=GET | label=ticker:AVAX/USD | elapsed_ms=185
2026-10-06 09:23:40+0000 | INFO     | roostoo.api | API_REQUEST_START | method=GET | label=ticker:DOT/USD | path=/v3/ticker
2026-10-06 09:23:40+0000 | INFO     | roostoo.api | API_REQUEST_OK | method=GET | label=ticker:DOT/USD | elapsed_ms=187
2026-10-06 09:23:40+0000 | INFO     | roostoo.api | API_REQUEST_START | method=GET | label=ticker:BNB/USD | path=/v3/ticker
2026-10-06 09:23:40+0000 | INFO     | roostoo.api | API_REQUEST_OK | method=GET | label=ticker:BNB/USD | elapsed_ms=186
2026-10-06 09:23:40+0000 | INFO     | roostoo.api | API_REQUEST_START | method=GET | label=ticker:SUI/USD | path=/v3/ticker
2026-10-06 09:23:41+0000 | INFO     | roostoo.api | API_REQUEST_OK | method=GET | label=ticker:SUI/USD | elapsed_ms=172
2026-10-06 09:23:41+0000 | INFO     | roostoo.api | API_REQUEST_START | method=GET | label=ticker:BTC/USD | path=/v3/ticker
2026-10-06 09:23:41+0000 | INFO     | roostoo.api | API_REQUEST_OK | method=GET | label=ticker:BTC/USD | elapsed_ms=502
2026-10-06 09:23:41+0000 | INFO     | bot | LOOP_COMPLETE | elapsed_ms=1470
2026-10-06 09:24:40+0000 | INFO     | roostoo.api | API_REQUEST_START | method=GET | label=ticker:TRX/USD | path=/v3/ticker
2026-10-06 09:24:40+0000 | INFO     | roostoo.api | API_REQUEST_OK | method=GET | label=ticker:TRX/USD | elapsed_ms=173
2026-10-06 09:24:40+0000 | INFO     | roostoo.api | API_REQUEST_START | method=GET | label=ticker:AVAX/USD | path=/v3/ticker
2026-10-06 09:24:40+0000 | INFO     | roostoo.api | API_REQUEST_OK | method=GET | label=ticker:AVAX/USD | elapsed_ms=172
2026-10-06 09:24:40+0000 | INFO     | roostoo.api | API_REQUEST_START | method=GET | label=ticker:DOT/USD | path=/v3/ticker
2026-10-06 09:24:40+0000 | INFO     | roostoo.api | API_REQUEST_OK | method=GET | label=ticker:DOT/USD | elapsed_ms=173
2026-10-06 09:24:40+0000 | INFO     | roostoo.api | API_REQUEST_START | method=GET | label=ticker:BNB/USD | path=/v3/ticker
2026-10-06 09:24:40+0000 | INFO     | roostoo.api | API_REQUEST_OK | method=GET | label=ticker:BNB/USD | elapsed_ms=185
2026-10-06 09:24:40+0000 | INFO     | roostoo.api | API_REQUEST_START | method=GET | label=ticker:SUI/USD | path=/v3/ticker
2026-10-06 09:24:41+0000 | INFO     | roostoo.api | API_REQUEST_OK | method=GET | label=ticker:SUI/USD | elapsed_ms=185
2026-10-06 09:24:41+0000 | INFO     | roostoo.api | API_REQUEST_START | method=GET | label=ticker:BTC/USD | path=/v3/ticker
2026-10-06 09:24:41+0000 | INFO     | roostoo.api | API_REQUEST_OK | method=GET | label=ticker:BTC/USD | elapsed_ms=563
2026-10-06 09:24:41+0000 | INFO     | bot | LOOP_COMPLETE | elapsed_ms=1504
2026-10-06 09:25:40+0000 | INFO     | roostoo.api | API_REQUEST_START | method=GET | label=server_time | path=/v3/serverTime
2026-10-06 09:25:40+0000 | INFO     | roostoo.api | API_REQUEST_OK | method=GET | label=server_time | elapsed_ms=187
2026-10-06 09:25:40+0000 | INFO     | roostoo.api | SERVER_TIME_SYNC | offset_ms=101
2026-10-06 09:25:40+0000 | INFO     | roostoo.api | API_REQUEST_START | method=GET | label=ticker:TRX/USD | path=/v3/ticker
2026-10-06 09:25:40+0000 | INFO     | roostoo.api | API_REQUEST_OK | method=GET | label=ticker:TRX/USD | elapsed_ms=190
2026-10-06 09:25:40+0000 | INFO     | roostoo.api | API_REQUEST_START | method=GET | label=ticker:AVAX/USD | path=/v3/ticker
2026-10-06 09:25:40+0000 | INFO     | roostoo.api | API_REQUEST_OK | method=GET | label=ticker:AVAX/USD | elapsed_ms=198
2026-10-06 09:25:40+0000 | INFO     | roostoo.api | API_REQUEST_START | method=GET | label=ticker:DOT/USD | path=/v3/ticker
2026-10-06 09:25:40+0000 | INFO     | roostoo.api | API_REQUEST_OK | method=GET | label=ticker:DOT/USD | elapsed_ms=173
2026-10-06 09:25:40+0000 | INFO     | roostoo.api | API_REQUEST_START | method=GET | label=ticker:BNB/USD | path=/v3/ticker
2026-10-06 09:25:41+0000 | INFO     | roostoo.api | API_REQUEST_OK | method=GET | label=ticker:BNB/USD | elapsed_ms=198
2026-10-06 09:25:41+0000 | INFO     | roostoo.api | API_REQUEST_START | method=GET | label=ticker:SUI/USD | path=/v3/ticker
2026-10-06 09:25:41+0000 | INFO     | roostoo.api | API_REQUEST_OK | method=GET | label=ticker:SUI/USD | elapsed_ms=200
2026-10-06 09:25:41+0000 | INFO     | roostoo.api | API_REQUEST_START | method=GET | label=ticker:BTC/USD | path=/v3/ticker
2026-10-06 09:25:41+0000 | INFO     | roostoo.api | API_REQUEST_OK | method=GET | label=ticker:BTC/USD | elapsed_ms=505
2026-10-06 09:25:41+0000 | INFO     | bot | LOOP_COMPLETE | elapsed_ms=1700
2026-10-06 09:26:40+0000 | INFO     | roostoo.api | API_REQUEST_START | method=GET | label=ticker:TRX/USD | path=/v3/ticker
2026-10-06 09:26:40+0000 | INFO     | roostoo.api | API_REQUEST_OK | method=GET | label=ticker:TRX/USD | elapsed_ms=205
2026-10-06 09:26:40+0000 | INFO     | roostoo.api | API_REQUEST_START | method=GET | label=ticker:AVAX/USD | path=/v3/ticker
2026-10-06 09:26:40+0000 | INFO     | roostoo.api | API_REQUEST_OK | method=GET | label=ticker:AVAX/USD | elapsed_ms=198
2026-10-06 09:26:40+0000 | INFO     | roostoo.api | API_REQUEST_START | method=GET | label=ticker:DOT/USD | path=/v3/ticker
2026-10-06 09:26:40+0000 | INFO     | roostoo.api | API_REQUEST_OK | method=GET | label=ticker:DOT/USD | elapsed_ms=186
2026-10-06 09:26:40+0000 | INFO     | roostoo.api | API_REQUEST_START | method=GET | label=ticker:BNB/USD | path=/v3/ticker
2026-10-06 09:26:40+0000 | INFO     | roostoo.api | API_REQUEST_OK | method=GET | label=ticker:BNB/USD | elapsed_ms=187
2026-10-06 09:26:40+0000 | INFO     | roostoo.api | API_REQUEST_START | method=GET | label=ticker:SUI/USD | path=/v3/ticker
2026-10-06 09:26:41+0000 | INFO     | roostoo.api | API_REQUEST_OK | method=GET | label=ticker:SUI/USD | elapsed_ms=546
2026-10-06 09:26:41+0000 | INFO     | roostoo.api | API_REQUEST_START | method=GET | label=ticker:BTC/USD | path=/v3/ticker
2026-10-06 09:26:41+0000 | INFO     | roostoo.api | API_REQUEST_OK | method=GET | label=ticker:BTC/USD | elapsed_ms=185
2026-10-06 09:26:41+0000 | INFO     | bot | LOOP_COMPLETE | elapsed_ms=1561
2026-10-06 09:27:40+0000 | INFO     | roostoo.api | API_REQUEST_START | method=GET | label=ticker:TRX/USD | path=/v3/ticker
2026-10-06 09:27:40+0000 | INFO     | roostoo.api | API_REQUEST_OK | method=GET | label=ticker:TRX/USD | elapsed_ms=185
2026-10-06 09:27:40+0000 | INFO     | roostoo.api | API_REQUEST_START | method=GET | label=ticker:AVAX/USD | path=/v3/ticker
2026-10-06 09:27:40+0000 | INFO     | roostoo.api | API_REQUEST_OK | method=GET | label=ticker:AVAX/USD | elapsed_ms=185
2026-10-06 09:27:40+0000 | INFO     | roostoo.api | API_REQUEST_START | method=GET | label=ticker:DOT/USD | path=/v3/ticker
2026-10-06 09:27:40+0000 | INFO     | roostoo.api | API_REQUEST_OK | method=GET | label=ticker:DOT/USD | elapsed_ms=198
2026-10-06 09:27:40+0000 | INFO     | roostoo.api | API_REQUEST_START | method=GET | label=ticker:BNB/USD | path=/v3/ticker
2026-10-06 09:27:41+0000 | INFO     | roostoo.api | API_REQUEST_OK | method=GET | label=ticker:BNB/USD | elapsed_ms=505
2026-10-06 09:27:41+0000 | INFO     | roostoo.api | API_REQUEST_START | method=GET | label=ticker:SUI/USD | path=/v3/ticker
2026-10-06 09:27:41+0000 | INFO     | roostoo.api | API_REQUEST_OK | method=GET | label=ticker:SUI/USD | elapsed_ms=542
2026-10-06 09:27:41+0000 | INFO     | roostoo.api | API_REQUEST_START | method=GET | label=ticker:BTC/USD | path=/v3/ticker
2026-10-06 09:27:42+0000 | INFO     | roostoo.api | API_REQUEST_OK | method=GET | label=ticker:BTC/USD | elapsed_ms=546
2026-10-06 09:27:42+0000 | INFO     | bot | LOOP_COMPLETE | elapsed_ms=2222
2026-10-06 09:28:40+0000 | INFO     | roostoo.api | API_REQUEST_START | method=GET | label=ticker:TRX/USD | path=/v3/ticker
2026-10-06 09:28:40+0000 | INFO     | roostoo.api | API_REQUEST_OK | method=GET | label=ticker:TRX/USD | elapsed_ms=185
2026-10-06 09:28:40+0000 | INFO     | roostoo.api | API_REQUEST_START | method=GET | label=ticker:AVAX/USD | path=/v3/ticker
2026-10-06 09:28:40+0000 | INFO     | roostoo.api | API_REQUEST_OK | method=GET | label=ticker:AVAX/USD | elapsed_ms=185
2026-10-06 09:28:40+0000 | INFO     | roostoo.api | API_REQUEST_START | method=GET | label=ticker:DOT/USD | path=/v3/ticker
2026-10-06 09:28:40+0000 | INFO     | roostoo.api | API_REQUEST_OK | method=GET | label=ticker:DOT/USD | elapsed_ms=172
2026-10-06 09:28:40+0000 | INFO     | roostoo.api | API_REQUEST_START | method=GET | label=ticker:BNB/USD | path=/v3/ticker
2026-10-06 09:28:40+0000 | INFO     | roostoo.api | API_REQUEST_OK | method=GET | label=ticker:BNB/USD | elapsed_ms=173
2026-10-06 09:28:40+0000 | INFO     | roostoo.api | API_REQUEST_START | method=GET | label=ticker:SUI/USD | path=/v3/ticker
2026-10-06 09:28:41+0000 | INFO     | roostoo.api | API_REQUEST_OK | method=GET | label=ticker:SUI/USD | elapsed_ms=501
2026-10-06 09:28:41+0000 | INFO     | roostoo.api | API_REQUEST_START | method=GET | label=ticker:BTC/USD | path=/v3/ticker
2026-10-06 09:28:41+0000 | INFO     | roostoo.api | API_REQUEST_OK | method=GET | label=ticker:BTC/USD | elapsed_ms=186
2026-10-06 09:28:41+0000 | INFO     | bot | LOOP_COMPLETE | elapsed_ms=1451
2026-10-06 09:29:40+0000 | INFO     | roostoo.api | API_REQUEST_START | method=GET | label=ticker:TRX/USD | path=/v3/ticker
2026-10-06 09:29:40+0000 | INFO     | roostoo.api | API_REQUEST_OK | method=GET | label=ticker:TRX/USD | elapsed_ms=198
2026-10-06 09:29:40+0000 | INFO     | roostoo.api | API_REQUEST_START | method=GET | label=ticker:AVAX/USD | path=/v3/ticker
2026-10-06 09:29:40+0000 | INFO     | roostoo.api | API_REQUEST_OK | method=GET | label=ticker:AVAX/USD | elapsed_ms=198
2026-10-06 09:29:40+0000 | INFO     | roostoo.api | API_REQUEST_START | method=GET | label=ticker:DOT/USD | path=/v3/ticker
2026-10-06 09:29:40+0000 | INFO     | roostoo.api | API_REQUEST_OK | method=GET | label=ticker:DOT/USD | elapsed_ms=198
2026-10-06 09:29:40+0000 | INFO     | roostoo.api | API_REQUEST_START | method=GET | label=ticker:BNB/USD | path=/v3/ticker
2026-10-06 09:29:40+0000 | INFO     | roostoo.api | API_REQUEST_OK | method=GET | label=ticker:BNB/USD | elapsed_ms=197
2026-10-06 09:29:40+0000 | INFO     | roostoo.api | API_REQUEST_START | method=GET | label=ticker:SUI/USD | path=/v3/ticker
2026-10-06 09:29:41+0000 | INFO     | roostoo.api | API_REQUEST_OK | method=GET | label=ticker:SUI/USD | elapsed_ms=173
2026-10-06 09:29:41+0000 | INFO     | roostoo.api | API_REQUEST_START | method=GET | label=ticker:BTC/USD | path=/v3/ticker
2026-10-06 09:29:41+0000 | INFO     | roostoo.api | API_REQUEST_OK | method=GET | label=ticker:BTC/USD | elapsed_ms=172
2026-10-06 09:29:41+0000 | INFO     | bot | LOOP_COMPLETE | elapsed_ms=1186
2026-10-06 09:30:40+0000 | INFO     | roostoo.api | API_REQUEST_START | method=GET | label=ticker:TRX/USD | path=/v3/ticker
2026-10-06 09:30:40+0000 | INFO     | roostoo.api | API_REQUEST_OK | method=GET | label=ticker:TRX/USD | elapsed_ms=174
2026-10-06 09:30:40+0000 | INFO     | roostoo.api | API_REQUEST_START | method=GET | label=server_time | path=/v3/serverTime
2026-10-06 09:30:40+0000 | INFO     | roostoo.api | API_REQUEST_OK | method=GET | label=server_time | elapsed_ms=171
2026-10-06 09:30:40+0000 | INFO     | roostoo.api | SERVER_TIME_SYNC | offset_ms=87
2026-10-06 09:30:40+0000 | INFO     | roostoo.api | API_REQUEST_START | method=GET | label=ticker:AVAX/USD | path=/v3/ticker
2026-10-06 09:30:40+0000 | INFO     | roostoo.api | API_REQUEST_OK | method=GET | label=ticker:AVAX/USD | elapsed_ms=172
2026-10-06 09:30:40+0000 | INFO     | roostoo.api | API_REQUEST_START | method=GET | label=ticker:DOT/USD | path=/v3/ticker
2026-10-06 09:30:40+0000 | INFO     | roostoo.api | API_REQUEST_OK | method=GET | label=ticker:DOT/USD | elapsed_ms=172
2026-10-06 09:30:40+0000 | INFO     | roostoo.api | API_REQUEST_START | method=GET | label=ticker:BNB/USD | path=/v3/ticker
2026-10-06 09:30:41+0000 | INFO     | roostoo.api | API_REQUEST_OK | method=GET | label=ticker:BNB/USD | elapsed_ms=173
2026-10-06 09:30:41+0000 | INFO     | roostoo.api | API_REQUEST_START | method=GET | label=ticker:SUI/USD | path=/v3/ticker
2026-10-06 09:30:41+0000 | INFO     | roostoo.api | API_REQUEST_OK | method=GET | label=ticker:SUI/USD | elapsed_ms=542
2026-10-06 09:30:41+0000 | INFO     | roostoo.api | API_REQUEST_START | method=GET | label=ticker:BTC/USD | path=/v3/ticker
2026-10-06 09:30:41+0000 | INFO     | roostoo.api | API_REQUEST_OK | method=GET | label=ticker:BTC/USD | elapsed_ms=185
2026-10-06 09:30:41+0000 | INFO     | bot | LOOP_COMPLETE | elapsed_ms=1639
2026-10-06 09:31:40+0000 | INFO     | roostoo.api | API_REQUEST_START | method=GET | label=ticker:TRX/USD | path=/v3/ticker
2026-10-06 09:31:40+0000 | INFO     | roostoo.api | API_REQUEST_OK | method=GET | label=ticker:TRX/USD | elapsed_ms=175
2026-10-06 09:31:40+0000 | INFO     | roostoo.api | API_REQUEST_START | method=GET | label=ticker:AVAX/USD | path=/v3/ticker
2026-10-06 09:31:40+0000 | INFO     | roostoo.api | API_REQUEST_OK | method=GET | label=ticker:AVAX/USD | elapsed_ms=173
2026-10-06 09:31:40+0000 | INFO     | roostoo.api | API_REQUEST_START | method=GET | label=ticker:DOT/USD | path=/v3/ticker
2026-10-06 09:31:40+0000 | INFO     | roostoo.api | API_REQUEST_OK | method=GET | label=ticker:DOT/USD | elapsed_ms=173
2026-10-06 09:31:40+0000 | INFO     | roostoo.api | API_REQUEST_START | method=GET | label=ticker:BNB/USD | path=/v3/ticker
2026-10-06 09:31:40+0000 | INFO     | roostoo.api | API_REQUEST_OK | method=GET | label=ticker:BNB/USD | elapsed_ms=187
2026-10-06 09:31:40+0000 | INFO     | roostoo.api | API_REQUEST_START | method=GET | label=ticker:SUI/USD | path=/v3/ticker
2026-10-06 09:31:41+0000 | INFO     | roostoo.api | API_REQUEST_OK | method=GET | label=ticker:SUI/USD | elapsed_ms=503
2026-10-06 09:31:41+0000 | INFO     | roostoo.api | API_REQUEST_START | method=GET | label=ticker:BTC/USD | path=/v3/ticker
2026-10-06 09:31:41+0000 | INFO     | roostoo.api | API_REQUEST_OK | method=GET | label=ticker:BTC/USD | elapsed_ms=171
2026-10-06 09:31:41+0000 | INFO     | bot | LOOP_COMPLETE | elapsed_ms=1438
2026-10-06 09:32:40+0000 | INFO     | roostoo.api | API_REQUEST_START | method=GET | label=ticker:TRX/USD | path=/v3/ticker
2026-10-06 09:32:40+0000 | INFO     | roostoo.api | API_REQUEST_OK | method=GET | label=ticker:TRX/USD | elapsed_ms=188
2026-10-06 09:32:40+0000 | INFO     | roostoo.api | API_REQUEST_START | method=GET | label=ticker:AVAX/USD | path=/v3/ticker
2026-10-06 09:32:40+0000 | INFO     | roostoo.api | API_REQUEST_OK | method=GET | label=ticker:AVAX/USD | elapsed_ms=184
2026-10-06 09:32:40+0000 | INFO     | roostoo.api | API_REQUEST_START | method=GET | label=ticker:DOT/USD | path=/v3/ticker
2026-10-06 09:32:40+0000 | INFO     | roostoo.api | API_REQUEST_OK | method=GET | label=ticker:DOT/USD | elapsed_ms=185
2026-10-06 09:32:40+0000 | INFO     | roostoo.api | API_REQUEST_START | method=GET | label=ticker:BNB/USD | path=/v3/ticker
2026-10-06 09:32:40+0000 | INFO     | roostoo.api | API_REQUEST_OK | method=GET | label=ticker:BNB/USD | elapsed_ms=181
2026-10-06 09:32:40+0000 | INFO     | roostoo.api | API_REQUEST_START | method=GET | label=ticker:SUI/USD | path=/v3/ticker
2026-10-06 09:32:41+0000 | INFO     | roostoo.api | API_REQUEST_OK | method=GET | label=ticker:SUI/USD | elapsed_ms=186
2026-10-06 09:32:41+0000 | INFO     | roostoo.api | API_REQUEST_START | method=GET | label=ticker:BTC/USD | path=/v3/ticker
2026-10-06 09:32:41+0000 | INFO     | roostoo.api | API_REQUEST_OK | method=GET | label=ticker:BTC/USD | elapsed_ms=346
2026-10-06 09:32:41+0000 | INFO     | bot | LOOP_COMPLETE | elapsed_ms=1322
2026-10-06 09:33:40+0000 | INFO     | roostoo.api | API_REQUEST_START | method=GET | label=ticker:TRX/USD | path=/v3/ticker
2026-10-06 09:33:40+0000 | INFO     | roostoo.api | API_REQUEST_OK | method=GET | label=ticker:TRX/USD | elapsed_ms=185
2026-10-06 09:33:40+0000 | INFO     | roostoo.api | API_REQUEST_START | method=GET | label=ticker:AVAX/USD | path=/v3/ticker
2026-10-06 09:33:40+0000 | INFO     | roostoo.api | API_REQUEST_OK | method=GET | label=ticker:AVAX/USD | elapsed_ms=184
2026-10-06 09:33:40+0000 | INFO     | roostoo.api | API_REQUEST_START | method=GET | label=ticker:DOT/USD | path=/v3/ticker
2026-10-06 09:33:40+0000 | INFO     | roostoo.api | API_REQUEST_OK | method=GET | label=ticker:DOT/USD | elapsed_ms=172
2026-10-06 09:33:40+0000 | INFO     | roostoo.api | API_REQUEST_START | method=GET | label=ticker:BNB/USD | path=/v3/ticker
2026-10-06 09:33:40+0000 | INFO     | roostoo.api | API_REQUEST_OK | method=GET | label=ticker:BNB/USD | elapsed_ms=172
2026-10-06 09:33:40+0000 | INFO     | roostoo.api | API_REQUEST_START | method=GET | label=ticker:SUI/USD | path=/v3/ticker
2026-10-06 09:33:41+0000 | INFO     | roostoo.api | API_REQUEST_OK | method=GET | label=ticker:SUI/USD | elapsed_ms=185
2026-10-06 09:33:41+0000 | INFO     | roostoo.api | API_REQUEST_START | method=GET | label=ticker:BTC/USD | path=/v3/ticker
2026-10-06 09:33:41+0000 | INFO     | roostoo.api | API_REQUEST_OK | method=GET | label=ticker:BTC/USD | elapsed_ms=186
2026-10-06 09:33:41+0000 | INFO     | bot | LOOP_COMPLETE | elapsed_ms=1134
2026-10-06 09:34:40+0000 | INFO     | roostoo.api | API_REQUEST_START | method=GET | label=ticker:TRX/USD | path=/v3/ticker
2026-10-06 09:34:40+0000 | INFO     | roostoo.api | API_REQUEST_OK | method=GET | label=ticker:TRX/USD | elapsed_ms=186
2026-10-06 09:34:40+0000 | INFO     | roostoo.api | API_REQUEST_START | method=GET | label=ticker:AVAX/USD | path=/v3/ticker
2026-10-06 09:34:40+0000 | INFO     | roostoo.api | API_REQUEST_OK | method=GET | label=ticker:AVAX/USD | elapsed_ms=185
2026-10-06 09:34:40+0000 | INFO     | roostoo.api | API_REQUEST_START | method=GET | label=ticker:DOT/USD | path=/v3/ticker
2026-10-06 09:34:40+0000 | INFO     | roostoo.api | API_REQUEST_OK | method=GET | label=ticker:DOT/USD | elapsed_ms=185
2026-10-06 09:34:40+0000 | INFO     | roostoo.api | API_REQUEST_START | method=GET | label=ticker:BNB/USD | path=/v3/ticker
2026-10-06 09:34:40+0000 | INFO     | roostoo.api | API_REQUEST_OK | method=GET | label=ticker:BNB/USD | elapsed_ms=200
2026-10-06 09:34:40+0000 | INFO     | roostoo.api | API_REQUEST_START | method=GET | label=ticker:SUI/USD | path=/v3/ticker
2026-10-06 09:34:41+0000 | INFO     | roostoo.api | API_REQUEST_OK | method=GET | label=ticker:SUI/USD | elapsed_ms=504
2026-10-06 09:34:41+0000 | INFO     | roostoo.api | API_REQUEST_START | method=GET | label=ticker:BTC/USD | path=/v3/ticker
2026-10-06 09:34:41+0000 | INFO     | roostoo.api | API_REQUEST_OK | method=GET | label=ticker:BTC/USD | elapsed_ms=210
2026-10-06 09:34:41+0000 | INFO     | bot | LOOP_COMPLETE | elapsed_ms=1522
2026-10-06 09:35:40+0000 | INFO     | roostoo.api | API_REQUEST_START | method=GET | label=ticker:TRX/USD | path=/v3/ticker
2026-10-06 09:35:40+0000 | INFO     | roostoo.api | API_REQUEST_OK | method=GET | label=ticker:TRX/USD | elapsed_ms=174
2026-10-06 09:35:40+0000 | INFO     | roostoo.api | API_REQUEST_START | method=GET | label=ticker:AVAX/USD | path=/v3/ticker
2026-10-06 09:35:40+0000 | INFO     | roostoo.api | API_REQUEST_OK | method=GET | label=ticker:AVAX/USD | elapsed_ms=172
2026-10-06 09:35:40+0000 | INFO     | roostoo.api | API_REQUEST_START | method=GET | label=server_time | path=/v3/serverTime
2026-10-06 09:35:41+0000 | INFO     | roostoo.api | API_REQUEST_OK | method=GET | label=server_time | elapsed_ms=580
2026-10-06 09:35:41+0000 | INFO     | roostoo.api | SERVER_TIME_SYNC | offset_ms=483
2026-10-06 09:35:41+0000 | INFO     | roostoo.api | API_REQUEST_START | method=GET | label=ticker:DOT/USD | path=/v3/ticker
2026-10-06 09:35:41+0000 | INFO     | roostoo.api | API_REQUEST_OK | method=GET | label=ticker:DOT/USD | elapsed_ms=543
2026-10-06 09:35:41+0000 | INFO     | roostoo.api | API_REQUEST_START | method=GET | label=ticker:BNB/USD | path=/v3/ticker
2026-10-06 09:35:41+0000 | INFO     | roostoo.api | API_REQUEST_OK | method=GET | label=ticker:BNB/USD | elapsed_ms=171
2026-10-06 09:35:41+0000 | INFO     | roostoo.api | API_REQUEST_START | method=GET | label=ticker:SUI/USD | path=/v3/ticker
2026-10-06 09:35:42+0000 | INFO     | roostoo.api | API_REQUEST_OK | method=GET | label=ticker:SUI/USD | elapsed_ms=545
2026-10-06 09:35:42+0000 | INFO     | roostoo.api | API_REQUEST_START | method=GET | label=ticker:BTC/USD | path=/v3/ticker
2026-10-06 09:35:42+0000 | INFO     | roostoo.api | API_REQUEST_OK | method=GET | label=ticker:BTC/USD | elapsed_ms=198
2026-10-06 09:35:42+0000 | INFO     | bot | LOOP_COMPLETE | elapsed_ms=2436
2026-10-06 09:36:40+0000 | INFO     | roostoo.api | API_REQUEST_START | method=GET | label=ticker:TRX/USD | path=/v3/ticker
2026-10-06 09:36:40+0000 | INFO     | roostoo.api | API_REQUEST_OK | method=GET | label=ticker:TRX/USD | elapsed_ms=175
2026-10-06 09:36:40+0000 | INFO     | roostoo.api | API_REQUEST_START | method=GET | label=ticker:AVAX/USD | path=/v3/ticker
2026-10-06 09:36:40+0000 | INFO     | roostoo.api | API_REQUEST_OK | method=GET | label=ticker:AVAX/USD | elapsed_ms=172
2026-10-06 09:36:40+0000 | INFO     | roostoo.api | API_REQUEST_START | method=GET | label=ticker:DOT/USD | path=/v3/ticker
2026-10-06 09:36:40+0000 | INFO     | roostoo.api | API_REQUEST_OK | method=GET | label=ticker:DOT/USD | elapsed_ms=186
2026-10-06 09:36:40+0000 | INFO     | roostoo.api | API_REQUEST_START | method=GET | label=ticker:BNB/USD | path=/v3/ticker
2026-10-06 09:36:40+0000 | INFO     | roostoo.api | API_REQUEST_OK | method=GET | label=ticker:BNB/USD | elapsed_ms=185
2026-10-06 09:36:40+0000 | INFO     | roostoo.api | API_REQUEST_START | method=GET | label=ticker:SUI/USD | path=/v3/ticker
2026-10-06 09:36:41+0000 | INFO     | roostoo.api | API_REQUEST_OK | method=GET | label=ticker:SUI/USD | elapsed_ms=185
2026-10-06 09:36:41+0000 | INFO     | roostoo.api | API_REQUEST_START | method=GET | label=ticker:BTC/USD | path=/v3/ticker
2026-10-06 09:36:41+0000 | INFO     | roostoo.api | API_REQUEST_OK | method=GET | label=ticker:BTC/USD | elapsed_ms=545
2026-10-06 09:36:41+0000 | INFO     | bot | LOOP_COMPLETE | elapsed_ms=1500
2026-10-06 09:37:40+0000 | INFO     | roostoo.api | API_REQUEST_START | method=GET | label=ticker:TRX/USD | path=/v3/ticker
2026-10-06 09:37:40+0000 | INFO     | roostoo.api | API_REQUEST_OK | method=GET | label=ticker:TRX/USD | elapsed_ms=185
2026-10-06 09:37:40+0000 | INFO     | roostoo.api | API_REQUEST_START | method=GET | label=ticker:AVAX/USD | path=/v3/ticker
2026-10-06 09:37:40+0000 | INFO     | roostoo.api | API_REQUEST_OK | method=GET | label=ticker:AVAX/USD | elapsed_ms=197
2026-10-06 09:37:40+0000 | INFO     | roostoo.api | API_REQUEST_START | method=GET | label=ticker:DOT/USD | path=/v3/ticker
2026-10-06 09:37:40+0000 | INFO     | roostoo.api | API_REQUEST_OK | method=GET | label=ticker:DOT/USD | elapsed_ms=171
2026-10-06 09:37:40+0000 | INFO     | roostoo.api | API_REQUEST_START | method=GET | label=ticker:BNB/USD | path=/v3/ticker
2026-10-06 09:37:40+0000 | INFO     | roostoo.api | API_REQUEST_OK | method=GET | label=ticker:BNB/USD | elapsed_ms=172
2026-10-06 09:37:40+0000 | INFO     | roostoo.api | API_REQUEST_START | method=GET | label=ticker:SUI/USD | path=/v3/ticker
2026-10-06 09:37:41+0000 | INFO     | roostoo.api | API_REQUEST_OK | method=GET | label=ticker:SUI/USD | elapsed_ms=173
2026-10-06 09:37:41+0000 | INFO     | roostoo.api | API_REQUEST_START | method=GET | label=ticker:BTC/USD | path=/v3/ticker
2026-10-06 09:37:41+0000 | INFO     | roostoo.api | API_REQUEST_OK | method=GET | label=ticker:BTC/USD | elapsed_ms=580
2026-10-06 09:37:41+0000 | INFO     | bot | LOOP_COMPLETE | elapsed_ms=1529
2026-10-06 09:38:40+0000 | INFO     | roostoo.api | API_REQUEST_START | method=GET | label=ticker:TRX/USD | path=/v3/ticker
2026-10-06 09:38:40+0000 | INFO     | roostoo.api | API_REQUEST_OK | method=GET | label=ticker:TRX/USD | elapsed_ms=186
2026-10-06 09:38:40+0000 | INFO     | roostoo.api | API_REQUEST_START | method=GET | label=ticker:AVAX/USD | path=/v3/ticker
2026-10-06 09:38:40+0000 | INFO     | roostoo.api | API_REQUEST_OK | method=GET | label=ticker:AVAX/USD | elapsed_ms=173
2026-10-06 09:38:40+0000 | INFO     | roostoo.api | API_REQUEST_START | method=GET | label=ticker:DOT/USD | path=/v3/ticker
2026-10-06 09:38:40+0000 | INFO     | roostoo.api | API_REQUEST_OK | method=GET | label=ticker:DOT/USD | elapsed_ms=172
2026-10-06 09:38:40+0000 | INFO     | roostoo.api | API_REQUEST_START | method=GET | label=ticker:BNB/USD | path=/v3/ticker
2026-10-06 09:38:40+0000 | INFO     | roostoo.api | API_REQUEST_OK | method=GET | label=ticker:BNB/USD | elapsed_ms=185
2026-10-06 09:38:40+0000 | INFO     | roostoo.api | API_REQUEST_START | method=GET | label=ticker:SUI/USD | path=/v3/ticker
2026-10-06 09:38:41+0000 | INFO     | roostoo.api | API_REQUEST_OK | method=GET | label=ticker:SUI/USD | elapsed_ms=198
2026-10-06 09:38:41+0000 | INFO     | roostoo.api | API_REQUEST_START | method=GET | label=ticker:BTC/USD | path=/v3/ticker
2026-10-06 09:38:41+0000 | INFO     | roostoo.api | API_REQUEST_OK | method=GET | label=ticker:BTC/USD | elapsed_ms=543
2026-10-06 09:38:41+0000 | INFO     | bot | LOOP_COMPLETE | elapsed_ms=1507
2026-10-06 09:39:40+0000 | INFO     | roostoo.api | API_REQUEST_START | method=GET | label=ticker:TRX/USD | path=/v3/ticker
2026-10-06 09:39:40+0000 | INFO     | roostoo.api | API_REQUEST_OK | method=GET | label=ticker:TRX/USD | elapsed_ms=199
2026-10-06 09:39:40+0000 | INFO     | roostoo.api | API_REQUEST_START | method=GET | label=ticker:AVAX/USD | path=/v3/ticker
2026-10-06 09:39:40+0000 | INFO     | roostoo.api | API_REQUEST_OK | method=GET | label=ticker:AVAX/USD | elapsed_ms=278
2026-10-06 09:39:40+0000 | INFO     | roostoo.api | API_REQUEST_START | method=GET | label=ticker:DOT/USD | path=/v3/ticker
2026-10-06 09:39:41+0000 | INFO     | roostoo.api | API_REQUEST_OK | method=GET | label=ticker:DOT/USD | elapsed_ms=502
2026-10-06 09:39:41+0000 | INFO     | roostoo.api | API_REQUEST_START | method=GET | label=ticker:BNB/USD | path=/v3/ticker
2026-10-06 09:39:41+0000 | INFO     | roostoo.api | API_REQUEST_OK | method=GET | label=ticker:BNB/USD | elapsed_ms=185
2026-10-06 09:39:41+0000 | INFO     | roostoo.api | API_REQUEST_START | method=GET | label=ticker:SUI/USD | path=/v3/ticker
2026-10-06 09:39:41+0000 | INFO     | roostoo.api | API_REQUEST_OK | method=GET | label=ticker:SUI/USD | elapsed_ms=196
2026-10-06 09:39:41+0000 | INFO     | roostoo.api | API_REQUEST_START | method=GET | label=ticker:BTC/USD | path=/v3/ticker
2026-10-06 09:39:41+0000 | INFO     | roostoo.api | API_REQUEST_OK | method=GET | label=ticker:BTC/USD | elapsed_ms=185
2026-10-06 09:39:41+0000 | INFO     | bot | LOOP_COMPLETE | elapsed_ms=1603
2026-10-06 09:40:40+0000 | INFO     | roostoo.api | API_REQUEST_START | method=GET | label=ticker:TRX/USD | path=/v3/ticker
2026-10-06 09:40:40+0000 | INFO     | roostoo.api | API_REQUEST_OK | method=GET | label=ticker:TRX/USD | elapsed_ms=175
2026-10-06 09:40:40+0000 | INFO     | roostoo.api | API_REQUEST_START | method=GET | label=ticker:AVAX/USD | path=/v3/ticker
2026-10-06 09:40:40+0000 | INFO     | roostoo.api | API_REQUEST_OK | method=GET | label=ticker:AVAX/USD | elapsed_ms=330
2026-10-06 09:40:40+0000 | INFO     | roostoo.api | API_REQUEST_START | method=GET | label=ticker:DOT/USD | path=/v3/ticker
2026-10-06 09:40:40+0000 | INFO     | roostoo.api | API_REQUEST_OK | method=GET | label=ticker:DOT/USD | elapsed_ms=185
2026-10-06 09:40:40+0000 | INFO     | roostoo.api | API_REQUEST_START | method=GET | label=ticker:BNB/USD | path=/v3/ticker
2026-10-06 09:40:41+0000 | INFO     | roostoo.api | API_REQUEST_OK | method=GET | label=ticker:BNB/USD | elapsed_ms=186
2026-10-06 09:40:41+0000 | INFO     | roostoo.api | API_REQUEST_START | method=GET | label=ticker:SUI/USD | path=/v3/ticker
2026-10-06 09:40:41+0000 | INFO     | roostoo.api | API_REQUEST_OK | method=GET | label=ticker:SUI/USD | elapsed_ms=171
2026-10-06 09:40:41+0000 | INFO     | roostoo.api | API_REQUEST_START | method=GET | label=server_time | path=/v3/serverTime
2026-10-06 09:40:41+0000 | INFO     | roostoo.api | API_REQUEST_OK | method=GET | label=server_time | elapsed_ms=172
2026-10-06 09:40:41+0000 | INFO     | roostoo.api | SERVER_TIME_SYNC | offset_ms=87
2026-10-06 09:40:41+0000 | INFO     | roostoo.api | API_REQUEST_START | method=GET | label=ticker:BTC/USD | path=/v3/ticker
2026-10-06 09:40:41+0000 | INFO     | roostoo.api | API_REQUEST_OK | method=GET | label=ticker:BTC/USD | elapsed_ms=185
2026-10-06 09:40:41+0000 | INFO     | bot | LOOP_COMPLETE | elapsed_ms=1457
2026-10-06 09:41:40+0000 | INFO     | roostoo.api | API_REQUEST_START | method=GET | label=ticker:TRX/USD | path=/v3/ticker
2026-10-06 09:41:40+0000 | INFO     | roostoo.api | API_REQUEST_OK | method=GET | label=ticker:TRX/USD | elapsed_ms=172
2026-10-06 09:41:40+0000 | INFO     | roostoo.api | API_REQUEST_START | method=GET | label=ticker:AVAX/USD | path=/v3/ticker
2026-10-06 09:41:40+0000 | INFO     | roostoo.api | API_REQUEST_OK | method=GET | label=ticker:AVAX/USD | elapsed_ms=186
2026-10-06 09:41:40+0000 | INFO     | roostoo.api | API_REQUEST_START | method=GET | label=ticker:DOT/USD | path=/v3/ticker
2026-10-06 09:41:40+0000 | INFO     | roostoo.api | API_REQUEST_OK | method=GET | label=ticker:DOT/USD | elapsed_ms=173
2026-10-06 09:41:40+0000 | INFO     | roostoo.api | API_REQUEST_START | method=GET | label=ticker:BNB/USD | path=/v3/ticker
2026-10-06 09:41:40+0000 | INFO     | roostoo.api | API_REQUEST_OK | method=GET | label=ticker:BNB/USD | elapsed_ms=186
2026-10-06 09:41:40+0000 | INFO     | roostoo.api | API_REQUEST_START | method=GET | label=ticker:SUI/USD | path=/v3/ticker
2026-10-06 09:41:41+0000 | INFO     | roostoo.api | API_REQUEST_OK | method=GET | label=ticker:SUI/USD | elapsed_ms=172
2026-10-06 09:41:41+0000 | INFO     | roostoo.api | API_REQUEST_START | method=GET | label=ticker:BTC/USD | path=/v3/ticker
2026-10-06 09:41:41+0000 | INFO     | roostoo.api | API_REQUEST_OK | method=GET | label=ticker:BTC/USD | elapsed_ms=185
2026-10-06 09:41:41+0000 | INFO     | bot | LOOP_COMPLETE | elapsed_ms=1128
2026-10-06 09:42:40+0000 | INFO     | roostoo.api | API_REQUEST_START | method=GET | label=ticker:TRX/USD | path=/v3/ticker
2026-10-06 09:42:40+0000 | INFO     | roostoo.api | API_REQUEST_OK | method=GET | label=ticker:TRX/USD | elapsed_ms=172
2026-10-06 09:42:40+0000 | INFO     | roostoo.api | API_REQUEST_START | method=GET | label=ticker:AVAX/USD | path=/v3/ticker
2026-10-06 09:42:40+0000 | INFO     | roostoo.api | API_REQUEST_OK | method=GET | label=ticker:AVAX/USD | elapsed_ms=173
2026-10-06 09:42:40+0000 | INFO     | roostoo.api | API_REQUEST_START | method=GET | label=ticker:DOT/USD | path=/v3/ticker
2026-10-06 09:42:40+0000 | INFO     | roostoo.api | API_REQUEST_OK | method=GET | label=ticker:DOT/USD | elapsed_ms=200
2026-10-06 09:42:40+0000 | INFO     | roostoo.api | API_REQUEST_START | method=GET | label=ticker:BNB/USD | path=/v3/ticker
2026-10-06 09:42:40+0000 | INFO     | roostoo.api | API_REQUEST_OK | method=GET | label=ticker:BNB/USD | elapsed_ms=185
2026-10-06 09:42:40+0000 | INFO     | roostoo.api | API_REQUEST_START | method=GET | label=ticker:SUI/USD | path=/v3/ticker
2026-10-06 09:42:41+0000 | INFO     | roostoo.api | API_REQUEST_OK | method=GET | label=ticker:SUI/USD | elapsed_ms=542
2026-10-06 09:42:41+0000 | INFO     | roostoo.api | API_REQUEST_START | method=GET | label=ticker:BTC/USD | path=/v3/ticker
2026-10-06 09:42:41+0000 | INFO     | roostoo.api | API_REQUEST_OK | method=GET | label=ticker:BTC/USD | elapsed_ms=189
2026-10-06 09:42:41+0000 | INFO     | bot | LOOP_COMPLETE | elapsed_ms=1521
2026-10-06 09:43:40+0000 | INFO     | roostoo.api | API_REQUEST_START | method=GET | label=ticker:TRX/USD | path=/v3/ticker
2026-10-06 09:43:40+0000 | INFO     | roostoo.api | API_REQUEST_OK | method=GET | label=ticker:TRX/USD | elapsed_ms=173
2026-10-06 09:43:40+0000 | INFO     | roostoo.api | API_REQUEST_START | method=GET | label=ticker:AVAX/USD | path=/v3/ticker
2026-10-06 09:43:40+0000 | INFO     | roostoo.api | API_REQUEST_OK | method=GET | label=ticker:AVAX/USD | elapsed_ms=171
2026-10-06 09:43:40+0000 | INFO     | roostoo.api | API_REQUEST_START | method=GET | label=ticker:DOT/USD | path=/v3/ticker
2026-10-06 09:43:40+0000 | INFO     | roostoo.api | API_REQUEST_OK | method=GET | label=ticker:DOT/USD | elapsed_ms=174
2026-10-06 09:43:40+0000 | INFO     | roostoo.api | API_REQUEST_START | method=GET | label=ticker:BNB/USD | path=/v3/ticker
2026-10-06 09:43:40+0000 | INFO     | roostoo.api | API_REQUEST_OK | method=GET | label=ticker:BNB/USD | elapsed_ms=172
2026-10-06 09:43:40+0000 | INFO     | roostoo.api | API_REQUEST_START | method=GET | label=ticker:SUI/USD | path=/v3/ticker
2026-10-06 09:43:41+0000 | INFO     | roostoo.api | API_REQUEST_OK | method=GET | label=ticker:SUI/USD | elapsed_ms=198
2026-10-06 09:43:41+0000 | INFO     | roostoo.api | API_REQUEST_START | method=GET | label=ticker:BTC/USD | path=/v3/ticker
2026-10-06 09:43:41+0000 | INFO     | roostoo.api | API_REQUEST_OK | method=GET | label=ticker:BTC/USD | elapsed_ms=172
2026-10-06 09:43:41+0000 | INFO     | bot | LOOP_COMPLETE | elapsed_ms=1113
2026-10-06 09:44:40+0000 | INFO     | roostoo.api | API_REQUEST_START | method=GET | label=ticker:TRX/USD | path=/v3/ticker
2026-10-06 09:44:40+0000 | INFO     | roostoo.api | API_REQUEST_OK | method=GET | label=ticker:TRX/USD | elapsed_ms=172
2026-10-06 09:44:40+0000 | INFO     | roostoo.api | API_REQUEST_START | method=GET | label=ticker:AVAX/USD | path=/v3/ticker
2026-10-06 09:44:40+0000 | INFO     | roostoo.api | API_REQUEST_OK | method=GET | label=ticker:AVAX/USD | elapsed_ms=185
2026-10-06 09:44:40+0000 | INFO     | roostoo.api | API_REQUEST_START | method=GET | label=ticker:DOT/USD | path=/v3/ticker
2026-10-06 09:44:40+0000 | INFO     | roostoo.api | API_REQUEST_OK | method=GET | label=ticker:DOT/USD | elapsed_ms=185
2026-10-06 09:44:40+0000 | INFO     | roostoo.api | API_REQUEST_START | method=GET | label=ticker:BNB/USD | path=/v3/ticker
2026-10-06 09:44:41+0000 | INFO     | roostoo.api | API_REQUEST_OK | method=GET | label=ticker:BNB/USD | elapsed_ms=325
2026-10-06 09:44:41+0000 | INFO     | roostoo.api | API_REQUEST_START | method=GET | label=ticker:SUI/USD | path=/v3/ticker
2026-10-06 09:44:41+0000 | INFO     | roostoo.api | API_REQUEST_OK | method=GET | label=ticker:SUI/USD | elapsed_ms=501
2026-10-06 09:44:41+0000 | INFO     | roostoo.api | API_REQUEST_START | method=GET | label=ticker:BTC/USD | path=/v3/ticker
2026-10-06 09:44:41+0000 | INFO     | roostoo.api | API_REQUEST_OK | method=GET | label=ticker:BTC/USD | elapsed_ms=171
2026-10-06 09:44:41+0000 | INFO     | bot | LOOP_COMPLETE | elapsed_ms=1590
2026-10-06 09:45:40+0000 | INFO     | roostoo.api | API_REQUEST_START | method=GET | label=ticker:TRX/USD | path=/v3/ticker
2026-10-06 09:45:40+0000 | INFO     | roostoo.api | API_REQUEST_OK | method=GET | label=ticker:TRX/USD | elapsed_ms=179
2026-10-06 09:45:40+0000 | INFO     | roostoo.api | API_REQUEST_START | method=GET | label=ticker:AVAX/USD | path=/v3/ticker
2026-10-06 09:45:40+0000 | INFO     | roostoo.api | API_REQUEST_OK | method=GET | label=ticker:AVAX/USD | elapsed_ms=175
2026-10-06 09:45:40+0000 | INFO     | roostoo.api | API_REQUEST_START | method=GET | label=ticker:DOT/USD | path=/v3/ticker
2026-10-06 09:45:40+0000 | INFO     | roostoo.api | API_REQUEST_OK | method=GET | label=ticker:DOT/USD | elapsed_ms=187
2026-10-06 09:45:40+0000 | INFO     | roostoo.api | API_REQUEST_START | method=GET | label=ticker:BNB/USD | path=/v3/ticker
2026-10-06 09:45:40+0000 | INFO     | roostoo.api | API_REQUEST_OK | method=GET | label=ticker:BNB/USD | elapsed_ms=173
2026-10-06 09:45:40+0000 | INFO     | roostoo.api | API_REQUEST_START | method=GET | label=ticker:SUI/USD | path=/v3/ticker
2026-10-06 09:45:41+0000 | INFO     | roostoo.api | API_REQUEST_OK | method=GET | label=ticker:SUI/USD | elapsed_ms=542
2026-10-06 09:45:41+0000 | INFO     | roostoo.api | API_REQUEST_START | method=GET | label=server_time | path=/v3/serverTime
2026-10-06 09:45:41+0000 | INFO     | roostoo.api | API_REQUEST_OK | method=GET | label=server_time | elapsed_ms=287
2026-10-06 09:45:41+0000 | INFO     | roostoo.api | SERVER_TIME_SYNC | offset_ms=189
2026-10-06 09:45:41+0000 | INFO     | roostoo.api | API_REQUEST_START | method=GET | label=ticker:BTC/USD | path=/v3/ticker
2026-10-06 09:45:42+0000 | INFO     | roostoo.api | API_REQUEST_OK | method=GET | label=ticker:BTC/USD | elapsed_ms=544
2026-10-06 09:45:42+0000 | INFO     | bot | LOOP_COMPLETE | elapsed_ms=2157
2026-10-06 09:46:40+0000 | INFO     | roostoo.api | API_REQUEST_START | method=GET | label=ticker:TRX/USD | path=/v3/ticker
2026-10-06 09:46:40+0000 | INFO     | roostoo.api | API_REQUEST_OK | method=GET | label=ticker:TRX/USD | elapsed_ms=227
2026-10-06 09:46:40+0000 | INFO     | roostoo.api | API_REQUEST_START | method=GET | label=ticker:AVAX/USD | path=/v3/ticker
2026-10-06 09:46:40+0000 | INFO     | roostoo.api | API_REQUEST_OK | method=GET | label=ticker:AVAX/USD | elapsed_ms=198
2026-10-06 09:46:40+0000 | INFO     | roostoo.api | API_REQUEST_START | method=GET | label=ticker:DOT/USD | path=/v3/ticker
2026-10-06 09:46:40+0000 | INFO     | roostoo.api | API_REQUEST_OK | method=GET | label=ticker:DOT/USD | elapsed_ms=173
2026-10-06 09:46:40+0000 | INFO     | roostoo.api | API_REQUEST_START | method=GET | label=ticker:BNB/USD | path=/v3/ticker
2026-10-06 09:46:40+0000 | INFO     | roostoo.api | API_REQUEST_OK | method=GET | label=ticker:BNB/USD | elapsed_ms=198
2026-10-06 09:46:40+0000 | INFO     | roostoo.api | API_REQUEST_START | method=GET | label=ticker:SUI/USD | path=/v3/ticker
2026-10-06 09:46:41+0000 | INFO     | roostoo.api | API_REQUEST_OK | method=GET | label=ticker:SUI/USD | elapsed_ms=173
2026-10-06 09:46:41+0000 | INFO     | roostoo.api | API_REQUEST_START | method=GET | label=ticker:BTC/USD | path=/v3/ticker
2026-10-06 09:46:41+0000 | INFO     | roostoo.api | API_REQUEST_OK | method=GET | label=ticker:BTC/USD | elapsed_ms=172
2026-10-06 09:46:41+0000 | INFO     | bot | LOOP_COMPLETE | elapsed_ms=1192
2026-10-06 09:47:40+0000 | INFO     | roostoo.api | API_REQUEST_START | method=GET | label=ticker:TRX/USD | path=/v3/ticker
2026-10-06 09:47:40+0000 | INFO     | roostoo.api | API_REQUEST_OK | method=GET | label=ticker:TRX/USD | elapsed_ms=200
2026-10-06 09:47:40+0000 | INFO     | roostoo.api | API_REQUEST_START | method=GET | label=ticker:AVAX/USD | path=/v3/ticker
2026-10-06 09:47:40+0000 | INFO     | roostoo.api | API_REQUEST_OK | method=GET | label=ticker:AVAX/USD | elapsed_ms=199
2026-10-06 09:47:40+0000 | INFO     | roostoo.api | API_REQUEST_START | method=GET | label=ticker:DOT/USD | path=/v3/ticker
2026-10-06 09:47:40+0000 | INFO     | roostoo.api | API_REQUEST_OK | method=GET | label=ticker:DOT/USD | elapsed_ms=172
2026-10-06 09:47:40+0000 | INFO     | roostoo.api | API_REQUEST_START | method=GET | label=ticker:BNB/USD | path=/v3/ticker
2026-10-06 09:47:41+0000 | INFO     | roostoo.api | API_REQUEST_OK | method=GET | label=ticker:BNB/USD | elapsed_ms=542
2026-10-06 09:47:41+0000 | INFO     | roostoo.api | API_REQUEST_START | method=GET | label=ticker:SUI/USD | path=/v3/ticker
2026-10-06 09:47:41+0000 | INFO     | roostoo.api | API_REQUEST_OK | method=GET | label=ticker:SUI/USD | elapsed_ms=187
2026-10-06 09:47:41+0000 | INFO     | roostoo.api | API_REQUEST_START | method=GET | label=ticker:BTC/USD | path=/v3/ticker
2026-10-06 09:47:42+0000 | INFO     | roostoo.api | API_REQUEST_OK | method=GET | label=ticker:BTC/USD | elapsed_ms=581
2026-10-06 09:47:42+0000 | INFO     | bot | LOOP_COMPLETE | elapsed_ms=1947
2026-10-06 09:48:40+0000 | INFO     | roostoo.api | API_REQUEST_START | method=GET | label=ticker:TRX/USD | path=/v3/ticker
2026-10-06 09:48:40+0000 | INFO     | roostoo.api | API_REQUEST_OK | method=GET | label=ticker:TRX/USD | elapsed_ms=284
2026-10-06 09:48:40+0000 | INFO     | roostoo.api | API_REQUEST_START | method=GET | label=ticker:AVAX/USD | path=/v3/ticker
2026-10-06 09:48:40+0000 | INFO     | roostoo.api | API_REQUEST_OK | method=GET | label=ticker:AVAX/USD | elapsed_ms=187
2026-10-06 09:48:40+0000 | INFO     | roostoo.api | API_REQUEST_START | method=GET | label=ticker:DOT/USD | path=/v3/ticker
2026-10-06 09:48:40+0000 | INFO     | roostoo.api | API_REQUEST_OK | method=GET | label=ticker:DOT/USD | elapsed_ms=172
2026-10-06 09:48:40+0000 | INFO     | roostoo.api | API_REQUEST_START | method=GET | label=ticker:BNB/USD | path=/v3/ticker
2026-10-06 09:48:40+0000 | INFO     | roostoo.api | API_REQUEST_OK | method=GET | label=ticker:BNB/USD | elapsed_ms=185
2026-10-06 09:48:40+0000 | INFO     | roostoo.api | API_REQUEST_START | method=GET | label=ticker:SUI/USD | path=/v3/ticker
2026-10-06 09:48:41+0000 | INFO     | roostoo.api | API_REQUEST_OK | method=GET | label=ticker:SUI/USD | elapsed_ms=173
2026-10-06 09:48:41+0000 | INFO     | roostoo.api | API_REQUEST_START | method=GET | label=ticker:BTC/USD | path=/v3/ticker
2026-10-06 09:48:41+0000 | INFO     | roostoo.api | API_REQUEST_OK | method=GET | label=ticker:BTC/USD | elapsed_ms=187
2026-10-06 09:48:41+0000 | INFO     | bot | LOOP_COMPLETE | elapsed_ms=1236
2026-10-06 09:49:40+0000 | INFO     | roostoo.api | API_REQUEST_START | method=GET | label=ticker:TRX/USD | path=/v3/ticker
2026-10-06 09:49:40+0000 | INFO     | roostoo.api | API_REQUEST_OK | method=GET | label=ticker:TRX/USD | elapsed_ms=172
2026-10-06 09:49:40+0000 | INFO     | roostoo.api | API_REQUEST_START | method=GET | label=ticker:AVAX/USD | path=/v3/ticker
2026-10-06 09:49:40+0000 | INFO     | roostoo.api | API_REQUEST_OK | method=GET | label=ticker:AVAX/USD | elapsed_ms=186
2026-10-06 09:49:40+0000 | INFO     | roostoo.api | API_REQUEST_START | method=GET | label=ticker:DOT/USD | path=/v3/ticker
2026-10-06 09:49:41+0000 | INFO     | roostoo.api | API_REQUEST_OK | method=GET | label=ticker:DOT/USD | elapsed_ms=540
2026-10-06 09:49:41+0000 | INFO     | roostoo.api | API_REQUEST_START | method=GET | label=ticker:BNB/USD | path=/v3/ticker
2026-10-06 09:49:41+0000 | INFO     | roostoo.api | API_REQUEST_OK | method=GET | label=ticker:BNB/USD | elapsed_ms=184
2026-10-06 09:49:41+0000 | INFO     | roostoo.api | API_REQUEST_START | method=GET | label=ticker:SUI/USD | path=/v3/ticker
2026-10-06 09:49:41+0000 | INFO     | roostoo.api | API_REQUEST_OK | method=GET | label=ticker:SUI/USD | elapsed_ms=187
2026-10-06 09:49:41+0000 | INFO     | roostoo.api | API_REQUEST_START | method=GET | label=ticker:BTC/USD | path=/v3/ticker
2026-10-06 09:49:41+0000 | INFO     | roostoo.api | API_REQUEST_OK | method=GET | label=ticker:BTC/USD | elapsed_ms=171
2026-10-06 09:49:41+0000 | INFO     | bot | LOOP_COMPLETE | elapsed_ms=1491
2026-10-06 09:50:40+0000 | INFO     | roostoo.api | API_REQUEST_START | method=GET | label=ticker:TRX/USD | path=/v3/ticker
2026-10-06 09:50:40+0000 | INFO     | roostoo.api | API_REQUEST_OK | method=GET | label=ticker:TRX/USD | elapsed_ms=187
2026-10-06 09:50:40+0000 | INFO     | roostoo.api | API_REQUEST_START | method=GET | label=ticker:AVAX/USD | path=/v3/ticker
2026-10-06 09:50:40+0000 | INFO     | roostoo.api | API_REQUEST_OK | method=GET | label=ticker:AVAX/USD | elapsed_ms=184
2026-10-06 09:50:40+0000 | INFO     | roostoo.api | API_REQUEST_START | method=GET | label=ticker:DOT/USD | path=/v3/ticker
2026-10-06 09:50:40+0000 | INFO     | roostoo.api | API_REQUEST_OK | method=GET | label=ticker:DOT/USD | elapsed_ms=175
2026-10-06 09:50:40+0000 | INFO     | roostoo.api | API_REQUEST_START | method=GET | label=ticker:BNB/USD | path=/v3/ticker
2026-10-06 09:50:40+0000 | INFO     | roostoo.api | API_REQUEST_OK | method=GET | label=ticker:BNB/USD | elapsed_ms=173
2026-10-06 09:50:40+0000 | INFO     | roostoo.api | API_REQUEST_START | method=GET | label=ticker:SUI/USD | path=/v3/ticker
2026-10-06 09:50:41+0000 | INFO     | roostoo.api | API_REQUEST_OK | method=GET | label=ticker:SUI/USD | elapsed_ms=185
2026-10-06 09:50:41+0000 | INFO     | roostoo.api | API_REQUEST_START | method=GET | label=ticker:BTC/USD | path=/v3/ticker
2026-10-06 09:50:41+0000 | INFO     | roostoo.api | API_REQUEST_OK | method=GET | label=ticker:BTC/USD | elapsed_ms=541
2026-10-06 09:50:41+0000 | INFO     | bot | LOOP_COMPLETE | elapsed_ms=1500
2026-10-06 09:51:40+0000 | INFO     | roostoo.api | API_REQUEST_START | method=GET | label=server_time | path=/v3/serverTime
2026-10-06 09:51:40+0000 | INFO     | roostoo.api | API_REQUEST_OK | method=GET | label=server_time | elapsed_ms=173
2026-10-06 09:51:40+0000 | INFO     | roostoo.api | SERVER_TIME_SYNC | offset_ms=88
2026-10-06 09:51:40+0000 | INFO     | roostoo.api | API_REQUEST_START | method=GET | label=ticker:TRX/USD | path=/v3/ticker
2026-10-06 09:51:40+0000 | INFO     | roostoo.api | API_REQUEST_OK | method=GET | label=ticker:TRX/USD | elapsed_ms=185
2026-10-06 09:51:40+0000 | INFO     | roostoo.api | API_REQUEST_START | method=GET | label=ticker:AVAX/USD | path=/v3/ticker
2026-10-06 09:51:40+0000 | INFO     | roostoo.api | API_REQUEST_OK | method=GET | label=ticker:AVAX/USD | elapsed_ms=172
2026-10-06 09:51:40+0000 | INFO     | roostoo.api | API_REQUEST_START | method=GET | label=ticker:DOT/USD | path=/v3/ticker
2026-10-06 09:51:40+0000 | INFO     | roostoo.api | API_REQUEST_OK | method=GET | label=ticker:DOT/USD | elapsed_ms=186
2026-10-06 09:51:40+0000 | INFO     | roostoo.api | API_REQUEST_START | method=GET | label=ticker:BNB/USD | path=/v3/ticker
2026-10-06 09:51:41+0000 | INFO     | roostoo.api | API_REQUEST_OK | method=GET | label=ticker:BNB/USD | elapsed_ms=185
2026-10-06 09:51:41+0000 | INFO     | roostoo.api | API_REQUEST_START | method=GET | label=ticker:SUI/USD | path=/v3/ticker
2026-10-06 09:51:41+0000 | INFO     | roostoo.api | API_REQUEST_OK | method=GET | label=ticker:SUI/USD | elapsed_ms=186
2026-10-06 09:51:41+0000 | INFO     | roostoo.api | API_REQUEST_START | method=GET | label=ticker:BTC/USD | path=/v3/ticker
2026-10-06 09:51:41+0000 | INFO     | roostoo.api | API_REQUEST_OK | method=GET | label=ticker:BTC/USD | elapsed_ms=172
2026-10-06 09:51:41+0000 | INFO     | bot | LOOP_COMPLETE | elapsed_ms=1312
2026-10-06 09:52:40+0000 | INFO     | roostoo.api | API_REQUEST_START | method=GET | label=ticker:TRX/USD | path=/v3/ticker
2026-10-06 09:52:40+0000 | INFO     | roostoo.api | API_REQUEST_OK | method=GET | label=ticker:TRX/USD | elapsed_ms=186
2026-10-06 09:52:40+0000 | INFO     | roostoo.api | API_REQUEST_START | method=GET | label=ticker:AVAX/USD | path=/v3/ticker
2026-10-06 09:52:40+0000 | INFO     | roostoo.api | API_REQUEST_OK | method=GET | label=ticker:AVAX/USD | elapsed_ms=185
2026-10-06 09:52:40+0000 | INFO     | roostoo.api | API_REQUEST_START | method=GET | label=ticker:DOT/USD | path=/v3/ticker
2026-10-06 09:52:40+0000 | INFO     | roostoo.api | API_REQUEST_OK | method=GET | label=ticker:DOT/USD | elapsed_ms=172
2026-10-06 09:52:40+0000 | INFO     | roostoo.api | API_REQUEST_START | method=GET | label=ticker:BNB/USD | path=/v3/ticker
2026-10-06 09:52:40+0000 | INFO     | roostoo.api | API_REQUEST_OK | method=GET | label=ticker:BNB/USD | elapsed_ms=184
2026-10-06 09:52:40+0000 | INFO     | roostoo.api | API_REQUEST_START | method=GET | label=ticker:SUI/USD | path=/v3/ticker
2026-10-06 09:52:41+0000 | INFO     | roostoo.api | API_REQUEST_OK | method=GET | label=ticker:SUI/USD | elapsed_ms=579
2026-10-06 09:52:41+0000 | INFO     | roostoo.api | API_REQUEST_START | method=GET | label=ticker:BTC/USD | path=/v3/ticker
2026-10-06 09:52:41+0000 | INFO     | roostoo.api | API_REQUEST_OK | method=GET | label=ticker:BTC/USD | elapsed_ms=502
2026-10-06 09:52:41+0000 | INFO     | bot | LOOP_COMPLETE | elapsed_ms=1860
2026-10-06 09:53:40+0000 | INFO     | roostoo.api | API_REQUEST_START | method=GET | label=ticker:TRX/USD | path=/v3/ticker
2026-10-06 09:53:40+0000 | INFO     | roostoo.api | API_REQUEST_OK | method=GET | label=ticker:TRX/USD | elapsed_ms=173
2026-10-06 09:53:40+0000 | INFO     | roostoo.api | API_REQUEST_START | method=GET | label=ticker:AVAX/USD | path=/v3/ticker
2026-10-06 09:53:40+0000 | INFO     | roostoo.api | API_REQUEST_OK | method=GET | label=ticker:AVAX/USD | elapsed_ms=313
2026-10-06 09:53:40+0000 | INFO     | roostoo.api | API_REQUEST_START | method=GET | label=ticker:DOT/USD | path=/v3/ticker
2026-10-06 09:53:40+0000 | INFO     | roostoo.api | API_REQUEST_OK | method=GET | label=ticker:DOT/USD | elapsed_ms=211
2026-10-06 09:53:40+0000 | INFO     | roostoo.api | API_REQUEST_START | method=GET | label=ticker:BNB/USD | path=/v3/ticker
2026-10-06 09:53:41+0000 | INFO     | roostoo.api | API_REQUEST_OK | method=GET | label=ticker:BNB/USD | elapsed_ms=172
2026-10-06 09:53:41+0000 | INFO     | roostoo.api | API_REQUEST_START | method=GET | label=ticker:SUI/USD | path=/v3/ticker
2026-10-06 09:53:41+0000 | INFO     | roostoo.api | API_REQUEST_OK | method=GET | label=ticker:SUI/USD | elapsed_ms=502
2026-10-06 09:53:41+0000 | INFO     | roostoo.api | API_REQUEST_START | method=GET | label=ticker:BTC/USD | path=/v3/ticker
2026-10-06 09:53:41+0000 | INFO     | roostoo.api | API_REQUEST_OK | method=GET | label=ticker:BTC/USD | elapsed_ms=187
2026-10-06 09:53:41+0000 | INFO     | bot | LOOP_COMPLETE | elapsed_ms=1609
2026-10-06 09:54:40+0000 | INFO     | roostoo.api | API_REQUEST_START | method=GET | label=ticker:TRX/USD | path=/v3/ticker
2026-10-06 09:54:40+0000 | INFO     | roostoo.api | API_REQUEST_OK | method=GET | label=ticker:TRX/USD | elapsed_ms=187
2026-10-06 09:54:40+0000 | INFO     | roostoo.api | API_REQUEST_START | method=GET | label=ticker:AVAX/USD | path=/v3/ticker
2026-10-06 09:54:40+0000 | INFO     | roostoo.api | API_REQUEST_OK | method=GET | label=ticker:AVAX/USD | elapsed_ms=185
2026-10-06 09:54:40+0000 | INFO     | roostoo.api | API_REQUEST_START | method=GET | label=ticker:DOT/USD | path=/v3/ticker
2026-10-06 09:54:40+0000 | INFO     | roostoo.api | API_REQUEST_OK | method=GET | label=ticker:DOT/USD | elapsed_ms=177
2026-10-06 09:54:40+0000 | INFO     | roostoo.api | API_REQUEST_START | method=GET | label=ticker:BNB/USD | path=/v3/ticker
2026-10-06 09:54:40+0000 | INFO     | roostoo.api | API_REQUEST_OK | method=GET | label=ticker:BNB/USD | elapsed_ms=189
2026-10-06 09:54:40+0000 | INFO     | roostoo.api | API_REQUEST_START | method=GET | label=ticker:SUI/USD | path=/v3/ticker
2026-10-06 09:54:41+0000 | INFO     | roostoo.api | API_REQUEST_OK | method=GET | label=ticker:SUI/USD | elapsed_ms=189
2026-10-06 09:54:41+0000 | INFO     | roostoo.api | API_REQUEST_START | method=GET | label=ticker:BTC/USD | path=/v3/ticker
2026-10-06 09:54:41+0000 | INFO     | roostoo.api | API_REQUEST_OK | method=GET | label=ticker:BTC/USD | elapsed_ms=172
2026-10-06 09:54:41+0000 | INFO     | bot | LOOP_COMPLETE | elapsed_ms=1169
2026-10-06 09:55:40+0000 | INFO     | roostoo.api | API_REQUEST_START | method=GET | label=ticker:TRX/USD | path=/v3/ticker
2026-10-06 09:55:40+0000 | INFO     | roostoo.api | API_REQUEST_OK | method=GET | label=ticker:TRX/USD | elapsed_ms=174
2026-10-06 09:55:40+0000 | INFO     | roostoo.api | API_REQUEST_START | method=GET | label=ticker:AVAX/USD | path=/v3/ticker
2026-10-06 09:55:40+0000 | INFO     | roostoo.api | API_REQUEST_OK | method=GET | label=ticker:AVAX/USD | elapsed_ms=184
2026-10-06 09:55:40+0000 | INFO     | roostoo.api | API_REQUEST_START | method=GET | label=ticker:DOT/USD | path=/v3/ticker
2026-10-06 09:55:40+0000 | INFO     | roostoo.api | API_REQUEST_OK | method=GET | label=ticker:DOT/USD | elapsed_ms=185
2026-10-06 09:55:40+0000 | INFO     | roostoo.api | API_REQUEST_START | method=GET | label=ticker:BNB/USD | path=/v3/ticker
2026-10-06 09:55:40+0000 | INFO     | roostoo.api | API_REQUEST_OK | method=GET | label=ticker:BNB/USD | elapsed_ms=186
2026-10-06 09:55:40+0000 | INFO     | roostoo.api | API_REQUEST_START | method=GET | label=ticker:SUI/USD | path=/v3/ticker
2026-10-06 09:55:41+0000 | INFO     | roostoo.api | API_REQUEST_OK | method=GET | label=ticker:SUI/USD | elapsed_ms=187
2026-10-06 09:55:41+0000 | INFO     | roostoo.api | API_REQUEST_START | method=GET | label=ticker:BTC/USD | path=/v3/ticker
2026-10-06 09:55:41+0000 | INFO     | roostoo.api | API_REQUEST_OK | method=GET | label=ticker:BTC/USD | elapsed_ms=501
2026-10-06 09:55:41+0000 | INFO     | bot | LOOP_COMPLETE | elapsed_ms=1469
2026-10-06 09:56:40+0000 | INFO     | roostoo.api | API_REQUEST_START | method=GET | label=ticker:TRX/USD | path=/v3/ticker
2026-10-06 09:56:40+0000 | INFO     | roostoo.api | API_REQUEST_OK | method=GET | label=ticker:TRX/USD | elapsed_ms=185
2026-10-06 09:56:40+0000 | INFO     | roostoo.api | API_REQUEST_START | method=GET | label=ticker:AVAX/USD | path=/v3/ticker
2026-10-06 09:56:40+0000 | INFO     | roostoo.api | API_REQUEST_OK | method=GET | label=ticker:AVAX/USD | elapsed_ms=172
2026-10-06 09:56:40+0000 | INFO     | roostoo.api | API_REQUEST_START | method=GET | label=server_time | path=/v3/serverTime
2026-10-06 09:56:40+0000 | INFO     | roostoo.api | API_REQUEST_OK | method=GET | label=server_time | elapsed_ms=198
2026-10-06 09:56:40+0000 | INFO     | roostoo.api | SERVER_TIME_SYNC | offset_ms=101
2026-10-06 09:56:40+0000 | INFO     | roostoo.api | API_REQUEST_START | method=GET | label=ticker:DOT/USD | path=/v3/ticker
2026-10-06 09:56:40+0000 | INFO     | roostoo.api | API_REQUEST_OK | method=GET | label=ticker:DOT/USD | elapsed_ms=173
2026-10-06 09:56:40+0000 | INFO     | roostoo.api | API_REQUEST_START | method=GET | label=ticker:BNB/USD | path=/v3/ticker
2026-10-06 09:56:41+0000 | INFO     | roostoo.api | API_REQUEST_OK | method=GET | label=ticker:BNB/USD | elapsed_ms=503
2026-10-06 09:56:41+0000 | INFO     | roostoo.api | API_REQUEST_START | method=GET | label=ticker:SUI/USD | path=/v3/ticker
2026-10-06 09:56:41+0000 | INFO     | roostoo.api | API_REQUEST_OK | method=GET | label=ticker:SUI/USD | elapsed_ms=188
2026-10-06 09:56:41+0000 | INFO     | roostoo.api | API_REQUEST_START | method=GET | label=ticker:BTC/USD | path=/v3/ticker
2026-10-06 09:56:42+0000 | INFO     | roostoo.api | API_REQUEST_OK | method=GET | label=ticker:BTC/USD | elapsed_ms=545
2026-10-06 09:56:42+0000 | INFO     | bot | LOOP_COMPLETE | elapsed_ms=2020
2026-10-06 09:57:40+0000 | INFO     | roostoo.api | API_REQUEST_START | method=GET | label=ticker:TRX/USD | path=/v3/ticker
2026-10-06 09:57:40+0000 | INFO     | roostoo.api | API_REQUEST_OK | method=GET | label=ticker:TRX/USD | elapsed_ms=173
2026-10-06 09:57:40+0000 | INFO     | roostoo.api | API_REQUEST_START | method=GET | label=ticker:AVAX/USD | path=/v3/ticker
2026-10-06 09:57:40+0000 | INFO     | roostoo.api | API_REQUEST_OK | method=GET | label=ticker:AVAX/USD | elapsed_ms=172
2026-10-06 09:57:40+0000 | INFO     | roostoo.api | API_REQUEST_START | method=GET | label=ticker:DOT/USD | path=/v3/ticker
2026-10-06 09:57:40+0000 | INFO     | roostoo.api | API_REQUEST_OK | method=GET | label=ticker:DOT/USD | elapsed_ms=185
2026-10-06 09:57:40+0000 | INFO     | roostoo.api | API_REQUEST_START | method=GET | label=ticker:BNB/USD | path=/v3/ticker
2026-10-06 09:57:41+0000 | INFO     | roostoo.api | API_REQUEST_OK | method=GET | label=ticker:BNB/USD | elapsed_ms=542
2026-10-06 09:57:41+0000 | INFO     | roostoo.api | API_REQUEST_START | method=GET | label=ticker:SUI/USD | path=/v3/ticker
2026-10-06 09:57:41+0000 | INFO     | roostoo.api | API_REQUEST_OK | method=GET | label=ticker:SUI/USD | elapsed_ms=186
2026-10-06 09:57:41+0000 | INFO     | roostoo.api | API_REQUEST_START | method=GET | label=ticker:BTC/USD | path=/v3/ticker
2026-10-06 09:57:41+0000 | INFO     | roostoo.api | API_REQUEST_OK | method=GET | label=ticker:BTC/USD | elapsed_ms=539
2026-10-06 09:57:41+0000 | INFO     | bot | LOOP_COMPLETE | elapsed_ms=1848
2026-10-06 09:58:40+0000 | INFO     | roostoo.api | API_REQUEST_START | method=GET | label=ticker:TRX/USD | path=/v3/ticker
2026-10-06 09:58:40+0000 | INFO     | roostoo.api | API_REQUEST_OK | method=GET | label=ticker:TRX/USD | elapsed_ms=186
2026-10-06 09:58:40+0000 | INFO     | roostoo.api | API_REQUEST_START | method=GET | label=ticker:AVAX/USD | path=/v3/ticker
2026-10-06 09:58:40+0000 | INFO     | roostoo.api | API_REQUEST_OK | method=GET | label=ticker:AVAX/USD | elapsed_ms=185
2026-10-06 09:58:40+0000 | INFO     | roostoo.api | API_REQUEST_START | method=GET | label=ticker:DOT/USD | path=/v3/ticker
2026-10-06 09:58:40+0000 | INFO     | roostoo.api | API_REQUEST_OK | method=GET | label=ticker:DOT/USD | elapsed_ms=185
2026-10-06 09:58:40+0000 | INFO     | roostoo.api | API_REQUEST_START | method=GET | label=ticker:BNB/USD | path=/v3/ticker
2026-10-06 09:58:40+0000 | INFO     | roostoo.api | API_REQUEST_OK | method=GET | label=ticker:BNB/USD | elapsed_ms=172
2026-10-06 09:58:40+0000 | INFO     | roostoo.api | API_REQUEST_START | method=GET | label=ticker:SUI/USD | path=/v3/ticker
2026-10-06 09:58:41+0000 | INFO     | roostoo.api | API_REQUEST_OK | method=GET | label=ticker:SUI/USD | elapsed_ms=305
2026-10-06 09:58:41+0000 | INFO     | roostoo.api | API_REQUEST_START | method=GET | label=ticker:BTC/USD | path=/v3/ticker
2026-10-06 09:58:41+0000 | INFO     | roostoo.api | API_REQUEST_OK | method=GET | label=ticker:BTC/USD | elapsed_ms=579
2026-10-06 09:58:41+0000 | INFO     | bot | LOOP_COMPLETE | elapsed_ms=1664
2026-10-06 09:59:40+0000 | INFO     | roostoo.api | API_REQUEST_START | method=GET | label=ticker:TRX/USD | path=/v3/ticker
2026-10-06 09:59:40+0000 | INFO     | roostoo.api | API_REQUEST_OK | method=GET | label=ticker:TRX/USD | elapsed_ms=184
2026-10-06 09:59:40+0000 | INFO     | roostoo.api | API_REQUEST_START | method=GET | label=ticker:AVAX/USD | path=/v3/ticker
2026-10-06 09:59:40+0000 | INFO     | roostoo.api | API_REQUEST_OK | method=GET | label=ticker:AVAX/USD | elapsed_ms=185
2026-10-06 09:59:40+0000 | INFO     | roostoo.api | API_REQUEST_START | method=GET | label=ticker:DOT/USD | path=/v3/ticker
2026-10-06 09:59:40+0000 | INFO     | roostoo.api | API_REQUEST_OK | method=GET | label=ticker:DOT/USD | elapsed_ms=172
2026-10-06 09:59:40+0000 | INFO     | roostoo.api | API_REQUEST_START | method=GET | label=ticker:BNB/USD | path=/v3/ticker
2026-10-06 09:59:40+0000 | INFO     | roostoo.api | API_REQUEST_OK | method=GET | label=ticker:BNB/USD | elapsed_ms=174
2026-10-06 09:59:40+0000 | INFO     | roostoo.api | API_REQUEST_START | method=GET | label=ticker:SUI/USD | path=/v3/ticker
2026-10-06 09:59:41+0000 | INFO     | roostoo.api | API_REQUEST_OK | method=GET | label=ticker:SUI/USD | elapsed_ms=500
2026-10-06 09:59:41+0000 | INFO     | roostoo.api | API_REQUEST_START | method=GET | label=ticker:BTC/USD | path=/v3/ticker
2026-10-06 09:59:41+0000 | INFO     | roostoo.api | API_REQUEST_OK | method=GET | label=ticker:BTC/USD | elapsed_ms=171
2026-10-06 09:59:41+0000 | INFO     | bot | LOOP_COMPLETE | elapsed_ms=1437
2026-10-06 10:00:40+0000 | INFO     | roostoo.api | API_REQUEST_START | method=GET | label=ticker:TRX/USD | path=/v3/ticker
2026-10-06 10:00:40+0000 | INFO     | roostoo.api | API_REQUEST_OK | method=GET | label=ticker:TRX/USD | elapsed_ms=191
2026-10-06 10:00:40+0000 | INFO     | bot | SIGNAL_CANDLE | pair=TRX/USD | candle=1791277200000 | signal=0 | fast=0.33619876 | slow=0.33604544
2026-10-06 10:00:40+0000 | WARNING  | bot | SIGNAL_EXECUTION | pair=TRX/USD | signal_candle=1791277200000 | execution_hour=1791280800000 | price=0.3365 | action=HOLD | reason=NONE | fast=0.33619876 | slow=0.33604544
2026-10-06 10:00:40+0000 | INFO     | roostoo.api | API_REQUEST_START | method=GET | label=ticker:AVAX/USD | path=/v3/ticker
2026-10-06 10:00:40+0000 | INFO     | roostoo.api | API_REQUEST_OK | method=GET | label=ticker:AVAX/USD | elapsed_ms=174
2026-10-06 10:00:40+0000 | INFO     | bot | SIGNAL_CANDLE | pair=AVAX/USD | candle=1791277200000 | signal=0 | fast=11.10931199 | slow=11.07188889
2026-10-06 10:00:40+0000 | WARNING  | bot | SIGNAL_EXECUTION | pair=AVAX/USD | signal_candle=1791277200000 | execution_hour=1791280800000 | price=11.309 | action=HOLD | reason=NONE | fast=11.10931199 | slow=11.07188889
2026-10-06 10:00:40+0000 | INFO     | roostoo.api | API_REQUEST_START | method=GET | label=ticker:DOT/USD | path=/v3/ticker
2026-10-06 10:00:40+0000 | INFO     | roostoo.api | API_REQUEST_OK | method=GET | label=ticker:DOT/USD | elapsed_ms=186
2026-10-06 10:00:40+0000 | INFO     | bot | SIGNAL_CANDLE | pair=DOT/USD | candle=1791277200000 | signal=0 | fast=1.21765537 | slow=1.21108970
2026-10-06 10:00:40+0000 | WARNING  | bot | SIGNAL_EXECUTION | pair=DOT/USD | signal_candle=1791277200000 | execution_hour=1791280800000 | price=1.228 | action=HOLD | reason=NONE | fast=1.21765537 | slow=1.21108970
2026-10-06 10:00:40+0000 | INFO     | roostoo.api | API_REQUEST_START | method=GET | label=ticker:BNB/USD | path=/v3/ticker
2026-10-06 10:00:40+0000 | INFO     | roostoo.api | API_REQUEST_OK | method=GET | label=ticker:BNB/USD | elapsed_ms=186
2026-10-06 10:00:40+0000 | INFO     | bot | SIGNAL_CANDLE | pair=BNB/USD | candle=1791277200000 | signal=0 | fast=785.55506906 | slow=785.09239176
2026-10-06 10:00:40+0000 | WARNING  | bot | SIGNAL_EXECUTION | pair=BNB/USD | signal_candle=1791277200000 | execution_hour=1791280800000 | price=783.21 | action=HOLD | reason=NONE | fast=785.55506906 | slow=785.09239176
2026-10-06 10:00:40+0000 | INFO     | roostoo.api | API_REQUEST_START | method=GET | label=ticker:SUI/USD | path=/v3/ticker
2026-10-06 10:00:41+0000 | INFO     | roostoo.api | API_REQUEST_OK | method=GET | label=ticker:SUI/USD | elapsed_ms=500
2026-10-06 10:00:41+0000 | INFO     | bot | SIGNAL_CANDLE | pair=SUI/USD | candle=1791277200000 | signal=0 | fast=1.20348536 | slow=1.20053366
2026-10-06 10:00:41+0000 | WARNING  | bot | SIGNAL_EXECUTION | pair=SUI/USD | signal_candle=1791277200000 | execution_hour=1791280800000 | price=1.1939 | action=HOLD | reason=NONE | fast=1.20348536 | slow=1.20053366
2026-10-06 10:00:41+0000 | INFO     | roostoo.api | API_REQUEST_START | method=GET | label=ticker:BTC/USD | path=/v3/ticker
2026-10-06 10:00:41+0000 | INFO     | roostoo.api | API_REQUEST_OK | method=GET | label=ticker:BTC/USD | elapsed_ms=185
2026-10-06 10:00:41+0000 | INFO     | bot | SIGNAL_CANDLE | pair=BTC/USD | candle=1791277200000 | signal=0 | fast=85705.86438223 | slow=85578.95190415
2026-10-06 10:00:41+0000 | WARNING  | bot | SIGNAL_EXECUTION | pair=BTC/USD | signal_candle=1791277200000 | execution_hour=1791280800000 | price=86006 | action=HOLD | reason=NONE | fast=85705.86438223 | slow=85578.95190415
2026-10-06 10:00:41+0000 | INFO     | bot | LOOP_COMPLETE | elapsed_ms=1510
2026-10-06 10:01:40+0000 | INFO     | roostoo.api | API_REQUEST_START | method=GET | label=ticker:TRX/USD | path=/v3/ticker
2026-10-06 10:01:40+0000 | INFO     | roostoo.api | API_REQUEST_OK | method=GET | label=ticker:TRX/USD | elapsed_ms=187
2026-10-06 10:01:40+0000 | INFO     | roostoo.api | API_REQUEST_START | method=GET | label=ticker:AVAX/USD | path=/v3/ticker
2026-10-06 10:01:40+0000 | INFO     | roostoo.api | API_REQUEST_OK | method=GET | label=ticker:AVAX/USD | elapsed_ms=186
2026-10-06 10:01:40+0000 | INFO     | roostoo.api | API_REQUEST_START | method=GET | label=ticker:DOT/USD | path=/v3/ticker
2026-10-06 10:01:40+0000 | INFO     | roostoo.api | API_REQUEST_OK | method=GET | label=ticker:DOT/USD | elapsed_ms=201
2026-10-06 10:01:40+0000 | INFO     | roostoo.api | API_REQUEST_START | method=GET | label=server_time | path=/v3/serverTime
2026-10-06 10:01:40+0000 | INFO     | roostoo.api | API_REQUEST_OK | method=GET | label=server_time | elapsed_ms=184
2026-10-06 10:01:40+0000 | INFO     | roostoo.api | SERVER_TIME_SYNC | offset_ms=87
2026-10-06 10:01:40+0000 | INFO     | roostoo.api | API_REQUEST_START | method=GET | label=ticker:BNB/USD | path=/v3/ticker
2026-10-06 10:01:41+0000 | INFO     | roostoo.api | API_REQUEST_OK | method=GET | label=ticker:BNB/USD | elapsed_ms=185
2026-10-06 10:01:41+0000 | INFO     | roostoo.api | API_REQUEST_START | method=GET | label=ticker:SUI/USD | path=/v3/ticker
2026-10-06 10:01:41+0000 | INFO     | roostoo.api | API_REQUEST_OK | method=GET | label=ticker:SUI/USD | elapsed_ms=184
2026-10-06 10:01:41+0000 | INFO     | roostoo.api | API_REQUEST_START | method=GET | label=ticker:BTC/USD | path=/v3/ticker
2026-10-06 10:01:41+0000 | INFO     | roostoo.api | API_REQUEST_OK | method=GET | label=ticker:BTC/USD | elapsed_ms=184
2026-10-06 10:01:41+0000 | INFO     | bot | LOOP_COMPLETE | elapsed_ms=1366
2026-10-06 10:02:40+0000 | INFO     | roostoo.api | API_REQUEST_START | method=GET | label=ticker:TRX/USD | path=/v3/ticker
2026-10-06 10:02:40+0000 | INFO     | roostoo.api | API_REQUEST_OK | method=GET | label=ticker:TRX/USD | elapsed_ms=176
2026-10-06 10:02:40+0000 | INFO     | roostoo.api | API_REQUEST_START | method=GET | label=ticker:AVAX/USD | path=/v3/ticker
2026-10-06 10:02:40+0000 | INFO     | roostoo.api | API_REQUEST_OK | method=GET | label=ticker:AVAX/USD | elapsed_ms=175
2026-10-06 10:02:40+0000 | INFO     | roostoo.api | API_REQUEST_START | method=GET | label=ticker:DOT/USD | path=/v3/ticker
2026-10-06 10:02:40+0000 | INFO     | roostoo.api | API_REQUEST_OK | method=GET | label=ticker:DOT/USD | elapsed_ms=173
2026-10-06 10:02:40+0000 | INFO     | roostoo.api | API_REQUEST_START | method=GET | label=ticker:BNB/USD | path=/v3/ticker
2026-10-06 10:02:40+0000 | INFO     | roostoo.api | API_REQUEST_OK | method=GET | label=ticker:BNB/USD | elapsed_ms=173
2026-10-06 10:02:40+0000 | INFO     | roostoo.api | API_REQUEST_START | method=GET | label=ticker:SUI/USD | path=/v3/ticker
2026-10-06 10:02:41+0000 | INFO     | roostoo.api | API_REQUEST_OK | method=GET | label=ticker:SUI/USD | elapsed_ms=187
2026-10-06 10:02:41+0000 | INFO     | roostoo.api | API_REQUEST_START | method=GET | label=ticker:BTC/USD | path=/v3/ticker
2026-10-06 10:02:41+0000 | INFO     | roostoo.api | API_REQUEST_OK | method=GET | label=ticker:BTC/USD | elapsed_ms=501
2026-10-06 10:02:41+0000 | INFO     | bot | LOOP_COMPLETE | elapsed_ms=1439
2026-10-06 10:03:40+0000 | INFO     | roostoo.api | API_REQUEST_START | method=GET | label=ticker:TRX/USD | path=/v3/ticker
2026-10-06 10:03:40+0000 | INFO     | roostoo.api | API_REQUEST_OK | method=GET | label=ticker:TRX/USD | elapsed_ms=174
2026-10-06 10:03:40+0000 | INFO     | roostoo.api | API_REQUEST_START | method=GET | label=ticker:AVAX/USD | path=/v3/ticker
2026-10-06 10:03:40+0000 | INFO     | roostoo.api | API_REQUEST_OK | method=GET | label=ticker:AVAX/USD | elapsed_ms=185
2026-10-06 10:03:40+0000 | INFO     | roostoo.api | API_REQUEST_START | method=GET | label=ticker:DOT/USD | path=/v3/ticker
2026-10-06 10:03:40+0000 | INFO     | roostoo.api | API_REQUEST_OK | method=GET | label=ticker:DOT/USD | elapsed_ms=412
2026-10-06 10:03:40+0000 | INFO     | roostoo.api | API_REQUEST_START | method=GET | label=ticker:BNB/USD | path=/v3/ticker
2026-10-06 10:03:41+0000 | INFO     | roostoo.api | API_REQUEST_OK | method=GET | label=ticker:BNB/USD | elapsed_ms=187
2026-10-06 10:03:41+0000 | INFO     | roostoo.api | API_REQUEST_START | method=GET | label=ticker:SUI/USD | path=/v3/ticker
2026-10-06 10:03:41+0000 | INFO     | roostoo.api | API_REQUEST_OK | method=GET | label=ticker:SUI/USD | elapsed_ms=175
2026-10-06 10:03:41+0000 | INFO     | roostoo.api | API_REQUEST_START | method=GET | label=ticker:BTC/USD | path=/v3/ticker
2026-10-06 10:03:41+0000 | INFO     | roostoo.api | API_REQUEST_OK | method=GET | label=ticker:BTC/USD | elapsed_ms=185
2026-10-06 10:03:41+0000 | INFO     | bot | LOOP_COMPLETE | elapsed_ms=1370
2026-10-06 10:04:40+0000 | INFO     | roostoo.api | API_REQUEST_START | method=GET | label=ticker:TRX/USD | path=/v3/ticker
2026-10-06 10:04:40+0000 | INFO     | roostoo.api | API_REQUEST_OK | method=GET | label=ticker:TRX/USD | elapsed_ms=186
2026-10-06 10:04:40+0000 | INFO     | roostoo.api | API_REQUEST_START | method=GET | label=ticker:AVAX/USD | path=/v3/ticker
2026-10-06 10:04:40+0000 | INFO     | roostoo.api | API_REQUEST_OK | method=GET | label=ticker:AVAX/USD | elapsed_ms=171
2026-10-06 10:04:40+0000 | INFO     | roostoo.api | API_REQUEST_START | method=GET | label=ticker:DOT/USD | path=/v3/ticker
2026-10-06 10:04:40+0000 | INFO     | roostoo.api | API_REQUEST_OK | method=GET | label=ticker:DOT/USD | elapsed_ms=172
2026-10-06 10:04:40+0000 | INFO     | roostoo.api | API_REQUEST_START | method=GET | label=ticker:BNB/USD | path=/v3/ticker
2026-10-06 10:04:40+0000 | INFO     | roostoo.api | API_REQUEST_OK | method=GET | label=ticker:BNB/USD | elapsed_ms=184
2026-10-06 10:04:40+0000 | INFO     | roostoo.api | API_REQUEST_START | method=GET | label=ticker:SUI/USD | path=/v3/ticker
2026-10-06 10:04:41+0000 | INFO     | roostoo.api | API_REQUEST_OK | method=GET | label=ticker:SUI/USD | elapsed_ms=172
2026-10-06 10:04:41+0000 | INFO     | roostoo.api | API_REQUEST_START | method=GET | label=ticker:BTC/USD | path=/v3/ticker
2026-10-06 10:04:41+0000 | INFO     | roostoo.api | API_REQUEST_OK | method=GET | label=ticker:BTC/USD | elapsed_ms=173
2026-10-06 10:04:41+0000 | INFO     | bot | LOOP_COMPLETE | elapsed_ms=1111
2026-10-06 10:05:40+0000 | INFO     | roostoo.api | API_REQUEST_START | method=GET | label=ticker:TRX/USD | path=/v3/ticker
2026-10-06 10:05:40+0000 | INFO     | roostoo.api | API_REQUEST_OK | method=GET | label=ticker:TRX/USD | elapsed_ms=174
2026-10-06 10:05:40+0000 | INFO     | roostoo.api | API_REQUEST_START | method=GET | label=ticker:AVAX/USD | path=/v3/ticker
2026-10-06 10:05:40+0000 | INFO     | roostoo.api | API_REQUEST_OK | method=GET | label=ticker:AVAX/USD | elapsed_ms=172
2026-10-06 10:05:40+0000 | INFO     | roostoo.api | API_REQUEST_START | method=GET | label=ticker:DOT/USD | path=/v3/ticker
2026-10-06 10:05:40+0000 | INFO     | roostoo.api | API_REQUEST_OK | method=GET | label=ticker:DOT/USD | elapsed_ms=503
2026-10-06 10:05:41+0000 | INFO     | roostoo.api | API_REQUEST_START | method=GET | label=ticker:BNB/USD | path=/v3/ticker
2026-10-06 10:05:41+0000 | INFO     | roostoo.api | API_REQUEST_OK | method=GET | label=ticker:BNB/USD | elapsed_ms=187
2026-10-06 10:05:41+0000 | INFO     | roostoo.api | API_REQUEST_START | method=GET | label=ticker:SUI/USD | path=/v3/ticker
2026-10-06 10:05:41+0000 | INFO     | roostoo.api | API_REQUEST_OK | method=GET | label=ticker:SUI/USD | elapsed_ms=197
2026-10-06 10:05:41+0000 | INFO     | roostoo.api | API_REQUEST_START | method=GET | label=ticker:BTC/USD | path=/v3/ticker
2026-10-06 10:05:41+0000 | INFO     | roostoo.api | API_REQUEST_OK | method=GET | label=ticker:BTC/USD | elapsed_ms=172
2026-10-06 10:05:41+0000 | INFO     | bot | LOOP_COMPLETE | elapsed_ms=1459
2026-10-06 10:06:40+0000 | INFO     | roostoo.api | API_REQUEST_START | method=GET | label=ticker:TRX/USD | path=/v3/ticker
2026-10-06 10:06:40+0000 | INFO     | roostoo.api | API_REQUEST_OK | method=GET | label=ticker:TRX/USD | elapsed_ms=201
2026-10-06 10:06:40+0000 | INFO     | roostoo.api | API_REQUEST_START | method=GET | label=ticker:AVAX/USD | path=/v3/ticker
2026-10-06 10:06:40+0000 | INFO     | roostoo.api | API_REQUEST_OK | method=GET | label=ticker:AVAX/USD | elapsed_ms=198
2026-10-06 10:06:40+0000 | INFO     | roostoo.api | API_REQUEST_START | method=GET | label=ticker:DOT/USD | path=/v3/ticker
2026-10-06 10:06:40+0000 | INFO     | roostoo.api | API_REQUEST_OK | method=GET | label=ticker:DOT/USD | elapsed_ms=333
2026-10-06 10:06:40+0000 | INFO     | roostoo.api | API_REQUEST_START | method=GET | label=ticker:BNB/USD | path=/v3/ticker
2026-10-06 10:06:41+0000 | INFO     | roostoo.api | API_REQUEST_OK | method=GET | label=ticker:BNB/USD | elapsed_ms=185
2026-10-06 10:06:41+0000 | INFO     | roostoo.api | API_REQUEST_START | method=GET | label=server_time | path=/v3/serverTime
2026-10-06 10:06:41+0000 | INFO     | roostoo.api | API_REQUEST_OK | method=GET | label=server_time | elapsed_ms=186
2026-10-06 10:06:41+0000 | INFO     | roostoo.api | SERVER_TIME_SYNC | offset_ms=101
2026-10-06 10:06:41+0000 | INFO     | roostoo.api | API_REQUEST_START | method=GET | label=ticker:SUI/USD | path=/v3/ticker
2026-10-06 10:06:41+0000 | INFO     | roostoo.api | API_REQUEST_OK | method=GET | label=ticker:SUI/USD | elapsed_ms=540
2026-10-06 10:06:41+0000 | INFO     | roostoo.api | API_REQUEST_START | method=GET | label=ticker:BTC/USD | path=/v3/ticker
2026-10-06 10:06:41+0000 | INFO     | roostoo.api | API_REQUEST_OK | method=GET | label=ticker:BTC/USD | elapsed_ms=186
2026-10-06 10:06:42+0000 | INFO     | bot | LOOP_COMPLETE | elapsed_ms=1888
2026-10-06 10:07:40+0000 | INFO     | roostoo.api | API_REQUEST_START | method=GET | label=ticker:TRX/USD | path=/v3/ticker
2026-10-06 10:07:40+0000 | INFO     | roostoo.api | API_REQUEST_OK | method=GET | label=ticker:TRX/USD | elapsed_ms=263
2026-10-06 10:07:40+0000 | INFO     | roostoo.api | API_REQUEST_START | method=GET | label=ticker:AVAX/USD | path=/v3/ticker
2026-10-06 10:07:40+0000 | INFO     | roostoo.api | API_REQUEST_OK | method=GET | label=ticker:AVAX/USD | elapsed_ms=246
2026-10-06 10:07:40+0000 | INFO     | roostoo.api | API_REQUEST_START | method=GET | label=ticker:DOT/USD | path=/v3/ticker
2026-10-06 10:07:40+0000 | INFO     | roostoo.api | API_REQUEST_OK | method=GET | label=ticker:DOT/USD | elapsed_ms=171
2026-10-06 10:07:40+0000 | INFO     | roostoo.api | API_REQUEST_START | method=GET | label=ticker:BNB/USD | path=/v3/ticker
2026-10-06 10:07:40+0000 | INFO     | roostoo.api | API_REQUEST_OK | method=GET | label=ticker:BNB/USD | elapsed_ms=199
2026-10-06 10:07:40+0000 | INFO     | roostoo.api | API_REQUEST_START | method=GET | label=ticker:SUI/USD | path=/v3/ticker
2026-10-06 10:07:41+0000 | INFO     | roostoo.api | API_REQUEST_OK | method=GET | label=ticker:SUI/USD | elapsed_ms=198
2026-10-06 10:07:41+0000 | INFO     | roostoo.api | API_REQUEST_START | method=GET | label=ticker:BTC/USD | path=/v3/ticker
2026-10-06 10:07:41+0000 | INFO     | roostoo.api | API_REQUEST_OK | method=GET | label=ticker:BTC/USD | elapsed_ms=544
2026-10-06 10:07:41+0000 | INFO     | bot | LOOP_COMPLETE | elapsed_ms=1675
2026-10-06 10:08:40+0000 | INFO     | roostoo.api | API_REQUEST_START | method=GET | label=ticker:TRX/USD | path=/v3/ticker
2026-10-06 10:08:40+0000 | INFO     | roostoo.api | API_REQUEST_OK | method=GET | label=ticker:TRX/USD | elapsed_ms=188
2026-10-06 10:08:40+0000 | INFO     | roostoo.api | API_REQUEST_START | method=GET | label=ticker:AVAX/USD | path=/v3/ticker
2026-10-06 10:08:40+0000 | INFO     | roostoo.api | API_REQUEST_OK | method=GET | label=ticker:AVAX/USD | elapsed_ms=171
2026-10-06 10:08:40+0000 | INFO     | roostoo.api | API_REQUEST_START | method=GET | label=ticker:DOT/USD | path=/v3/ticker
2026-10-06 10:08:40+0000 | INFO     | roostoo.api | API_REQUEST_OK | method=GET | label=ticker:DOT/USD | elapsed_ms=303
2026-10-06 10:08:40+0000 | INFO     | roostoo.api | API_REQUEST_START | method=GET | label=ticker:BNB/USD | path=/v3/ticker
2026-10-06 10:08:41+0000 | INFO     | roostoo.api | API_REQUEST_OK | method=GET | label=ticker:BNB/USD | elapsed_ms=580
2026-10-06 10:08:41+0000 | INFO     | roostoo.api | API_REQUEST_START | method=GET | label=ticker:SUI/USD | path=/v3/ticker
2026-10-06 10:08:41+0000 | INFO     | roostoo.api | API_REQUEST_OK | method=GET | label=ticker:SUI/USD | elapsed_ms=185
2026-10-06 10:08:41+0000 | INFO     | roostoo.api | API_REQUEST_START | method=GET | label=ticker:BTC/USD | path=/v3/ticker
2026-10-06 10:08:42+0000 | INFO     | roostoo.api | API_REQUEST_OK | method=GET | label=ticker:BTC/USD | elapsed_ms=542
2026-10-06 10:08:42+0000 | INFO     | bot | LOOP_COMPLETE | elapsed_ms=2028
2026-10-06 10:09:40+0000 | INFO     | roostoo.api | API_REQUEST_START | method=GET | label=ticker:TRX/USD | path=/v3/ticker
2026-10-06 10:09:40+0000 | INFO     | roostoo.api | API_REQUEST_OK | method=GET | label=ticker:TRX/USD | elapsed_ms=183
2026-10-06 10:09:40+0000 | INFO     | roostoo.api | API_REQUEST_START | method=GET | label=ticker:AVAX/USD | path=/v3/ticker
2026-10-06 10:09:40+0000 | INFO     | roostoo.api | API_REQUEST_OK | method=GET | label=ticker:AVAX/USD | elapsed_ms=173
2026-10-06 10:09:40+0000 | INFO     | roostoo.api | API_REQUEST_START | method=GET | label=ticker:DOT/USD | path=/v3/ticker
2026-10-06 10:09:40+0000 | INFO     | roostoo.api | API_REQUEST_OK | method=GET | label=ticker:DOT/USD | elapsed_ms=172
2026-10-06 10:09:40+0000 | INFO     | roostoo.api | API_REQUEST_START | method=GET | label=ticker:BNB/USD | path=/v3/ticker
2026-10-06 10:09:40+0000 | INFO     | roostoo.api | API_REQUEST_OK | method=GET | label=ticker:BNB/USD | elapsed_ms=171
2026-10-06 10:09:40+0000 | INFO     | roostoo.api | API_REQUEST_START | method=GET | label=ticker:SUI/USD | path=/v3/ticker
2026-10-06 10:09:41+0000 | INFO     | roostoo.api | API_REQUEST_OK | method=GET | label=ticker:SUI/USD | elapsed_ms=172
2026-10-06 10:09:41+0000 | INFO     | roostoo.api | API_REQUEST_START | method=GET | label=ticker:BTC/USD | path=/v3/ticker
2026-10-06 10:09:41+0000 | INFO     | roostoo.api | API_REQUEST_OK | method=GET | label=ticker:BTC/USD | elapsed_ms=198
2026-10-06 10:09:41+0000 | INFO     | bot | LOOP_COMPLETE | elapsed_ms=1139
2026-10-06 10:10:40+0000 | INFO     | roostoo.api | API_REQUEST_START | method=GET | label=ticker:TRX/USD | path=/v3/ticker
2026-10-06 10:10:40+0000 | INFO     | roostoo.api | API_REQUEST_OK | method=GET | label=ticker:TRX/USD | elapsed_ms=197
2026-10-06 10:10:40+0000 | INFO     | roostoo.api | API_REQUEST_START | method=GET | label=ticker:AVAX/USD | path=/v3/ticker
2026-10-06 10:10:40+0000 | INFO     | roostoo.api | API_REQUEST_OK | method=GET | label=ticker:AVAX/USD | elapsed_ms=436
2026-10-06 10:10:40+0000 | INFO     | roostoo.api | API_REQUEST_START | method=GET | label=ticker:DOT/USD | path=/v3/ticker
2026-10-06 10:10:41+0000 | INFO     | roostoo.api | API_REQUEST_OK | method=GET | label=ticker:DOT/USD | elapsed_ms=581
2026-10-06 10:10:41+0000 | INFO     | roostoo.api | API_REQUEST_START | method=GET | label=ticker:BNB/USD | path=/v3/ticker
2026-10-06 10:10:41+0000 | INFO     | roostoo.api | API_REQUEST_OK | method=GET | label=ticker:BNB/USD | elapsed_ms=198
2026-10-06 10:10:41+0000 | INFO     | roostoo.api | API_REQUEST_START | method=GET | label=ticker:SUI/USD | path=/v3/ticker
2026-10-06 10:10:41+0000 | INFO     | roostoo.api | API_REQUEST_OK | method=GET | label=ticker:SUI/USD | elapsed_ms=186
2026-10-06 10:10:41+0000 | INFO     | roostoo.api | API_REQUEST_START | method=GET | label=ticker:BTC/USD | path=/v3/ticker
2026-10-06 10:10:41+0000 | INFO     | roostoo.api | API_REQUEST_OK | method=GET | label=ticker:BTC/USD | elapsed_ms=173
2026-10-06 10:10:41+0000 | INFO     | bot | LOOP_COMPLETE | elapsed_ms=1828
2026-10-06 10:11:40+0000 | INFO     | roostoo.api | API_REQUEST_START | method=GET | label=ticker:TRX/USD | path=/v3/ticker
2026-10-06 10:11:40+0000 | INFO     | roostoo.api | API_REQUEST_OK | method=GET | label=ticker:TRX/USD | elapsed_ms=186
2026-10-06 10:11:40+0000 | INFO     | roostoo.api | API_REQUEST_START | method=GET | label=ticker:AVAX/USD | path=/v3/ticker
2026-10-06 10:11:40+0000 | INFO     | roostoo.api | API_REQUEST_OK | method=GET | label=ticker:AVAX/USD | elapsed_ms=185
2026-10-06 10:11:40+0000 | INFO     | roostoo.api | API_REQUEST_START | method=GET | label=ticker:DOT/USD | path=/v3/ticker
2026-10-06 10:11:40+0000 | INFO     | roostoo.api | API_REQUEST_OK | method=GET | label=ticker:DOT/USD | elapsed_ms=503
2026-10-06 10:11:40+0000 | INFO     | roostoo.api | API_REQUEST_START | method=GET | label=ticker:BNB/USD | path=/v3/ticker
2026-10-06 10:11:41+0000 | INFO     | roostoo.api | API_REQUEST_OK | method=GET | label=ticker:BNB/USD | elapsed_ms=174
2026-10-06 10:11:41+0000 | INFO     | roostoo.api | API_REQUEST_START | method=GET | label=ticker:SUI/USD | path=/v3/ticker
2026-10-06 10:11:41+0000 | INFO     | roostoo.api | API_REQUEST_OK | method=GET | label=ticker:SUI/USD | elapsed_ms=172
2026-10-06 10:11:41+0000 | INFO     | roostoo.api | API_REQUEST_START | method=GET | label=server_time | path=/v3/serverTime
2026-10-06 10:11:41+0000 | INFO     | roostoo.api | API_REQUEST_OK | method=GET | label=server_time | elapsed_ms=172
2026-10-06 10:11:41+0000 | INFO     | roostoo.api | SERVER_TIME_SYNC | offset_ms=87
2026-10-06 10:11:41+0000 | INFO     | roostoo.api | API_REQUEST_START | method=GET | label=ticker:BTC/USD | path=/v3/ticker
2026-10-06 10:11:42+0000 | INFO     | roostoo.api | API_REQUEST_OK | method=GET | label=ticker:BTC/USD | elapsed_ms=541
2026-10-06 10:11:42+0000 | INFO     | bot | LOOP_COMPLETE | elapsed_ms=1990
2026-10-06 10:12:40+0000 | INFO     | roostoo.api | API_REQUEST_START | method=GET | label=ticker:TRX/USD | path=/v3/ticker
2026-10-06 10:12:40+0000 | INFO     | roostoo.api | API_REQUEST_OK | method=GET | label=ticker:TRX/USD | elapsed_ms=174
2026-10-06 10:12:40+0000 | INFO     | roostoo.api | API_REQUEST_START | method=GET | label=ticker:AVAX/USD | path=/v3/ticker
2026-10-06 10:12:40+0000 | INFO     | roostoo.api | API_REQUEST_OK | method=GET | label=ticker:AVAX/USD | elapsed_ms=173
2026-10-06 10:12:40+0000 | INFO     | roostoo.api | API_REQUEST_START | method=GET | label=ticker:DOT/USD | path=/v3/ticker
2026-10-06 10:12:40+0000 | INFO     | roostoo.api | API_REQUEST_OK | method=GET | label=ticker:DOT/USD | elapsed_ms=541
2026-10-06 10:12:40+0000 | INFO     | roostoo.api | API_REQUEST_START | method=GET | label=ticker:BNB/USD | path=/v3/ticker
2026-10-06 10:12:41+0000 | INFO     | roostoo.api | API_REQUEST_OK | method=GET | label=ticker:BNB/USD | elapsed_ms=198
2026-10-06 10:12:41+0000 | INFO     | roostoo.api | API_REQUEST_START | method=GET | label=ticker:SUI/USD | path=/v3/ticker
2026-10-06 10:12:41+0000 | INFO     | roostoo.api | API_REQUEST_OK | method=GET | label=ticker:SUI/USD | elapsed_ms=189
2026-10-06 10:12:41+0000 | INFO     | roostoo.api | API_REQUEST_START | method=GET | label=ticker:BTC/USD | path=/v3/ticker
2026-10-06 10:12:41+0000 | INFO     | roostoo.api | API_REQUEST_OK | method=GET | label=ticker:BTC/USD | elapsed_ms=173
2026-10-06 10:12:41+0000 | INFO     | bot | LOOP_COMPLETE | elapsed_ms=1513
2026-10-06 10:13:40+0000 | INFO     | roostoo.api | API_REQUEST_START | method=GET | label=ticker:TRX/USD | path=/v3/ticker
2026-10-06 10:13:40+0000 | INFO     | roostoo.api | API_REQUEST_OK | method=GET | label=ticker:TRX/USD | elapsed_ms=173
2026-10-06 10:13:40+0000 | INFO     | roostoo.api | API_REQUEST_START | method=GET | label=ticker:AVAX/USD | path=/v3/ticker
2026-10-06 10:13:40+0000 | INFO     | roostoo.api | API_REQUEST_OK | method=GET | label=ticker:AVAX/USD | elapsed_ms=172
2026-10-06 10:13:40+0000 | INFO     | roostoo.api | API_REQUEST_START | method=GET | label=ticker:DOT/USD | path=/v3/ticker
2026-10-06 10:13:40+0000 | INFO     | roostoo.api | API_REQUEST_OK | method=GET | label=ticker:DOT/USD | elapsed_ms=185
2026-10-06 10:13:40+0000 | INFO     | roostoo.api | API_REQUEST_START | method=GET | label=ticker:BNB/USD | path=/v3/ticker
2026-10-06 10:13:40+0000 | INFO     | roostoo.api | API_REQUEST_OK | method=GET | label=ticker:BNB/USD | elapsed_ms=186
2026-10-06 10:13:40+0000 | INFO     | roostoo.api | API_REQUEST_START | method=GET | label=ticker:SUI/USD | path=/v3/ticker
2026-10-06 10:13:41+0000 | INFO     | roostoo.api | API_REQUEST_OK | method=GET | label=ticker:SUI/USD | elapsed_ms=186
2026-10-06 10:13:41+0000 | INFO     | roostoo.api | API_REQUEST_START | method=GET | label=ticker:BTC/USD | path=/v3/ticker
2026-10-06 10:13:41+0000 | INFO     | roostoo.api | API_REQUEST_OK | method=GET | label=ticker:BTC/USD | elapsed_ms=172
2026-10-06 10:13:41+0000 | INFO     | bot | LOOP_COMPLETE | elapsed_ms=1125
2026-10-06 10:14:40+0000 | INFO     | roostoo.api | API_REQUEST_START | method=GET | label=ticker:TRX/USD | path=/v3/ticker
2026-10-06 10:14:40+0000 | INFO     | roostoo.api | API_REQUEST_OK | method=GET | label=ticker:TRX/USD | elapsed_ms=199
2026-10-06 10:14:40+0000 | INFO     | roostoo.api | API_REQUEST_START | method=GET | label=ticker:AVAX/USD | path=/v3/ticker
2026-10-06 10:14:40+0000 | INFO     | roostoo.api | API_REQUEST_OK | method=GET | label=ticker:AVAX/USD | elapsed_ms=184
2026-10-06 10:14:40+0000 | INFO     | roostoo.api | API_REQUEST_START | method=GET | label=ticker:DOT/USD | path=/v3/ticker
2026-10-06 10:14:40+0000 | INFO     | roostoo.api | API_REQUEST_OK | method=GET | label=ticker:DOT/USD | elapsed_ms=186
2026-10-06 10:14:40+0000 | INFO     | roostoo.api | API_REQUEST_START | method=GET | label=ticker:BNB/USD | path=/v3/ticker
2026-10-06 10:14:40+0000 | INFO     | roostoo.api | API_REQUEST_OK | method=GET | label=ticker:BNB/USD | elapsed_ms=185
2026-10-06 10:14:40+0000 | INFO     | roostoo.api | API_REQUEST_START | method=GET | label=ticker:SUI/USD | path=/v3/ticker
2026-10-06 10:14:41+0000 | INFO     | roostoo.api | API_REQUEST_OK | method=GET | label=ticker:SUI/USD | elapsed_ms=198
2026-10-06 10:14:41+0000 | INFO     | roostoo.api | API_REQUEST_START | method=GET | label=ticker:BTC/USD | path=/v3/ticker
2026-10-06 10:14:41+0000 | INFO     | roostoo.api | API_REQUEST_OK | method=GET | label=ticker:BTC/USD | elapsed_ms=198
2026-10-06 10:14:41+0000 | INFO     | bot | LOOP_COMPLETE | elapsed_ms=1203
2026-10-06 10:15:40+0000 | INFO     | roostoo.api | API_REQUEST_START | method=GET | label=ticker:TRX/USD | path=/v3/ticker
2026-10-06 10:15:40+0000 | INFO     | roostoo.api | API_REQUEST_OK | method=GET | label=ticker:TRX/USD | elapsed_ms=185
2026-10-06 10:15:40+0000 | INFO     | roostoo.api | API_REQUEST_START | method=GET | label=ticker:AVAX/USD | path=/v3/ticker
2026-10-06 10:15:40+0000 | INFO     | roostoo.api | API_REQUEST_OK | method=GET | label=ticker:AVAX/USD | elapsed_ms=187
2026-10-06 10:15:40+0000 | INFO     | roostoo.api | API_REQUEST_START | method=GET | label=ticker:DOT/USD | path=/v3/ticker
2026-10-06 10:15:40+0000 | INFO     | roostoo.api | API_REQUEST_OK | method=GET | label=ticker:DOT/USD | elapsed_ms=173
2026-10-06 10:15:40+0000 | INFO     | roostoo.api | API_REQUEST_START | method=GET | label=ticker:BNB/USD | path=/v3/ticker
2026-10-06 10:15:40+0000 | INFO     | roostoo.api | API_REQUEST_OK | method=GET | label=ticker:BNB/USD | elapsed_ms=172
2026-10-06 10:15:40+0000 | INFO     | roostoo.api | API_REQUEST_START | method=GET | label=ticker:SUI/USD | path=/v3/ticker
2026-10-06 10:15:41+0000 | INFO     | roostoo.api | API_REQUEST_OK | method=GET | label=ticker:SUI/USD | elapsed_ms=506
2026-10-06 10:15:41+0000 | INFO     | roostoo.api | API_REQUEST_START | method=GET | label=ticker:BTC/USD | path=/v3/ticker
2026-10-06 10:15:41+0000 | INFO     | roostoo.api | API_REQUEST_OK | method=GET | label=ticker:BTC/USD | elapsed_ms=198
2026-10-06 10:15:41+0000 | INFO     | bot | LOOP_COMPLETE | elapsed_ms=1480
2026-10-06 10:16:40+0000 | INFO     | roostoo.api | API_REQUEST_START | method=GET | label=ticker:TRX/USD | path=/v3/ticker
2026-10-06 10:16:40+0000 | INFO     | roostoo.api | API_REQUEST_OK | method=GET | label=ticker:TRX/USD | elapsed_ms=187
2026-10-06 10:16:40+0000 | INFO     | roostoo.api | API_REQUEST_START | method=GET | label=ticker:AVAX/USD | path=/v3/ticker
2026-10-06 10:16:40+0000 | INFO     | roostoo.api | API_REQUEST_OK | method=GET | label=ticker:AVAX/USD | elapsed_ms=184
2026-10-06 10:16:40+0000 | INFO     | roostoo.api | API_REQUEST_START | method=GET | label=ticker:DOT/USD | path=/v3/ticker
2026-10-06 10:16:40+0000 | INFO     | roostoo.api | API_REQUEST_OK | method=GET | label=ticker:DOT/USD | elapsed_ms=171
2026-10-06 10:16:40+0000 | INFO     | roostoo.api | API_REQUEST_START | method=GET | label=ticker:BNB/USD | path=/v3/ticker
2026-10-06 10:16:40+0000 | INFO     | roostoo.api | API_REQUEST_OK | method=GET | label=ticker:BNB/USD | elapsed_ms=172
2026-10-06 10:16:40+0000 | INFO     | roostoo.api | API_REQUEST_START | method=GET | label=ticker:SUI/USD | path=/v3/ticker
2026-10-06 10:16:41+0000 | INFO     | roostoo.api | API_REQUEST_OK | method=GET | label=ticker:SUI/USD | elapsed_ms=500
2026-10-06 10:16:41+0000 | INFO     | roostoo.api | API_REQUEST_START | method=GET | label=ticker:BTC/USD | path=/v3/ticker
2026-10-06 10:16:41+0000 | INFO     | roostoo.api | API_REQUEST_OK | method=GET | label=ticker:BTC/USD | elapsed_ms=188
2026-10-06 10:16:41+0000 | INFO     | bot | LOOP_COMPLETE | elapsed_ms=1457
2026-10-06 10:17:40+0000 | INFO     | roostoo.api | API_REQUEST_START | method=GET | label=server_time | path=/v3/serverTime
2026-10-06 10:17:40+0000 | INFO     | roostoo.api | API_REQUEST_OK | method=GET | label=server_time | elapsed_ms=188
2026-10-06 10:17:40+0000 | INFO     | roostoo.api | SERVER_TIME_SYNC | offset_ms=103
2026-10-06 10:17:40+0000 | INFO     | roostoo.api | API_REQUEST_START | method=GET | label=ticker:TRX/USD | path=/v3/ticker
2026-10-06 10:17:40+0000 | INFO     | roostoo.api | API_REQUEST_OK | method=GET | label=ticker:TRX/USD | elapsed_ms=202
2026-10-06 10:17:40+0000 | INFO     | roostoo.api | API_REQUEST_START | method=GET | label=ticker:AVAX/USD | path=/v3/ticker
2026-10-06 10:17:40+0000 | INFO     | roostoo.api | API_REQUEST_OK | method=GET | label=ticker:AVAX/USD | elapsed_ms=188
2026-10-06 10:17:40+0000 | INFO     | roostoo.api | API_REQUEST_START | method=GET | label=ticker:DOT/USD | path=/v3/ticker
2026-10-06 10:17:41+0000 | INFO     | roostoo.api | API_REQUEST_OK | method=GET | label=ticker:DOT/USD | elapsed_ms=315
2026-10-06 10:17:41+0000 | INFO     | roostoo.api | API_REQUEST_START | method=GET | label=ticker:BNB/USD | path=/v3/ticker
2026-10-06 10:17:41+0000 | INFO     | roostoo.api | API_REQUEST_OK | method=GET | label=ticker:BNB/USD | elapsed_ms=503
2026-10-06 10:17:41+0000 | INFO     | roostoo.api | API_REQUEST_START | method=GET | label=ticker:SUI/USD | path=/v3/ticker
2026-10-06 10:17:42+0000 | INFO     | roostoo.api | API_REQUEST_OK | method=GET | label=ticker:SUI/USD | elapsed_ms=581
2026-10-06 10:17:42+0000 | INFO     | roostoo.api | API_REQUEST_START | method=GET | label=ticker:BTC/USD | path=/v3/ticker
2026-10-06 10:17:42+0000 | INFO     | roostoo.api | API_REQUEST_OK | method=GET | label=ticker:BTC/USD | elapsed_ms=546
2026-10-06 10:17:42+0000 | INFO     | bot | LOOP_COMPLETE | elapsed_ms=2584
2026-10-06 10:18:40+0000 | INFO     | roostoo.api | API_REQUEST_START | method=GET | label=ticker:TRX/USD | path=/v3/ticker
2026-10-06 10:18:40+0000 | INFO     | roostoo.api | API_REQUEST_OK | method=GET | label=ticker:TRX/USD | elapsed_ms=186
2026-10-06 10:18:40+0000 | INFO     | roostoo.api | API_REQUEST_START | method=GET | label=ticker:AVAX/USD | path=/v3/ticker
2026-10-06 10:18:40+0000 | INFO     | roostoo.api | API_REQUEST_OK | method=GET | label=ticker:AVAX/USD | elapsed_ms=186
2026-10-06 10:18:40+0000 | INFO     | roostoo.api | API_REQUEST_START | method=GET | label=ticker:DOT/USD | path=/v3/ticker
2026-10-06 10:18:40+0000 | INFO     | roostoo.api | API_REQUEST_OK | method=GET | label=ticker:DOT/USD | elapsed_ms=173
2026-10-06 10:18:40+0000 | INFO     | roostoo.api | API_REQUEST_START | method=GET | label=ticker:BNB/USD | path=/v3/ticker
2026-10-06 10:18:40+0000 | INFO     | roostoo.api | API_REQUEST_OK | method=GET | label=ticker:BNB/USD | elapsed_ms=187
2026-10-06 10:18:40+0000 | INFO     | roostoo.api | API_REQUEST_START | method=GET | label=ticker:SUI/USD | path=/v3/ticker
2026-10-06 10:18:41+0000 | INFO     | roostoo.api | API_REQUEST_OK | method=GET | label=ticker:SUI/USD | elapsed_ms=540
2026-10-06 10:18:41+0000 | INFO     | roostoo.api | API_REQUEST_START | method=GET | label=ticker:BTC/USD | path=/v3/ticker
2026-10-06 10:18:41+0000 | INFO     | roostoo.api | API_REQUEST_OK | method=GET | label=ticker:BTC/USD | elapsed_ms=548
2026-10-06 10:18:41+0000 | INFO     | bot | LOOP_COMPLETE | elapsed_ms=1873
2026-10-06 10:19:40+0000 | INFO     | roostoo.api | API_REQUEST_START | method=GET | label=ticker:TRX/USD | path=/v3/ticker
2026-10-06 10:19:40+0000 | INFO     | roostoo.api | API_REQUEST_OK | method=GET | label=ticker:TRX/USD | elapsed_ms=187
2026-10-06 10:19:40+0000 | INFO     | roostoo.api | API_REQUEST_START | method=GET | label=ticker:AVAX/USD | path=/v3/ticker
2026-10-06 10:19:40+0000 | INFO     | roostoo.api | API_REQUEST_OK | method=GET | label=ticker:AVAX/USD | elapsed_ms=185
2026-10-06 10:19:40+0000 | INFO     | roostoo.api | API_REQUEST_START | method=GET | label=ticker:DOT/USD | path=/v3/ticker
2026-10-06 10:19:40+0000 | INFO     | roostoo.api | API_REQUEST_OK | method=GET | label=ticker:DOT/USD | elapsed_ms=188
2026-10-06 10:19:40+0000 | INFO     | roostoo.api | API_REQUEST_START | method=GET | label=ticker:BNB/USD | path=/v3/ticker
2026-10-06 10:19:40+0000 | INFO     | roostoo.api | API_REQUEST_OK | method=GET | label=ticker:BNB/USD | elapsed_ms=199
2026-10-06 10:19:40+0000 | INFO     | roostoo.api | API_REQUEST_START | method=GET | label=ticker:SUI/USD | path=/v3/ticker
2026-10-06 10:19:41+0000 | INFO     | roostoo.api | API_REQUEST_OK | method=GET | label=ticker:SUI/USD | elapsed_ms=503
2026-10-06 10:19:41+0000 | INFO     | roostoo.api | API_REQUEST_START | method=GET | label=ticker:BTC/USD | path=/v3/ticker
2026-10-06 10:19:41+0000 | INFO     | roostoo.api | API_REQUEST_OK | method=GET | label=ticker:BTC/USD | elapsed_ms=173
2026-10-06 10:19:41+0000 | INFO     | bot | LOOP_COMPLETE | elapsed_ms=1486
2026-10-06 10:20:40+0000 | INFO     | roostoo.api | API_REQUEST_START | method=GET | label=ticker:TRX/USD | path=/v3/ticker
2026-10-06 10:20:40+0000 | INFO     | roostoo.api | API_REQUEST_OK | method=GET | label=ticker:TRX/USD | elapsed_ms=273
2026-10-06 10:20:40+0000 | INFO     | roostoo.api | API_REQUEST_START | method=GET | label=ticker:AVAX/USD | path=/v3/ticker
2026-10-06 10:20:40+0000 | INFO     | roostoo.api | API_REQUEST_OK | method=GET | label=ticker:AVAX/USD | elapsed_ms=295
2026-10-06 10:20:40+0000 | INFO     | roostoo.api | API_REQUEST_START | method=GET | label=ticker:DOT/USD | path=/v3/ticker
2026-10-06 10:20:40+0000 | INFO     | roostoo.api | API_REQUEST_OK | method=GET | label=ticker:DOT/USD | elapsed_ms=185
2026-10-06 10:20:40+0000 | INFO     | roostoo.api | API_REQUEST_START | method=GET | label=ticker:BNB/USD | path=/v3/ticker
2026-10-06 10:20:41+0000 | INFO     | roostoo.api | API_REQUEST_OK | method=GET | label=ticker:BNB/USD | elapsed_ms=174
2026-10-06 10:20:41+0000 | INFO     | roostoo.api | API_REQUEST_START | method=GET | label=ticker:SUI/USD | path=/v3/ticker
2026-10-06 10:20:41+0000 | INFO     | roostoo.api | API_REQUEST_OK | method=GET | label=ticker:SUI/USD | elapsed_ms=580
2026-10-06 10:20:41+0000 | INFO     | roostoo.api | API_REQUEST_START | method=GET | label=ticker:BTC/USD | path=/v3/ticker
2026-10-06 10:20:41+0000 | INFO     | roostoo.api | API_REQUEST_OK | method=GET | label=ticker:BTC/USD | elapsed_ms=174
2026-10-06 10:20:41+0000 | INFO     | bot | LOOP_COMPLETE | elapsed_ms=1736
2026-10-06 10:21:40+0000 | INFO     | roostoo.api | API_REQUEST_START | method=GET | label=ticker:TRX/USD | path=/v3/ticker
2026-10-06 10:21:40+0000 | INFO     | roostoo.api | API_REQUEST_OK | method=GET | label=ticker:TRX/USD | elapsed_ms=190
2026-10-06 10:21:40+0000 | INFO     | roostoo.api | API_REQUEST_START | method=GET | label=ticker:AVAX/USD | path=/v3/ticker
2026-10-06 10:21:40+0000 | INFO     | roostoo.api | API_REQUEST_OK | method=GET | label=ticker:AVAX/USD | elapsed_ms=188
2026-10-06 10:21:40+0000 | INFO     | roostoo.api | API_REQUEST_START | method=GET | label=ticker:DOT/USD | path=/v3/ticker
2026-10-06 10:21:41+0000 | INFO     | roostoo.api | API_REQUEST_OK | method=GET | label=ticker:DOT/USD | elapsed_ms=544
2026-10-06 10:21:41+0000 | INFO     | roostoo.api | API_REQUEST_START | method=GET | label=ticker:BNB/USD | path=/v3/ticker
2026-10-06 10:21:41+0000 | INFO     | roostoo.api | API_REQUEST_OK | method=GET | label=ticker:BNB/USD | elapsed_ms=186
2026-10-06 10:21:41+0000 | INFO     | roostoo.api | API_REQUEST_START | method=GET | label=ticker:SUI/USD | path=/v3/ticker
2026-10-06 10:21:41+0000 | INFO     | roostoo.api | API_REQUEST_OK | method=GET | label=ticker:SUI/USD | elapsed_ms=539
2026-10-06 10:21:41+0000 | INFO     | roostoo.api | API_REQUEST_START | method=GET | label=ticker:BTC/USD | path=/v3/ticker
2026-10-06 10:21:41+0000 | INFO     | roostoo.api | API_REQUEST_OK | method=GET | label=ticker:BTC/USD | elapsed_ms=186
2026-10-06 10:21:42+0000 | INFO     | bot | LOOP_COMPLETE | elapsed_ms=1915
2026-10-06 10:22:40+0000 | INFO     | roostoo.api | API_REQUEST_START | method=GET | label=ticker:TRX/USD | path=/v3/ticker
2026-10-06 10:22:40+0000 | INFO     | roostoo.api | API_REQUEST_OK | method=GET | label=ticker:TRX/USD | elapsed_ms=187
2026-10-06 10:22:40+0000 | INFO     | roostoo.api | API_REQUEST_START | method=GET | label=server_time | path=/v3/serverTime
2026-10-06 10:22:40+0000 | INFO     | roostoo.api | API_REQUEST_OK | method=GET | label=server_time | elapsed_ms=186
2026-10-06 10:22:40+0000 | INFO     | roostoo.api | SERVER_TIME_SYNC | offset_ms=101
2026-10-06 10:22:40+0000 | INFO     | roostoo.api | API_REQUEST_START | method=GET | label=ticker:AVAX/USD | path=/v3/ticker
2026-10-06 10:22:40+0000 | INFO     | roostoo.api | API_REQUEST_OK | method=GET | label=ticker:AVAX/USD | elapsed_ms=187
2026-10-06 10:22:40+0000 | INFO     | roostoo.api | API_REQUEST_START | method=GET | label=ticker:DOT/USD | path=/v3/ticker
2026-10-06 10:22:40+0000 | INFO     | roostoo.api | API_REQUEST_OK | method=GET | label=ticker:DOT/USD | elapsed_ms=187
2026-10-06 10:22:40+0000 | INFO     | roostoo.api | API_REQUEST_START | method=GET | label=ticker:BNB/USD | path=/v3/ticker
2026-10-06 10:22:41+0000 | INFO     | roostoo.api | API_REQUEST_OK | method=GET | label=ticker:BNB/USD | elapsed_ms=173
2026-10-06 10:22:41+0000 | INFO     | roostoo.api | API_REQUEST_START | method=GET | label=ticker:SUI/USD | path=/v3/ticker
2026-10-06 10:22:41+0000 | INFO     | roostoo.api | API_REQUEST_OK | method=GET | label=ticker:SUI/USD | elapsed_ms=186
2026-10-06 10:22:41+0000 | INFO     | roostoo.api | API_REQUEST_START | method=GET | label=ticker:BTC/USD | path=/v3/ticker
2026-10-06 10:22:41+0000 | INFO     | roostoo.api | API_REQUEST_OK | method=GET | label=ticker:BTC/USD | elapsed_ms=543
2026-10-06 10:22:41+0000 | INFO     | bot | LOOP_COMPLETE | elapsed_ms=1706
2026-10-06 10:23:40+0000 | INFO     | roostoo.api | API_REQUEST_START | method=GET | label=ticker:TRX/USD | path=/v3/ticker
2026-10-06 10:23:40+0000 | INFO     | roostoo.api | API_REQUEST_OK | method=GET | label=ticker:TRX/USD | elapsed_ms=176
2026-10-06 10:23:40+0000 | INFO     | roostoo.api | API_REQUEST_START | method=GET | label=ticker:AVAX/USD | path=/v3/ticker
2026-10-06 10:23:40+0000 | INFO     | roostoo.api | API_REQUEST_OK | method=GET | label=ticker:AVAX/USD | elapsed_ms=172
2026-10-06 10:23:40+0000 | INFO     | roostoo.api | API_REQUEST_START | method=GET | label=ticker:DOT/USD | path=/v3/ticker
2026-10-06 10:23:40+0000 | INFO     | roostoo.api | API_REQUEST_OK | method=GET | label=ticker:DOT/USD | elapsed_ms=186
2026-10-06 10:23:40+0000 | INFO     | roostoo.api | API_REQUEST_START | method=GET | label=ticker:BNB/USD | path=/v3/ticker
2026-10-06 10:23:40+0000 | INFO     | roostoo.api | API_REQUEST_OK | method=GET | label=ticker:BNB/USD | elapsed_ms=187
2026-10-06 10:23:40+0000 | INFO     | roostoo.api | API_REQUEST_START | method=GET | label=ticker:SUI/USD | path=/v3/ticker
2026-10-06 10:23:41+0000 | INFO     | roostoo.api | API_REQUEST_OK | method=GET | label=ticker:SUI/USD | elapsed_ms=186
2026-10-06 10:23:41+0000 | INFO     | roostoo.api | API_REQUEST_START | method=GET | label=ticker:BTC/USD | path=/v3/ticker
2026-10-06 10:23:41+0000 | INFO     | roostoo.api | API_REQUEST_OK | method=GET | label=ticker:BTC/USD | elapsed_ms=186
2026-10-06 10:23:41+0000 | INFO     | bot | LOOP_COMPLETE | elapsed_ms=1149
2026-10-06 10:24:40+0000 | INFO     | roostoo.api | API_REQUEST_START | method=GET | label=ticker:TRX/USD | path=/v3/ticker
2026-10-06 10:24:40+0000 | INFO     | roostoo.api | API_REQUEST_OK | method=GET | label=ticker:TRX/USD | elapsed_ms=187
2026-10-06 10:24:40+0000 | INFO     | roostoo.api | API_REQUEST_START | method=GET | label=ticker:AVAX/USD | path=/v3/ticker
2026-10-06 10:24:40+0000 | INFO     | roostoo.api | API_REQUEST_OK | method=GET | label=ticker:AVAX/USD | elapsed_ms=187
2026-10-06 10:24:40+0000 | INFO     | roostoo.api | API_REQUEST_START | method=GET | label=ticker:DOT/USD | path=/v3/ticker
2026-10-06 10:24:40+0000 | INFO     | roostoo.api | API_REQUEST_OK | method=GET | label=ticker:DOT/USD | elapsed_ms=198
2026-10-06 10:24:40+0000 | INFO     | roostoo.api | API_REQUEST_START | method=GET | label=ticker:BNB/USD | path=/v3/ticker
2026-10-06 10:24:40+0000 | INFO     | roostoo.api | API_REQUEST_OK | method=GET | label=ticker:BNB/USD | elapsed_ms=173
2026-10-06 10:24:40+0000 | INFO     | roostoo.api | API_REQUEST_START | method=GET | label=ticker:SUI/USD | path=/v3/ticker
2026-10-06 10:24:41+0000 | INFO     | roostoo.api | API_REQUEST_OK | method=GET | label=ticker:SUI/USD | elapsed_ms=199
2026-10-06 10:24:41+0000 | INFO     | roostoo.api | API_REQUEST_START | method=GET | label=ticker:BTC/USD | path=/v3/ticker
2026-10-06 10:24:41+0000 | INFO     | roostoo.api | API_REQUEST_OK | method=GET | label=ticker:BTC/USD | elapsed_ms=185
2026-10-06 10:24:41+0000 | INFO     | bot | LOOP_COMPLETE | elapsed_ms=1182
2026-10-06 10:25:40+0000 | INFO     | roostoo.api | API_REQUEST_START | method=GET | label=ticker:TRX/USD | path=/v3/ticker
2026-10-06 10:25:40+0000 | INFO     | roostoo.api | API_REQUEST_OK | method=GET | label=ticker:TRX/USD | elapsed_ms=189
2026-10-06 10:25:40+0000 | INFO     | roostoo.api | API_REQUEST_START | method=GET | label=ticker:AVAX/USD | path=/v3/ticker
2026-10-06 10:25:40+0000 | INFO     | roostoo.api | API_REQUEST_OK | method=GET | label=ticker:AVAX/USD | elapsed_ms=189
2026-10-06 10:25:40+0000 | INFO     | roostoo.api | API_REQUEST_START | method=GET | label=ticker:DOT/USD | path=/v3/ticker
2026-10-06 10:25:40+0000 | INFO     | roostoo.api | API_REQUEST_OK | method=GET | label=ticker:DOT/USD | elapsed_ms=185
2026-10-06 10:25:40+0000 | INFO     | roostoo.api | API_REQUEST_START | method=GET | label=ticker:BNB/USD | path=/v3/ticker
2026-10-06 10:25:40+0000 | INFO     | roostoo.api | API_REQUEST_OK | method=GET | label=ticker:BNB/USD | elapsed_ms=195
2026-10-06 10:25:40+0000 | INFO     | roostoo.api | API_REQUEST_START | method=GET | label=ticker:SUI/USD | path=/v3/ticker
2026-10-06 10:25:41+0000 | INFO     | roostoo.api | API_REQUEST_OK | method=GET | label=ticker:SUI/USD | elapsed_ms=541
2026-10-06 10:25:41+0000 | INFO     | roostoo.api | API_REQUEST_START | method=GET | label=ticker:BTC/USD | path=/v3/ticker
2026-10-06 10:25:41+0000 | INFO     | roostoo.api | API_REQUEST_OK | method=GET | label=ticker:BTC/USD | elapsed_ms=539
2026-10-06 10:25:41+0000 | INFO     | bot | LOOP_COMPLETE | elapsed_ms=1896
2026-10-06 10:26:40+0000 | INFO     | roostoo.api | API_REQUEST_START | method=GET | label=ticker:TRX/USD | path=/v3/ticker
2026-10-06 10:26:40+0000 | INFO     | roostoo.api | API_REQUEST_OK | method=GET | label=ticker:TRX/USD | elapsed_ms=186
2026-10-06 10:26:40+0000 | INFO     | roostoo.api | API_REQUEST_START | method=GET | label=ticker:AVAX/USD | path=/v3/ticker
2026-10-06 10:26:40+0000 | INFO     | roostoo.api | API_REQUEST_OK | method=GET | label=ticker:AVAX/USD | elapsed_ms=200
2026-10-06 10:26:40+0000 | INFO     | roostoo.api | API_REQUEST_START | method=GET | label=ticker:DOT/USD | path=/v3/ticker
2026-10-06 10:26:40+0000 | INFO     | roostoo.api | API_REQUEST_OK | method=GET | label=ticker:DOT/USD | elapsed_ms=186
2026-10-06 10:26:40+0000 | INFO     | roostoo.api | API_REQUEST_START | method=GET | label=ticker:BNB/USD | path=/v3/ticker
2026-10-06 10:26:40+0000 | INFO     | roostoo.api | API_REQUEST_OK | method=GET | label=ticker:BNB/USD | elapsed_ms=177
2026-10-06 10:26:40+0000 | INFO     | roostoo.api | API_REQUEST_START | method=GET | label=ticker:SUI/USD | path=/v3/ticker
2026-10-06 10:26:41+0000 | INFO     | roostoo.api | API_REQUEST_OK | method=GET | label=ticker:SUI/USD | elapsed_ms=546
2026-10-06 10:26:41+0000 | INFO     | roostoo.api | API_REQUEST_START | method=GET | label=ticker:BTC/USD | path=/v3/ticker
2026-10-06 10:26:41+0000 | INFO     | roostoo.api | API_REQUEST_OK | method=GET | label=ticker:BTC/USD | elapsed_ms=185
2026-10-06 10:26:41+0000 | INFO     | bot | LOOP_COMPLETE | elapsed_ms=1557
2026-10-06 10:27:40+0000 | INFO     | roostoo.api | API_REQUEST_START | method=GET | label=ticker:TRX/USD | path=/v3/ticker
2026-10-06 10:27:40+0000 | INFO     | roostoo.api | API_REQUEST_OK | method=GET | label=ticker:TRX/USD | elapsed_ms=178
2026-10-06 10:27:40+0000 | INFO     | roostoo.api | API_REQUEST_START | method=GET | label=ticker:AVAX/USD | path=/v3/ticker
2026-10-06 10:27:40+0000 | INFO     | roostoo.api | API_REQUEST_OK | method=GET | label=ticker:AVAX/USD | elapsed_ms=187
2026-10-06 10:27:40+0000 | INFO     | roostoo.api | API_REQUEST_START | method=GET | label=ticker:DOT/USD | path=/v3/ticker
2026-10-06 10:27:40+0000 | INFO     | roostoo.api | API_REQUEST_OK | method=GET | label=ticker:DOT/USD | elapsed_ms=201
2026-10-06 10:27:40+0000 | INFO     | roostoo.api | API_REQUEST_START | method=GET | label=server_time | path=/v3/serverTime
2026-10-06 10:27:40+0000 | INFO     | roostoo.api | API_REQUEST_OK | method=GET | label=server_time | elapsed_ms=198
2026-10-06 10:27:40+0000 | INFO     | roostoo.api | SERVER_TIME_SYNC | offset_ms=100
2026-10-06 10:27:40+0000 | INFO     | roostoo.api | API_REQUEST_START | method=GET | label=ticker:BNB/USD | path=/v3/ticker
2026-10-06 10:27:41+0000 | INFO     | roostoo.api | API_REQUEST_OK | method=GET | label=ticker:BNB/USD | elapsed_ms=201
2026-10-06 10:27:41+0000 | INFO     | roostoo.api | API_REQUEST_START | method=GET | label=ticker:SUI/USD | path=/v3/ticker
2026-10-06 10:27:41+0000 | INFO     | roostoo.api | API_REQUEST_OK | method=GET | label=ticker:SUI/USD | elapsed_ms=540
2026-10-06 10:27:41+0000 | INFO     | roostoo.api | API_REQUEST_START | method=GET | label=ticker:BTC/USD | path=/v3/ticker
2026-10-06 10:27:42+0000 | INFO     | roostoo.api | API_REQUEST_OK | method=GET | label=ticker:BTC/USD | elapsed_ms=549
2026-10-06 10:27:42+0000 | INFO     | bot | LOOP_COMPLETE | elapsed_ms=2139
2026-10-06 10:28:40+0000 | INFO     | roostoo.api | API_REQUEST_START | method=GET | label=ticker:TRX/USD | path=/v3/ticker
2026-10-06 10:28:40+0000 | INFO     | roostoo.api | API_REQUEST_OK | method=GET | label=ticker:TRX/USD | elapsed_ms=171
2026-10-06 10:28:40+0000 | INFO     | roostoo.api | API_REQUEST_START | method=GET | label=ticker:AVAX/USD | path=/v3/ticker
2026-10-06 10:28:40+0000 | INFO     | roostoo.api | API_REQUEST_OK | method=GET | label=ticker:AVAX/USD | elapsed_ms=172
2026-10-06 10:28:40+0000 | INFO     | roostoo.api | API_REQUEST_START | method=GET | label=ticker:DOT/USD | path=/v3/ticker
2026-10-06 10:28:40+0000 | INFO     | roostoo.api | API_REQUEST_OK | method=GET | label=ticker:DOT/USD | elapsed_ms=173
2026-10-06 10:28:40+0000 | INFO     | roostoo.api | API_REQUEST_START | method=GET | label=ticker:BNB/USD | path=/v3/ticker
2026-10-06 10:28:40+0000 | INFO     | roostoo.api | API_REQUEST_OK | method=GET | label=ticker:BNB/USD | elapsed_ms=186
2026-10-06 10:28:40+0000 | INFO     | roostoo.api | API_REQUEST_START | method=GET | label=ticker:SUI/USD | path=/v3/ticker
2026-10-06 10:28:41+0000 | INFO     | roostoo.api | API_REQUEST_OK | method=GET | label=ticker:SUI/USD | elapsed_ms=185
2026-10-06 10:28:41+0000 | INFO     | roostoo.api | API_REQUEST_START | method=GET | label=ticker:BTC/USD | path=/v3/ticker
2026-10-06 10:28:41+0000 | INFO     | roostoo.api | API_REQUEST_OK | method=GET | label=ticker:BTC/USD | elapsed_ms=503
2026-10-06 10:28:41+0000 | INFO     | bot | LOOP_COMPLETE | elapsed_ms=1440
2026-10-06 10:29:40+0000 | INFO     | roostoo.api | API_REQUEST_START | method=GET | label=ticker:TRX/USD | path=/v3/ticker
2026-10-06 10:29:40+0000 | INFO     | roostoo.api | API_REQUEST_OK | method=GET | label=ticker:TRX/USD | elapsed_ms=326
2026-10-06 10:29:40+0000 | INFO     | roostoo.api | API_REQUEST_START | method=GET | label=ticker:AVAX/USD | path=/v3/ticker
2026-10-06 10:29:40+0000 | INFO     | roostoo.api | API_REQUEST_OK | method=GET | label=ticker:AVAX/USD | elapsed_ms=177
2026-10-06 10:29:40+0000 | INFO     | roostoo.api | API_REQUEST_START | method=GET | label=ticker:DOT/USD | path=/v3/ticker
2026-10-06 10:29:40+0000 | INFO     | roostoo.api | API_REQUEST_OK | method=GET | label=ticker:DOT/USD | elapsed_ms=186
2026-10-06 10:29:40+0000 | INFO     | roostoo.api | API_REQUEST_START | method=GET | label=ticker:BNB/USD | path=/v3/ticker
2026-10-06 10:29:41+0000 | INFO     | roostoo.api | API_REQUEST_OK | method=GET | label=ticker:BNB/USD | elapsed_ms=173
2026-10-06 10:29:41+0000 | INFO     | roostoo.api | API_REQUEST_START | method=GET | label=ticker:SUI/USD | path=/v3/ticker
2026-10-06 10:29:41+0000 | INFO     | roostoo.api | API_REQUEST_OK | method=GET | label=ticker:SUI/USD | elapsed_ms=185
2026-10-06 10:29:41+0000 | INFO     | roostoo.api | API_REQUEST_START | method=GET | label=ticker:BTC/USD | path=/v3/ticker
2026-10-06 10:29:41+0000 | INFO     | roostoo.api | API_REQUEST_OK | method=GET | label=ticker:BTC/USD | elapsed_ms=172
2026-10-06 10:29:41+0000 | INFO     | bot | LOOP_COMPLETE | elapsed_ms=1271
2026-10-06 10:30:40+0000 | INFO     | roostoo.api | API_REQUEST_START | method=GET | label=ticker:TRX/USD | path=/v3/ticker
2026-10-06 10:30:40+0000 | INFO     | roostoo.api | API_REQUEST_OK | method=GET | label=ticker:TRX/USD | elapsed_ms=187
2026-10-06 10:30:40+0000 | INFO     | roostoo.api | API_REQUEST_START | method=GET | label=ticker:AVAX/USD | path=/v3/ticker
2026-10-06 10:30:40+0000 | INFO     | roostoo.api | API_REQUEST_OK | method=GET | label=ticker:AVAX/USD | elapsed_ms=185
2026-10-06 10:30:40+0000 | INFO     | roostoo.api | API_REQUEST_START | method=GET | label=ticker:DOT/USD | path=/v3/ticker
2026-10-06 10:30:40+0000 | INFO     | roostoo.api | API_REQUEST_OK | method=GET | label=ticker:DOT/USD | elapsed_ms=403
2026-10-06 10:30:40+0000 | INFO     | roostoo.api | API_REQUEST_START | method=GET | label=ticker:BNB/USD | path=/v3/ticker
2026-10-06 10:30:41+0000 | INFO     | roostoo.api | API_REQUEST_OK | method=GET | label=ticker:BNB/USD | elapsed_ms=549
2026-10-06 10:30:41+0000 | INFO     | roostoo.api | API_REQUEST_START | method=GET | label=ticker:SUI/USD | path=/v3/ticker
2026-10-06 10:30:41+0000 | INFO     | roostoo.api | API_REQUEST_OK | method=GET | label=ticker:SUI/USD | elapsed_ms=185
2026-10-06 10:30:41+0000 | INFO     | roostoo.api | API_REQUEST_START | method=GET | label=ticker:BTC/USD | path=/v3/ticker
2026-10-06 10:30:41+0000 | INFO     | roostoo.api | API_REQUEST_OK | method=GET | label=ticker:BTC/USD | elapsed_ms=185
2026-10-06 10:30:41+0000 | INFO     | bot | LOOP_COMPLETE | elapsed_ms=1748
2026-10-06 10:31:40+0000 | INFO     | roostoo.api | API_REQUEST_START | method=GET | label=ticker:TRX/USD | path=/v3/ticker
2026-10-06 10:31:40+0000 | INFO     | roostoo.api | API_REQUEST_OK | method=GET | label=ticker:TRX/USD | elapsed_ms=187
2026-10-06 10:31:40+0000 | INFO     | roostoo.api | API_REQUEST_START | method=GET | label=ticker:AVAX/USD | path=/v3/ticker
2026-10-06 10:31:40+0000 | INFO     | roostoo.api | API_REQUEST_OK | method=GET | label=ticker:AVAX/USD | elapsed_ms=172
2026-10-06 10:31:40+0000 | INFO     | roostoo.api | API_REQUEST_START | method=GET | label=ticker:DOT/USD | path=/v3/ticker
2026-10-06 10:31:40+0000 | INFO     | roostoo.api | API_REQUEST_OK | method=GET | label=ticker:DOT/USD | elapsed_ms=185
2026-10-06 10:31:40+0000 | INFO     | roostoo.api | API_REQUEST_START | method=GET | label=ticker:BNB/USD | path=/v3/ticker
2026-10-06 10:31:40+0000 | INFO     | roostoo.api | API_REQUEST_OK | method=GET | label=ticker:BNB/USD | elapsed_ms=187
2026-10-06 10:31:40+0000 | INFO     | roostoo.api | API_REQUEST_START | method=GET | label=ticker:SUI/USD | path=/v3/ticker
2026-10-06 10:31:41+0000 | INFO     | roostoo.api | API_REQUEST_OK | method=GET | label=ticker:SUI/USD | elapsed_ms=172
2026-10-06 10:31:41+0000 | INFO     | roostoo.api | API_REQUEST_START | method=GET | label=ticker:BTC/USD | path=/v3/ticker
2026-10-06 10:31:41+0000 | INFO     | roostoo.api | API_REQUEST_OK | method=GET | label=ticker:BTC/USD | elapsed_ms=185
2026-10-06 10:31:41+0000 | INFO     | bot | LOOP_COMPLETE | elapsed_ms=1144
2026-10-06 10:32:40+0000 | INFO     | roostoo.api | API_REQUEST_START | method=GET | label=ticker:TRX/USD | path=/v3/ticker
2026-10-06 10:32:40+0000 | INFO     | roostoo.api | API_REQUEST_OK | method=GET | label=ticker:TRX/USD | elapsed_ms=175
2026-10-06 10:32:40+0000 | INFO     | roostoo.api | API_REQUEST_START | method=GET | label=ticker:AVAX/USD | path=/v3/ticker
2026-10-06 10:32:40+0000 | INFO     | roostoo.api | API_REQUEST_OK | method=GET | label=ticker:AVAX/USD | elapsed_ms=175
2026-10-06 10:32:40+0000 | INFO     | roostoo.api | API_REQUEST_START | method=GET | label=ticker:DOT/USD | path=/v3/ticker
2026-10-06 10:32:40+0000 | INFO     | roostoo.api | API_REQUEST_OK | method=GET | label=ticker:DOT/USD | elapsed_ms=185
2026-10-06 10:32:40+0000 | INFO     | roostoo.api | API_REQUEST_START | method=GET | label=ticker:BNB/USD | path=/v3/ticker
2026-10-06 10:32:40+0000 | INFO     | roostoo.api | API_REQUEST_OK | method=GET | label=ticker:BNB/USD | elapsed_ms=172
2026-10-06 10:32:40+0000 | INFO     | roostoo.api | API_REQUEST_START | method=GET | label=ticker:SUI/USD | path=/v3/ticker
2026-10-06 10:32:41+0000 | INFO     | roostoo.api | API_REQUEST_OK | method=GET | label=ticker:SUI/USD | elapsed_ms=186
2026-10-06 10:32:41+0000 | INFO     | roostoo.api | API_REQUEST_START | method=GET | label=server_time | path=/v3/serverTime
2026-10-06 10:32:41+0000 | INFO     | roostoo.api | API_REQUEST_OK | method=GET | label=server_time | elapsed_ms=502
2026-10-06 10:32:41+0000 | INFO     | roostoo.api | SERVER_TIME_SYNC | offset_ms=417
2026-10-06 10:32:41+0000 | INFO     | roostoo.api | API_REQUEST_START | method=GET | label=ticker:BTC/USD | path=/v3/ticker
2026-10-06 10:32:41+0000 | INFO     | roostoo.api | API_REQUEST_OK | method=GET | label=ticker:BTC/USD | elapsed_ms=172
2026-10-06 10:32:41+0000 | INFO     | bot | LOOP_COMPLETE | elapsed_ms=1624
2026-10-06 10:33:40+0000 | INFO     | roostoo.api | API_REQUEST_START | method=GET | label=ticker:TRX/USD | path=/v3/ticker
2026-10-06 10:33:40+0000 | INFO     | roostoo.api | API_REQUEST_OK | method=GET | label=ticker:TRX/USD | elapsed_ms=174
2026-10-06 10:33:40+0000 | INFO     | roostoo.api | API_REQUEST_START | method=GET | label=ticker:AVAX/USD | path=/v3/ticker
2026-10-06 10:33:40+0000 | INFO     | roostoo.api | API_REQUEST_OK | method=GET | label=ticker:AVAX/USD | elapsed_ms=171
2026-10-06 10:33:40+0000 | INFO     | roostoo.api | API_REQUEST_START | method=GET | label=ticker:DOT/USD | path=/v3/ticker
2026-10-06 10:33:40+0000 | INFO     | roostoo.api | API_REQUEST_OK | method=GET | label=ticker:DOT/USD | elapsed_ms=187
2026-10-06 10:33:40+0000 | INFO     | roostoo.api | API_REQUEST_START | method=GET | label=ticker:BNB/USD | path=/v3/ticker
2026-10-06 10:33:40+0000 | INFO     | roostoo.api | API_REQUEST_OK | method=GET | label=ticker:BNB/USD | elapsed_ms=186
2026-10-06 10:33:40+0000 | INFO     | roostoo.api | API_REQUEST_START | method=GET | label=ticker:SUI/USD | path=/v3/ticker
2026-10-06 10:33:41+0000 | INFO     | roostoo.api | API_REQUEST_OK | method=GET | label=ticker:SUI/USD | elapsed_ms=540
2026-10-06 10:33:41+0000 | INFO     | roostoo.api | API_REQUEST_START | method=GET | label=ticker:BTC/USD | path=/v3/ticker
2026-10-06 10:33:41+0000 | INFO     | roostoo.api | API_REQUEST_OK | method=GET | label=ticker:BTC/USD | elapsed_ms=485
2026-10-06 10:33:41+0000 | INFO     | bot | LOOP_COMPLETE | elapsed_ms=1794
2026-10-06 10:34:40+0000 | INFO     | roostoo.api | API_REQUEST_START | method=GET | label=ticker:TRX/USD | path=/v3/ticker
2026-10-06 10:34:40+0000 | INFO     | roostoo.api | API_REQUEST_OK | method=GET | label=ticker:TRX/USD | elapsed_ms=309
2026-10-06 10:34:40+0000 | INFO     | roostoo.api | API_REQUEST_START | method=GET | label=ticker:AVAX/USD | path=/v3/ticker
2026-10-06 10:34:40+0000 | INFO     | roostoo.api | API_REQUEST_OK | method=GET | label=ticker:AVAX/USD | elapsed_ms=186
2026-10-06 10:34:40+0000 | INFO     | roostoo.api | API_REQUEST_START | method=GET | label=ticker:DOT/USD | path=/v3/ticker
2026-10-06 10:34:41+0000 | INFO     | roostoo.api | API_REQUEST_OK | method=GET | label=ticker:DOT/USD | elapsed_ms=503
2026-10-06 10:34:41+0000 | INFO     | roostoo.api | API_REQUEST_START | method=GET | label=ticker:BNB/USD | path=/v3/ticker
2026-10-06 10:34:41+0000 | INFO     | roostoo.api | API_REQUEST_OK | method=GET | label=ticker:BNB/USD | elapsed_ms=543
2026-10-06 10:34:41+0000 | INFO     | roostoo.api | API_REQUEST_START | method=GET | label=ticker:SUI/USD | path=/v3/ticker
2026-10-06 10:34:41+0000 | INFO     | roostoo.api | API_REQUEST_OK | method=GET | label=ticker:SUI/USD | elapsed_ms=172
2026-10-06 10:34:41+0000 | INFO     | roostoo.api | API_REQUEST_START | method=GET | label=ticker:BTC/USD | path=/v3/ticker
2026-10-06 10:34:42+0000 | INFO     | roostoo.api | API_REQUEST_OK | method=GET | label=ticker:BTC/USD | elapsed_ms=190
2026-10-06 10:34:42+0000 | INFO     | bot | LOOP_COMPLETE | elapsed_ms=1958
2026-10-06 10:35:40+0000 | INFO     | roostoo.api | API_REQUEST_START | method=GET | label=ticker:TRX/USD | path=/v3/ticker
2026-10-06 10:35:40+0000 | INFO     | roostoo.api | API_REQUEST_OK | method=GET | label=ticker:TRX/USD | elapsed_ms=173
2026-10-06 10:35:40+0000 | INFO     | roostoo.api | API_REQUEST_START | method=GET | label=ticker:AVAX/USD | path=/v3/ticker
2026-10-06 10:35:40+0000 | INFO     | roostoo.api | API_REQUEST_OK | method=GET | label=ticker:AVAX/USD | elapsed_ms=172
2026-10-06 10:35:40+0000 | INFO     | roostoo.api | API_REQUEST_START | method=GET | label=ticker:DOT/USD | path=/v3/ticker
2026-10-06 10:35:40+0000 | INFO     | roostoo.api | API_REQUEST_OK | method=GET | label=ticker:DOT/USD | elapsed_ms=186
2026-10-06 10:35:40+0000 | INFO     | roostoo.api | API_REQUEST_START | method=GET | label=ticker:BNB/USD | path=/v3/ticker
2026-10-06 10:35:40+0000 | INFO     | roostoo.api | API_REQUEST_OK | method=GET | label=ticker:BNB/USD | elapsed_ms=173
2026-10-06 10:35:40+0000 | INFO     | roostoo.api | API_REQUEST_START | method=GET | label=ticker:SUI/USD | path=/v3/ticker
2026-10-06 10:35:41+0000 | INFO     | roostoo.api | API_REQUEST_OK | method=GET | label=ticker:SUI/USD | elapsed_ms=185
2026-10-06 10:35:41+0000 | INFO     | roostoo.api | API_REQUEST_START | method=GET | label=ticker:BTC/USD | path=/v3/ticker
2026-10-06 10:35:41+0000 | INFO     | roostoo.api | API_REQUEST_OK | method=GET | label=ticker:BTC/USD | elapsed_ms=541
2026-10-06 10:35:41+0000 | INFO     | bot | LOOP_COMPLETE | elapsed_ms=1482
2026-10-06 10:36:40+0000 | INFO     | roostoo.api | API_REQUEST_START | method=GET | label=ticker:TRX/USD | path=/v3/ticker
2026-10-06 10:36:40+0000 | INFO     | roostoo.api | API_REQUEST_OK | method=GET | label=ticker:TRX/USD | elapsed_ms=188
2026-10-06 10:36:40+0000 | INFO     | roostoo.api | API_REQUEST_START | method=GET | label=ticker:AVAX/USD | path=/v3/ticker
2026-10-06 10:36:40+0000 | INFO     | roostoo.api | API_REQUEST_OK | method=GET | label=ticker:AVAX/USD | elapsed_ms=186
2026-10-06 10:36:40+0000 | INFO     | roostoo.api | API_REQUEST_START | method=GET | label=ticker:DOT/USD | path=/v3/ticker
2026-10-06 10:36:41+0000 | INFO     | roostoo.api | API_REQUEST_OK | method=GET | label=ticker:DOT/USD | elapsed_ms=501
2026-10-06 10:36:41+0000 | INFO     | roostoo.api | API_REQUEST_START | method=GET | label=ticker:BNB/USD | path=/v3/ticker
2026-10-06 10:36:41+0000 | INFO     | roostoo.api | API_REQUEST_OK | method=GET | label=ticker:BNB/USD | elapsed_ms=174
2026-10-06 10:36:41+0000 | INFO     | roostoo.api | API_REQUEST_START | method=GET | label=ticker:SUI/USD | path=/v3/ticker
2026-10-06 10:36:41+0000 | INFO     | roostoo.api | API_REQUEST_OK | method=GET | label=ticker:SUI/USD | elapsed_ms=198
2026-10-06 10:36:41+0000 | INFO     | roostoo.api | API_REQUEST_START | method=GET | label=ticker:BTC/USD | path=/v3/ticker
2026-10-06 10:36:41+0000 | INFO     | roostoo.api | API_REQUEST_OK | method=GET | label=ticker:BTC/USD | elapsed_ms=580
2026-10-06 10:36:41+0000 | INFO     | bot | LOOP_COMPLETE | elapsed_ms=1879
2026-10-06 10:37:40+0000 | INFO     | roostoo.api | API_REQUEST_START | method=GET | label=ticker:TRX/USD | path=/v3/ticker
2026-10-06 10:37:40+0000 | INFO     | roostoo.api | API_REQUEST_OK | method=GET | label=ticker:TRX/USD | elapsed_ms=175
2026-10-06 10:37:40+0000 | INFO     | roostoo.api | API_REQUEST_START | method=GET | label=ticker:AVAX/USD | path=/v3/ticker
2026-10-06 10:37:40+0000 | INFO     | roostoo.api | API_REQUEST_OK | method=GET | label=ticker:AVAX/USD | elapsed_ms=174
2026-10-06 10:37:40+0000 | INFO     | roostoo.api | API_REQUEST_START | method=GET | label=ticker:DOT/USD | path=/v3/ticker
2026-10-06 10:37:41+0000 | INFO     | roostoo.api | API_REQUEST_OK | method=GET | label=ticker:DOT/USD | elapsed_ms=543
2026-10-06 10:37:41+0000 | INFO     | roostoo.api | API_REQUEST_START | method=GET | label=ticker:BNB/USD | path=/v3/ticker
2026-10-06 10:37:41+0000 | INFO     | roostoo.api | API_REQUEST_OK | method=GET | label=ticker:BNB/USD | elapsed_ms=172
2026-10-06 10:37:41+0000 | INFO     | roostoo.api | API_REQUEST_START | method=GET | label=ticker:SUI/USD | path=/v3/ticker
2026-10-06 10:37:41+0000 | INFO     | roostoo.api | API_REQUEST_OK | method=GET | label=ticker:SUI/USD | elapsed_ms=185
2026-10-06 10:37:41+0000 | INFO     | roostoo.api | API_REQUEST_START | method=GET | label=ticker:BTC/USD | path=/v3/ticker
2026-10-06 10:37:41+0000 | INFO     | roostoo.api | API_REQUEST_OK | method=GET | label=ticker:BTC/USD | elapsed_ms=185
2026-10-06 10:37:41+0000 | INFO     | bot | LOOP_COMPLETE | elapsed_ms=1492
